{
  "train": {
    "RMSE": 27587.884294298266,
    "MAE": 17882.648265318563,
    "MAPE_pct": 6.835356602565811,
    "R2": 0.9489963753990583,
    "residual_skew": 0.6406885029606344,
    "residual_kurtosis": 17.97381920390757
  },
  "test": {
    "RMSE": 36184.301531615354,
    "MAE": 20770.944986800492,
    "MAPE_pct": 7.605505480775918,
    "R2": 0.9129136559332939,
    "residual_skew": -1.5981333073389818,
    "residual_kurtosis": 37.259374881760515
  },
  "log_target": true
}