{
  "train": {
    "RMSE": 22738.92486319898,
    "MAE": 15417.427464824306,
    "MAPE_pct": 5.8066712828096145,
    "R2": 0.9653499311333574,
    "residual_skew": 0.8955065982630004,
    "residual_kurtosis": 9.625678916879771
  },
  "test": {
    "RMSE": 32101.48633682458,
    "MAE": 19373.68113513974,
    "MAPE_pct": 7.342388583122007,
    "R2": 0.9314574979350783,
    "residual_skew": -1.219896130596148,
    "residual_kurtosis": 25.787683020226353
  },
  "log_target": true
}