{
  "train": {
    "RMSE": 29969.84107191137,
    "MAE": 19090.555414497914,
    "MAPE_pct": 7.302206496325763,
    "R2": 0.939808782400509,
    "residual_skew": 0.15189445238501512,
    "residual_kurtosis": 22.603288662610037
  },
  "test": {
    "RMSE": 39051.89482689494,
    "MAE": 21580.87988270235,
    "MAPE_pct": 7.915478876160028,
    "R2": 0.8985635846340746,
    "residual_skew": -3.051959109335145,
    "residual_kurtosis": 59.692014450921356
  },
  "log_target": true
}