{
  "train": {
    "RMSE": 41586.63490886263,
    "MAE": 24636.306857352105,
    "MAPE_pct": 9.284957155205307,
    "R2": 0.884103103031107,
    "residual_skew": 2.189147765342972,
    "residual_kurtosis": 28.877348081461157
  },
  "test": {
    "RMSE": 44218.00913027726,
    "MAE": 24889.533832257814,
    "MAPE_pct": 8.925268586107071,
    "R2": 0.8699506932618477,
    "residual_skew": 0.7981473704041218,
    "residual_kurtosis": 23.437317930336327
  },
  "log_target": true
}