{
  "train": {
    "RMSE": 40192.250667048655,
    "MAE": 23667.097933686997,
    "MAPE_pct": 8.94018287259291,
    "R2": 0.8917447664132544,
    "residual_skew": 2.1964903088088907,
    "residual_kurtosis": 31.83877794509084
  },
  "test": {
    "RMSE": 42630.10313923973,
    "MAE": 24096.86449123598,
    "MAPE_pct": 8.596054658494213,
    "R2": 0.8791233436675518,
    "residual_skew": 0.5773130925719957,
    "residual_kurtosis": 25.131816088717898
  },
  "log_target": true
}