{
  "train": {
    "RMSE": 32795.08014749722,
    "MAE": 20234.994411701453,
    "MAPE_pct": 7.635715091913007,
    "R2": 0.9279254993661712,
    "residual_skew": 1.0862530184652672,
    "residual_kurtosis": 25.747120491383647
  },
  "test": {
    "RMSE": 39699.61743904213,
    "MAE": 21887.94402868029,
    "MAPE_pct": 7.950139650808849,
    "R2": 0.8951707895334651,
    "residual_skew": -1.148397557321759,
    "residual_kurtosis": 41.54268951235379
  },
  "log_target": true
}