{
  "train": {
    "RMSE": 23651.472488637784,
    "MAE": 16294.636594291222,
    "MAPE_pct": 6.189941337171789,
    "R2": 0.9625130059623849,
    "residual_skew": 0.8003810922303658,
    "residual_kurtosis": 9.042629125601355
  },
  "test": {
    "RMSE": 33303.05801681487,
    "MAE": 20324.708049170764,
    "MAPE_pct": 7.629915254404097,
    "R2": 0.9262303200510242,
    "residual_skew": -0.5167877584140893,
    "residual_kurtosis": 16.90642358086265
  },
  "log_target": true
}