{
  "train": {
    "RMSE": 35050.56383093992,
    "MAE": 21382.72419554493,
    "MAPE_pct": 8.03844188335327,
    "R2": 0.9176707297579589,
    "residual_skew": 1.7932104188611075,
    "residual_kurtosis": 25.58173310438357
  },
  "test": {
    "RMSE": 40774.42302950727,
    "MAE": 23591.477121870998,
    "MAPE_pct": 8.548815102020603,
    "R2": 0.8894177760069658,
    "residual_skew": 0.14170194011297302,
    "residual_kurtosis": 24.14399300474806
  },
  "log_target": true
}