{
  "train": {
    "RMSE": 35196.753329809435,
    "MAE": 22017.045400023966,
    "MAPE_pct": 8.256421145204996,
    "R2": 0.9169825368879355,
    "residual_skew": 1.34369848903753,
    "residual_kurtosis": 19.71943347016662
  },
  "test": {
    "RMSE": 43291.19672920499,
    "MAE": 23869.116477992266,
    "MAPE_pct": 8.592583059436517,
    "R2": 0.8753452436026447,
    "residual_skew": -0.9853769019656687,
    "residual_kurtosis": 37.727597553058665
  },
  "log_target": true
}