{
  "train": {
    "RMSE": 38186.6393038641,
    "MAE": 22796.13424038749,
    "MAPE_pct": 8.608788022196427,
    "R2": 0.9022791745171718,
    "residual_skew": 1.583103096929272,
    "residual_kurtosis": 31.591669384300715
  },
  "test": {
    "RMSE": 41502.57678285746,
    "MAE": 23477.12873906447,
    "MAPE_pct": 8.463684092268258,
    "R2": 0.8854329330468291,
    "residual_skew": -0.46119890921871143,
    "residual_kurtosis": 31.552892893738274
  },
  "log_target": true
}