{
  "train": {
    "RMSE": 21099.296508816093,
    "MAE": 13939.60410597922,
    "MAPE_pct": 5.201987052216435,
    "R2": 0.9701667752772793,
    "residual_skew": 1.4744718559460477,
    "residual_kurtosis": 12.659826679923384
  },
  "test": {
    "RMSE": 36926.909241056164,
    "MAE": 20895.67956239383,
    "MAPE_pct": 7.612483492752499,
    "R2": 0.9093024429667954,
    "residual_skew": -0.9412841405994528,
    "residual_kurtosis": 30.712013373164872
  },
  "log_target": true
}