{
  "train": {
    "RMSE": 50599.90607046553,
    "MAE": 29340.630907483417,
    "MAPE_pct": 11.071874663933153,
    "R2": 0.8284211825918522,
    "residual_skew": 3.3589016301947416,
    "residual_kurtosis": 28.87860192214412
  },
  "test": {
    "RMSE": 50907.8673956396,
    "MAE": 29206.95009669379,
    "MAPE_pct": 10.368651591589236,
    "R2": 0.8276229358408964,
    "residual_skew": 2.417254864846889,
    "residual_kurtosis": 15.124267798983459
  },
  "log_target": true
}