{
  "train": {
    "RMSE": 22746.511826162798,
    "MAE": 15629.822086016648,
    "MAPE_pct": 5.912404215449924,
    "R2": 0.9653268049171544,
    "residual_skew": 0.9281405845211731,
    "residual_kurtosis": 9.255841435779907
  },
  "test": {
    "RMSE": 33064.29296170196,
    "MAE": 20171.798111863558,
    "MAPE_pct": 7.561918413843472,
    "R2": 0.9272843062394326,
    "residual_skew": 0.019878850774794225,
    "residual_kurtosis": 16.091539109707924
  },
  "log_target": true
}