{
  "train": {
    "RMSE": 25447.417399359227,
    "MAE": 16965.959049129408,
    "MAPE_pct": 6.43002982145449,
    "R2": 0.9566038026486879,
    "residual_skew": 0.9851402570085931,
    "residual_kurtosis": 12.043487622746348
  },
  "test": {
    "RMSE": 33535.28989721825,
    "MAE": 20119.40850280933,
    "MAPE_pct": 7.531795507000592,
    "R2": 0.925197898131145,
    "residual_skew": -1.0682694472699343,
    "residual_kurtosis": 25.615653348246582
  },
  "log_target": true
}