{
  "train": {
    "RMSE": 14592.23673434316,
    "MAE": 9951.547656300596,
    "MAPE_pct": 3.735174186664373,
    "R2": 0.9857305254137732,
    "residual_skew": 0.947457564944123,
    "residual_kurtosis": 9.351727007128158
  },
  "test": {
    "RMSE": 31754.5127186239,
    "MAE": 19838.069527808417,
    "MAPE_pct": 7.515703443833935,
    "R2": 0.9329311936824083,
    "residual_skew": 0.20221124344977123,
    "residual_kurtosis": 12.091281602778329
  },
  "log_target": true
}