{
  "train": {
    "RMSE": 12921.811238435777,
    "MAE": 8906.284900615212,
    "MAPE_pct": 3.3216531103282536,
    "R2": 0.9888104908944857,
    "residual_skew": 0.9798845737001601,
    "residual_kurtosis": 9.044888644082945
  },
  "test": {
    "RMSE": 31252.128238271027,
    "MAE": 19143.820079737463,
    "MAPE_pct": 7.219370694498699,
    "R2": 0.9350365820203506,
    "residual_skew": 0.07482882288710895,
    "residual_kurtosis": 12.990504166221926
  },
  "log_target": true
}