{
  "train": {
    "RMSE": 33474.9732511681,
    "MAE": 20504.531248339994,
    "MAPE_pct": 7.725200949732559,
    "R2": 0.9249060885570843,
    "residual_skew": 0.8922934970149765,
    "residual_kurtosis": 27.64258811981155
  },
  "test": {
    "RMSE": 41488.76349950843,
    "MAE": 22665.60087331061,
    "MAPE_pct": 8.168842908375435,
    "R2": 0.88550918296294,
    "residual_skew": -1.5187555156614796,
    "residual_kurtosis": 44.28086212768983
  },
  "log_target": true
}