{
  "train": {
    "RMSE": 29092.416815097185,
    "MAE": 18317.32409731561,
    "MAPE_pct": 6.918367002414927,
    "R2": 0.943281615650608,
    "residual_skew": 1.093943784377135,
    "residual_kurtosis": 20.949731275142284
  },
  "test": {
    "RMSE": 37053.55185484486,
    "MAE": 20932.910513483406,
    "MAPE_pct": 7.665751511250095,
    "R2": 0.9086792729198145,
    "residual_skew": -1.2037953711380631,
    "residual_kurtosis": 37.38205231585088
  },
  "log_target": true
}