{
  "train": {
    "RMSE": 25206.703763075548,
    "MAE": 16539.605623570475,
    "MAPE_pct": 6.245048623330506,
    "R2": 0.9574209111466463,
    "residual_skew": 1.2613597139019188,
    "residual_kurtosis": 12.361610351370896
  },
  "test": {
    "RMSE": 36086.38326830687,
    "MAE": 20320.327259278703,
    "MAPE_pct": 7.503643114752097,
    "R2": 0.9133843465529863,
    "residual_skew": -1.326241122089535,
    "residual_kurtosis": 37.34147356669275
  },
  "log_target": true
}