{
  "train": {
    "RMSE": 9269.11003440223,
    "MAE": 6469.19008860643,
    "MAPE_pct": 2.4766335898854135,
    "R2": 0.9938503118249165,
    "residual_skew": 0.8062087730574685,
    "residual_kurtosis": 11.701837805183262
  },
  "test": {
    "RMSE": 35234.000073497074,
    "MAE": 20839.13616712601,
    "MAPE_pct": 7.084459366349323,
    "R2": 0.9329819568659778,
    "residual_skew": 1.25792609881576,
    "residual_kurtosis": 15.566182791943504
  },
  "log_target": true
}