{
  "train": {
    "RMSE": 48214.71557534761,
    "MAE": 28183.52872064587,
    "MAPE_pct": 10.608831718817326,
    "R2": 0.844215778924785,
    "residual_skew": 3.1625636605702594,
    "residual_kurtosis": 28.55441481060037
  },
  "test": {
    "RMSE": 48780.79185413762,
    "MAE": 28526.952924095633,
    "MAPE_pct": 10.227190732806731,
    "R2": 0.8417268072684564,
    "residual_skew": 2.0341741851317074,
    "residual_kurtosis": 14.959609480772707
  },
  "log_target": true
}