{
  "train": {
    "RMSE": 31306.339083418625,
    "MAE": 19054.944030134997,
    "MAPE_pct": 7.139773746780949,
    "R2": 0.9343206541699751,
    "residual_skew": 1.2289028871356291,
    "residual_kurtosis": 28.990782701542393
  },
  "test": {
    "RMSE": 39247.04555842574,
    "MAE": 21650.1604061971,
    "MAPE_pct": 7.8710619622964595,
    "R2": 0.8975472523067264,
    "residual_skew": -1.2425692027139088,
    "residual_kurtosis": 39.44923495055575
  },
  "log_target": true
}