{
  "train": {
    "RMSE": 49034.08268222808,
    "MAE": 28706.232917364847,
    "MAPE_pct": 10.81877024036942,
    "R2": 0.838875954007718,
    "residual_skew": 3.235280582317996,
    "residual_kurtosis": 29.064210997108326
  },
  "test": {
    "RMSE": 49083.4232904162,
    "MAE": 28729.28105297796,
    "MAPE_pct": 10.305098023111073,
    "R2": 0.8397568916303518,
    "residual_skew": 2.161567048786718,
    "residual_kurtosis": 15.108412846872286
  },
  "log_target": true
}