{
  "train": {
    "RMSE": 37251.05773332391,
    "MAE": 22317.78806093484,
    "MAPE_pct": 8.368858598153645,
    "R2": 0.9070088825130236,
    "residual_skew": 1.8397674465654612,
    "residual_kurtosis": 28.35112947975403
  },
  "test": {
    "RMSE": 41906.14433916595,
    "MAE": 23815.23996947572,
    "MAPE_pct": 8.617509883032314,
    "R2": 0.8831940192180711,
    "residual_skew": 0.21283279468585925,
    "residual_kurtosis": 26.58173683650095
  },
  "log_target": true
}