{
  "train": {
    "RMSE": 25033.740900191842,
    "MAE": 16888.33803630766,
    "MAPE_pct": 6.441207997901365,
    "R2": 0.9580032430563402,
    "residual_skew": 0.8036007101028125,
    "residual_kurtosis": 9.933476425403857
  },
  "test": {
    "RMSE": 35646.109189612114,
    "MAE": 20601.99812733505,
    "MAPE_pct": 7.672454170113986,
    "R2": 0.91548497242289,
    "residual_skew": -1.933441316129475,
    "residual_kurtosis": 40.02556639864561
  },
  "log_target": true
}