{
  "train": {
    "RMSE": 27727.575130061738,
    "MAE": 16521.47086458875,
    "MAPE_pct": 6.0827877877432375,
    "R2": 0.9484785555564534,
    "residual_skew": 2.6317379448148377,
    "residual_kurtosis": 31.85871203527099
  },
  "test": {
    "RMSE": 35369.12901013357,
    "MAE": 20468.319999331223,
    "MAPE_pct": 7.493135618688542,
    "R2": 0.9167932801662184,
    "residual_skew": 0.9801809597171469,
    "residual_kurtosis": 18.9495020041253
  },
  "log_target": true
}