{
  "train": {
    "RMSE": 38501.91878666448,
    "MAE": 22367.219665459907,
    "MAPE_pct": 8.405896146391619,
    "R2": 0.9006588928041246,
    "residual_skew": 2.2053930951392404,
    "residual_kurtosis": 34.073468292440005
  },
  "test": {
    "RMSE": 42103.754393581934,
    "MAE": 23556.231491434704,
    "MAPE_pct": 8.42251962304136,
    "R2": 0.8820898155885895,
    "residual_skew": 0.35468469767348143,
    "residual_kurtosis": 27.978363155278295
  },
  "log_target": true
}