{
  "train": {
    "RMSE": 24968.165998194294,
    "MAE": 16561.48950262977,
    "MAPE_pct": 6.306704577696598,
    "R2": 0.9582229726062909,
    "residual_skew": 1.0121317133584211,
    "residual_kurtosis": 11.811552958816403
  },
  "test": {
    "RMSE": 33986.714680428995,
    "MAE": 19953.09764138771,
    "MAPE_pct": 7.419215297787845,
    "R2": 0.9231704936757418,
    "residual_skew": -0.839179897411921,
    "residual_kurtosis": 26.809313005970985
  },
  "log_target": true
}