{
  "train": {
    "RMSE": 40522.38369751416,
    "MAE": 23732.488116344935,
    "MAPE_pct": 8.974822279168263,
    "R2": 0.8899590786968744,
    "residual_skew": 2.384680596376168,
    "residual_kurtosis": 32.42847831111361
  },
  "test": {
    "RMSE": 42373.74184850714,
    "MAE": 24111.205572449267,
    "MAPE_pct": 8.674152389393907,
    "R2": 0.8805727851667637,
    "residual_skew": 0.6371771213167677,
    "residual_kurtosis": 24.781332950928196
  },
  "log_target": true
}