{
  "train": {
    "RMSE": 22264.48649241124,
    "MAE": 14473.763115702188,
    "MAPE_pct": 5.408605203463297,
    "R2": 0.966780765919968,
    "residual_skew": 1.4902980877429888,
    "residual_kurtosis": 15.132730481056285
  },
  "test": {
    "RMSE": 34013.286695219824,
    "MAE": 19878.58193142116,
    "MAPE_pct": 7.412963100401791,
    "R2": 0.9230503106653021,
    "residual_skew": -0.33647589660476895,
    "residual_kurtosis": 23.678936518737707
  },
  "log_target": true
}