{
  "train": {
    "RMSE": 22558.319326612404,
    "MAE": 15108.647163230333,
    "MAPE_pct": 5.685281642505361,
    "R2": 0.9658981665520862,
    "residual_skew": 1.0646323723652007,
    "residual_kurtosis": 11.365923722263599
  },
  "test": {
    "RMSE": 32613.308953131556,
    "MAE": 20093.08982138143,
    "MAPE_pct": 7.5913624934363,
    "R2": 0.929254405467737,
    "residual_skew": -0.832112972757406,
    "residual_kurtosis": 20.31798812990408
  },
  "log_target": true
}