{
  "train": {
    "RMSE": 36780.48780061659,
    "MAE": 21564.926056755983,
    "MAPE_pct": 8.092068684502864,
    "R2": 0.9093434435834364,
    "residual_skew": 1.8200919852742579,
    "residual_kurtosis": 34.95424192207663
  },
  "test": {
    "RMSE": 41776.28688707135,
    "MAE": 23264.597377551174,
    "MAPE_pct": 8.403279867492406,
    "R2": 0.8839168070590061,
    "residual_skew": -0.13237239912745782,
    "residual_kurtosis": 29.177638345913223
  },
  "log_target": true
}