{
  "train": {
    "RMSE": 23804.22523413197,
    "MAE": 16031.705577901523,
    "MAPE_pct": 6.1034000877298,
    "R2": 0.9620272237184367,
    "residual_skew": 0.935056370241204,
    "residual_kurtosis": 10.927554742711749
  },
  "test": {
    "RMSE": 33245.38268471491,
    "MAE": 19720.262086855404,
    "MAPE_pct": 7.36156910532874,
    "R2": 0.9264856123176407,
    "residual_skew": -0.5927947660038283,
    "residual_kurtosis": 23.015210974508108
  },
  "log_target": true
}