{
  "train": {
    "RMSE": 34003.45846185309,
    "MAE": 20653.531438007783,
    "MAPE_pct": 7.79460806542699,
    "R2": 0.9225162857457697,
    "residual_skew": 0.6928351092538352,
    "residual_kurtosis": 30.309016567120942
  },
  "test": {
    "RMSE": 41813.11441145243,
    "MAE": 22731.43166803706,
    "MAPE_pct": 8.229071999234815,
    "R2": 0.8837120525795369,
    "residual_skew": -1.779181631414725,
    "residual_kurtosis": 48.73380008304192
  },
  "log_target": true
}