{
  "train": {
    "RMSE": 22486.532044487656,
    "MAE": 15331.668785480955,
    "MAPE_pct": 5.759724890927372,
    "R2": 0.9661148655576471,
    "residual_skew": 0.9124627662784421,
    "residual_kurtosis": 9.418737185164243
  },
  "test": {
    "RMSE": 33383.18545992796,
    "MAE": 20076.693826473318,
    "MAPE_pct": 7.5363542992927695,
    "R2": 0.9258749120425549,
    "residual_skew": -1.036192491009641,
    "residual_kurtosis": 23.642863439935454
  },
  "log_target": true
}