{
  "train": {
    "RMSE": 24392.572370163416,
    "MAE": 16488.722100543688,
    "MAPE_pct": 6.2678236981031175,
    "R2": 0.9601269503783544,
    "residual_skew": 0.8774349373490853,
    "residual_kurtosis": 10.336533729931531
  },
  "test": {
    "RMSE": 34666.94285676167,
    "MAE": 20136.0733161696,
    "MAPE_pct": 7.510699171708659,
    "R2": 0.9200643040281147,
    "residual_skew": -0.9576268846927062,
    "residual_kurtosis": 30.190927718370503
  },
  "log_target": true
}