{
  "train": {
    "RMSE": 21885.306053280663,
    "MAE": 15096.678429107335,
    "MAPE_pct": 5.715370333263373,
    "R2": 0.9679026263792079,
    "residual_skew": 0.8148131502475735,
    "residual_kurtosis": 9.03720020917482
  },
  "test": {
    "RMSE": 33220.97887229313,
    "MAE": 20007.334757920904,
    "MAPE_pct": 7.598773690242807,
    "R2": 0.9265934993519939,
    "residual_skew": -0.7398228853287944,
    "residual_kurtosis": 19.971550916633056
  },
  "log_target": true
}