{
  "train": {
    "RMSE": 26818.243952637527,
    "MAE": 17777.7629895384,
    "MAPE_pct": 6.773941835428378,
    "R2": 0.9518024543981384,
    "residual_skew": 0.8483250788674787,
    "residual_kurtosis": 12.887874753793604
  },
  "test": {
    "RMSE": 35645.07245631118,
    "MAE": 20708.740572066436,
    "MAPE_pct": 7.717398922434798,
    "R2": 0.9154898884303503,
    "residual_skew": -1.0468290709690298,
    "residual_kurtosis": 33.69803486928577
  },
  "log_target": true
}