{
  "train": {
    "RMSE": 22614.81521015521,
    "MAE": 14658.040550173748,
    "MAPE_pct": 5.510866828397404,
    "R2": 0.9657271408897938,
    "residual_skew": 1.343491919348821,
    "residual_kurtosis": 16.3759111857167
  },
  "test": {
    "RMSE": 35096.93024790367,
    "MAE": 20124.26185912886,
    "MAPE_pct": 7.4428856086486,
    "R2": 0.9180690602029397,
    "residual_skew": -0.5456202756453136,
    "residual_kurtosis": 31.654900387145382
  },
  "log_target": true
}