{
  "train": {
    "RMSE": 26253.628955531123,
    "MAE": 17020.17508423632,
    "MAPE_pct": 6.50420576390275,
    "R2": 0.9538105346842229,
    "residual_skew": 0.5230497494590506,
    "residual_kurtosis": 16.13409355960758
  },
  "test": {
    "RMSE": 35904.99676577804,
    "MAE": 20476.61082796111,
    "MAPE_pct": 7.585715358685525,
    "R2": 0.9142528971778313,
    "residual_skew": -1.4467099705915185,
    "residual_kurtosis": 37.5572526413774
  },
  "log_target": true
}