{
  "train": {
    "RMSE": 23126.123908183046,
    "MAE": 15589.260161087484,
    "MAPE_pct": 5.934012315069138,
    "R2": 0.964159839543911,
    "residual_skew": 0.8582941968406751,
    "residual_kurtosis": 10.907166973735915
  },
  "test": {
    "RMSE": 33610.56642665885,
    "MAE": 19989.79466604187,
    "MAPE_pct": 7.444484676114705,
    "R2": 0.9248617052784429,
    "residual_skew": -0.9384890869044525,
    "residual_kurtosis": 26.29419299665127
  },
  "log_target": true
}