{
  "train": {
    "RMSE": 41621.851988691335,
    "MAE": 24188.983624759225,
    "MAPE_pct": 9.151064585802898,
    "R2": 0.8839067284754716,
    "residual_skew": 2.6350961290380086,
    "residual_kurtosis": 32.995770455179205
  },
  "test": {
    "RMSE": 42998.272358474955,
    "MAE": 24525.26216006218,
    "MAPE_pct": 8.846819357005236,
    "R2": 0.8770264575099521,
    "residual_skew": 1.046127929138466,
    "residual_kurtosis": 21.29621297892755
  },
  "log_target": true
}