{
  "train": {
    "RMSE": 26885.688390509673,
    "MAE": 17686.89305294795,
    "MAPE_pct": 6.779097384017908,
    "R2": 0.951559728299648,
    "residual_skew": 0.9832931994837507,
    "residual_kurtosis": 13.365716213218825
  },
  "test": {
    "RMSE": 35653.93522978643,
    "MAE": 20900.758021138558,
    "MAPE_pct": 7.7238291379459145,
    "R2": 0.9154478580997414,
    "residual_skew": -1.1689405900951606,
    "residual_kurtosis": 30.439483892493975
  },
  "log_target": true
}