{
  "train": {
    "RMSE": 24226.41304194075,
    "MAE": 15564.326004642455,
    "MAPE_pct": 5.871289455536287,
    "R2": 0.9606683212291841,
    "residual_skew": 1.1636915366228346,
    "residual_kurtosis": 17.941913294305646
  },
  "test": {
    "RMSE": 33764.75715488694,
    "MAE": 20057.604842012966,
    "MAPE_pct": 7.461402921066762,
    "R2": 0.9241707199997521,
    "residual_skew": -0.6358897291047204,
    "residual_kurtosis": 24.47571604237863
  },
  "log_target": true
}