{
  "train": {
    "RMSE": 15271.092518082227,
    "MAE": 10452.599590247357,
    "MAPE_pct": 3.9309806703966985,
    "R2": 0.9843719617527776,
    "residual_skew": 0.8535997546165421,
    "residual_kurtosis": 9.71335932708562
  },
  "test": {
    "RMSE": 32635.98984575584,
    "MAE": 20259.540708790402,
    "MAPE_pct": 7.5911163142676745,
    "R2": 0.9291559713477924,
    "residual_skew": 0.37988261374747223,
    "residual_kurtosis": 12.415580126083162
  },
  "log_target": true
}