neighborhood,bench_gr_liv_area,base_gr_liv_area,bench_bsmt,base_bsmt,bench_garage_area,base_garage_area,bench_beds,base_beds,bench_fullbath,base_fullbath,bench_overall,base_overall
SawyerW,1324.25,1604.064,1275.000000352251,984.984,450.0,0.0,2.0,3.032,1.0,1.776,9.0,6.336
Veenker,1488.0,1819.5416666666667,1475.0,1432.5833333333333,460.0,0.0,2.0,2.3333333333333335,1.0,1.625,9.0,7.208333333333333
MeadowV,689.0,1066.7027027027027,553.25,610.972972972973,450.0,0.0,2.0,2.5675675675675675,1.0,1.1081081081081081,9.0,4.378378378378378
Blueste,1371.0,1159.7,1235.25,712.4,452.0,0.0,2.0,1.9,1.0,1.2,9.0,6.6
Blmngtn,1488.0,1404.892857142857,1475.0,1307.1785714285713,450.0,0.0,2.0,1.8928571428571428,1.0,1.9285714285714286,9.0,7.142857142857143
NoRidge,1740.0,2425.1159420289855,1475.0,1405.6521739130435,450.0,0.0,4.666666666666667,3.550724637681159,2.6666666666666665,2.0434782608695654,9.0,7.869565217391305
