scenario,rows,profile,bldg,budget_min,budget_max,avg_roi_pct,max_roi_pct,best_budget,avg_slack,avg_gr_liv,avg_beds,avg_fullbath,avg_overall
high_density_mix,12,balanced,Duplex,600000.0,700000.0,0.9543526086981601,5.877020316940382,600000.0,50973.110000000386,1488.0,4.0,2.0,9.0
townhouse_mid,2,balanced,TwnhsE,550000.0,650000.0,1.1818658812595868,5.064430244574116,650000.0,24175.110000000626,1405.0,3.0,2.0,9.0
moveup_1fam,3,balanced,1Fam,500000.0,700000.0,-2.1835092081219196,3.2646277784558158,700000.0,25195.54666666704,1432.6666666666667,3.6666666666666665,2.0,8.666666666666666
garage_focus,6,balanced,1Fam,550000.0,750000.0,0.2762976052450506,3.25223722475884,650000.0,44243.77666666741,1487.6666666666667,4.166666666666667,2.5,9.0
compact_duplex_highqual,2,balanced,Duplex,500000.0,600000.0,1.5625619251783227,1.6008390870214475,500000.0,10826.485000002256,1329.5,3.0,2.0,9.0
min_baths_vs_beds,2,balanced,1Fam,500000.0,650000.0,-11.123969621497636,-1.5079446904507414,650000.0,4658.610000000248,1376.0,5.0,3.0,9.0
premium_duplex,3,balanced,Duplex,650000.0,850000.0,-11.983446726202834,-3.4909812254030164,850000.0,39739.053333334006,1958.3333333333333,5.0,3.0,9.0
starter_1fam,1,balanced,1Fam,450000.0,450000.0,-21.56917900328614,-21.56917900328614,450000.0,43.75,1208.0,2.0,1.0,8.0
premium_1fam,1,balanced,1Fam,1000000.0,1000000.0,-37.63694208577056,-37.63694208577056,1000000.0,94.4400000013411,3200.0,7.0,3.0,9.0
