bldg,rows,avg_roi_pct,avg_slack,avg_gr_liv,avg_cost
1Fam,14,-6.186855768861009,34141.13000000053,1549.2857142857142,605144.5842857137
Duplex,12,-2.1737786799133114,35098.65833333425,1594.3333333333333,623234.674999999
TwnhsE,6,1.2242115561186109,42040.44333333357,1460.3333333333333,591292.8899999998
