{
  "y_price": {
    "count": 723,
    "mean": 507296.1512687674,
    "std": 118481.35780227228,
    "min": 297725.98061472166,
    "p25": 398049.4173613671,
    "median": 476906.1046195128,
    "p75": 621866.8789882867,
    "max": 721153.9779623309
  },
  "reg_price": {
    "count": 723,
    "mean": 468394.29959811445,
    "std": 96519.4722534884,
    "min": 253624.1488949898,
    "p25": 392985.459491995,
    "median": 450560.83560283406,
    "p75": 553279.6912133944,
    "max": 666939.5485808871
  },
  "delta_abs": {
    "count": 723,
    "mean": 38901.85167065422,
    "std": 40810.57374157091,
    "min": -70289.45777176361,
    "p25": 13344.396225249337,
    "median": 40713.90013493248,
    "p75": 63673.09522212506,
    "max": 125235.05039225257
  },
  "delta_pct": {
    "count": 723,
    "mean": 8.020116794868539,
    "std": 8.931602575295763,
    "min": -17.589054447324603,
    "p25": 2.969843480964518,
    "median": 8.481700756197995,
    "p75": 14.32850233557874,
    "max": 33.2328907604602
  },
  "slack": {
    "count": 723,
    "mean": 250537.82334059547,
    "std": 219108.63207709888,
    "min": 33.910000000090804,
    "p25": 16861.11000000022,
    "median": 211549.11,
    "p75": 411549.1100000002,
    "max": 732217.1100000001
  },
  "cost": {
    "count": 723,
    "mean": 475603.25549757504,
    "std": 134035.87138626818,
    "min": 253083.45,
    "p25": 359663.88999999803,
    "median": 425174.8899999999,
    "p75": 591546.889999998,
    "max": 744071.8899999991
  },
  "runtime": {
    "count": 723,
    "mean": 8.806691564794727,
    "std": 6.733899251577009,
    "min": 2.0310001373291016,
    "p25": 3.996500015258789,
    "median": 6.4700000286102295,
    "p75": 11.601999998092651,
    "max": 36.992999792099
  },
  "obj": {
    "count": 723,
    "mean": 31692.895771188112,
    "std": 38972.09956091556,
    "min": -80494.45715717354,
    "p25": 7722.826059120009,
    "median": 34608.7228101464,
    "p75": 51967.91033703089,
    "max": 110689.45466778812
  },
  "roi": {
    "count": 723,
    "mean": 0.0864231840128804,
    "std": 0.1119124342023367,
    "min": -0.17660272674735553,
    "p25": 0.013123994186022902,
    "median": 0.06635336131478041,
    "p75": 0.13786625051111093,
    "max": 0.38318276418444497
  },
  "value_improve_pct": {
    "count": 723,
    "mean": -6.149958534540068,
    "std": 5.26969664557889,
    "min": -24.65915108017665,
    "p25": -10.513874265034818,
    "median": -5.723600170687225,
    "p75": -0.6131370727630832,
    "max": -0.0010406522701824567
  },
  "budget_used_pct": {
    "count": 723,
    "mean": 70.17212129435761,
    "std": 22.980314425871093,
    "min": 26.778288999999987,
    "p25": 52.22869499999996,
    "median": 71.48628900000028,
    "p75": 95.78472249999994,
    "max": 99.99152249999997
  }
}