{
  "train": {
    "RMSE": 42404.22052707088,
    "MAE": 24428.919758595748,
    "MAPE_pct": 9.212363970097453,
    "R2": 0.8795012844139455,
    "residual_skew": 3.092153238464807,
    "residual_kurtosis": 35.125158187582365
  },
  "test": {
    "RMSE": 43882.083794944025,
    "MAE": 24843.811617346368,
    "MAPE_pct": 8.868890601383168,
    "R2": 0.8719191632473762,
    "residual_skew": 1.4968771929668212,
    "residual_kurtosis": 19.645834794896764
  },
  "log_target": true
}