{
  "train": {
    "RMSE": 31462.49220682881,
    "MAE": 20207.77596941848,
    "MAPE_pct": 7.670400354844576,
    "R2": 0.9336638151161069,
    "residual_skew": 1.1927153528263552,
    "residual_kurtosis": 17.534301361879265
  },
  "test": {
    "RMSE": 38823.752287364754,
    "MAE": 21890.23758490646,
    "MAPE_pct": 8.01051693615505,
    "R2": 0.8997453128667011,
    "residual_skew": -1.0448335881260509,
    "residual_kurtosis": 37.17717986065843
  },
  "log_target": true
}