{
  "train": {
    "RMSE": 9215.527802791401,
    "MAE": 6485.54262292117,
    "MAPE_pct": 2.48280323681802,
    "R2": 0.99392120570771,
    "residual_skew": 0.7689999028106581,
    "residual_kurtosis": 8.794165013478105
  },
  "test": {
    "RMSE": 35049.943384176455,
    "MAE": 20656.366567015804,
    "MAPE_pct": 7.078301424996402,
    "R2": 0.9336803107735457,
    "residual_skew": 0.7459080928180983,
    "residual_kurtosis": 16.64562022445517
  },
  "log_target": true
}