{
  "train": {
    "RMSE": 31533.32371371897,
    "MAE": 19221.90777856657,
    "MAPE_pct": 7.209768003424793,
    "R2": 0.933364793602605,
    "residual_skew": 1.142372932200195,
    "residual_kurtosis": 29.125236029551445
  },
  "test": {
    "RMSE": 39498.875911241936,
    "MAE": 21955.31338683326,
    "MAPE_pct": 7.97122871670759,
    "R2": 0.8962282492114799,
    "residual_skew": -1.0140976077404988,
    "residual_kurtosis": 37.899940148923406
  },
  "log_target": true
}