{
  "train": {
    "RMSE": 21646.042764911006,
    "MAE": 14591.820934399006,
    "MAPE_pct": 5.481959988877538,
    "R2": 0.9686006055139516,
    "residual_skew": 1.1084910604421612,
    "residual_kurtosis": 12.37254185803188
  },
  "test": {
    "RMSE": 33801.523369453025,
    "MAE": 20090.83137857036,
    "MAPE_pct": 7.503646915102605,
    "R2": 0.9240054901146962,
    "residual_skew": -0.2134270649376529,
    "residual_kurtosis": 23.889324152638792
  },
  "log_target": true
}