{
  "train": {
    "RMSE": 23407.22786234304,
    "MAE": 15908.92740523852,
    "MAPE_pct": 6.037509001591499,
    "R2": 0.9632832515074516,
    "residual_skew": 0.9194933286403607,
    "residual_kurtosis": 9.786063112708483
  },
  "test": {
    "RMSE": 33922.77686513792,
    "MAE": 20073.732826480762,
    "MAPE_pct": 7.470106472588569,
    "R2": 0.9234592941771024,
    "residual_skew": -1.0401911507988688,
    "residual_kurtosis": 27.19197271619236
  },
  "log_target": true
}