{
  "train": {
    "RMSE": 24592.221950785875,
    "MAE": 15655.48720889677,
    "MAPE_pct": 5.896819952570509,
    "R2": 0.9594715692375767,
    "residual_skew": 1.350152106131951,
    "residual_kurtosis": 19.89083336339036
  },
  "test": {
    "RMSE": 35095.596686065706,
    "MAE": 20390.39733939163,
    "MAPE_pct": 7.590549189459655,
    "R2": 0.9180752862687602,
    "residual_skew": -0.5502187033794158,
    "residual_kurtosis": 25.425425844790738
  },
  "log_target": true
}