{
  "train": {
    "RMSE": 25839.953896953328,
    "MAE": 16892.398061384178,
    "MAPE_pct": 6.481793108695023,
    "R2": 0.9552546697517398,
    "residual_skew": 0.709548959570941,
    "residual_kurtosis": 15.89029962740943
  },
  "test": {
    "RMSE": 35229.16165340938,
    "MAE": 20380.78022282692,
    "MAPE_pct": 7.547139276780193,
    "R2": 0.9174505302019547,
    "residual_skew": -1.4234512727584017,
    "residual_kurtosis": 34.11287078503657
  },
  "log_target": true
}