{
  "train": {
    "RMSE": 11478.849942611656,
    "MAE": 8006.3240351843015,
    "MAPE_pct": 3.0090992547434214,
    "R2": 0.9911699938498704,
    "residual_skew": 0.8716544020626071,
    "residual_kurtosis": 7.972972063864456
  },
  "test": {
    "RMSE": 31363.60272542698,
    "MAE": 19607.038483760585,
    "MAPE_pct": 7.45207333705841,
    "R2": 0.9345723141715438,
    "residual_skew": -0.14152312055926952,
    "residual_kurtosis": 14.20980413967344
  },
  "log_target": true
}