{
  "train": {
    "RMSE": 37284.16160859036,
    "MAE": 22092.152894755105,
    "MAPE_pct": 8.275732900651937,
    "R2": 0.9068435323529708,
    "residual_skew": 2.223416229110505,
    "residual_kurtosis": 28.74202197972967
  },
  "test": {
    "RMSE": 41602.44128233981,
    "MAE": 23505.12975280633,
    "MAPE_pct": 8.440888658038496,
    "R2": 0.8848809216436274,
    "residual_skew": 0.43051840435497524,
    "residual_kurtosis": 24.56817770816241
  },
  "log_target": true
}