{
  "train": {
    "RMSE": 26976.348165688818,
    "MAE": 16979.109425913397,
    "MAPE_pct": 6.42673259022409,
    "R2": 0.9512324918614571,
    "residual_skew": 1.2119736955450464,
    "residual_kurtosis": 24.266616685708872
  },
  "test": {
    "RMSE": 34902.90134849729,
    "MAE": 20243.140477015728,
    "MAPE_pct": 7.481075561632224,
    "R2": 0.9189724456431546,
    "residual_skew": -1.2741743635461593,
    "residual_kurtosis": 32.19821845292821
  },
  "log_target": true
}