{
  "train": {
    "RMSE": 34890.835138660936,
    "MAE": 20701.280336488235,
    "MAPE_pct": 7.7631269191010395,
    "R2": 0.918419384362003,
    "residual_skew": 2.522178773487437,
    "residual_kurtosis": 30.692526898044456
  },
  "test": {
    "RMSE": 39307.83168625727,
    "MAE": 22390.64112655067,
    "MAPE_pct": 8.119507671641324,
    "R2": 0.8972296473258279,
    "residual_skew": 0.660318798021602,
    "residual_kurtosis": 22.4695073031413
  },
  "log_target": true
}