{
  "train": {
    "RMSE": 29112.098652043256,
    "MAE": 18682.50526407604,
    "MAPE_pct": 7.0824334175528065,
    "R2": 0.9432048465316107,
    "residual_skew": 1.29416217974011,
    "residual_kurtosis": 16.332132603720165
  },
  "test": {
    "RMSE": 37637.73599314847,
    "MAE": 21545.08293276282,
    "MAPE_pct": 7.943216874201594,
    "R2": 0.9057770592725982,
    "residual_skew": -1.2578011187010274,
    "residual_kurtosis": 34.0975317817169
  },
  "log_target": true
}