{
  "train": {
    "RMSE": 33267.735887348426,
    "MAE": 20291.602549907308,
    "MAPE_pct": 7.627354509668516,
    "R2": 0.9258329955082026,
    "residual_skew": 0.8713152884700194,
    "residual_kurtosis": 31.392443948036757
  },
  "test": {
    "RMSE": 40156.372418713225,
    "MAE": 22100.581463812792,
    "MAPE_pct": 8.028295244035972,
    "R2": 0.8927447355543894,
    "residual_skew": -1.2942538082493371,
    "residual_kurtosis": 42.62661723647438
  },
  "log_target": true
}