{
  "train": {
    "RMSE": 20810.907370449495,
    "MAE": 13694.07628851877,
    "MAPE_pct": 5.121102630195491,
    "R2": 0.9709767340653327,
    "residual_skew": 1.4415417247442674,
    "residual_kurtosis": 12.710856796998279
  },
  "test": {
    "RMSE": 34994.203010725934,
    "MAE": 20270.409350261285,
    "MAPE_pct": 7.557391258520756,
    "R2": 0.9185479751164431,
    "residual_skew": -0.7911902108097228,
    "residual_kurtosis": 27.46414174701023
  },
  "log_target": true
}