{
  "train": {
    "RMSE": 37820.15229417771,
    "MAE": 22649.259448083623,
    "MAPE_pct": 8.50829213071933,
    "R2": 0.9041458775573752,
    "residual_skew": 1.56080498356275,
    "residual_kurtosis": 28.46179334261319
  },
  "test": {
    "RMSE": 41695.81478347559,
    "MAE": 23233.949564165952,
    "MAPE_pct": 8.40759296358986,
    "R2": 0.8843635897853648,
    "residual_skew": -0.4141462071908976,
    "residual_kurtosis": 33.458326940519605
  },
  "log_target": true
}