{
  "train": {
    "RMSE": 35313.72651220113,
    "MAE": 21171.87412137815,
    "MAPE_pct": 7.944777688773903,
    "R2": 0.916429818103458,
    "residual_skew": 1.8424206620256387,
    "residual_kurtosis": 32.237382387871705
  },
  "test": {
    "RMSE": 40045.2690193529,
    "MAE": 22815.34699159606,
    "MAPE_pct": 8.230814836671533,
    "R2": 0.8933374155584114,
    "residual_skew": 0.008230375139296649,
    "residual_kurtosis": 28.4090379731716
  },
  "log_target": true
}