{
  "train": {
    "RMSE": 38594.131110018454,
    "MAE": 22980.855454366938,
    "MAPE_pct": 8.619841220429455,
    "R2": 0.9001824778989358,
    "residual_skew": 1.7038043303247092,
    "residual_kurtosis": 28.90466351055848
  },
  "test": {
    "RMSE": 43033.36898863959,
    "MAE": 23875.64024220738,
    "MAPE_pct": 8.543945402502844,
    "R2": 0.8768256253314347,
    "residual_skew": 0.09075727724051663,
    "residual_kurtosis": 28.940848123660835
  },
  "log_target": true
}