{
  "train": {
    "RMSE": 24127.10194263169,
    "MAE": 16529.142695839353,
    "MAPE_pct": 6.258326618705831,
    "R2": 0.9593288639282581,
    "residual_skew": 0.3843145583870085,
    "residual_kurtosis": 9.148720961427381
  },
  "test": {
    "RMSE": 32603.858557487732,
    "MAE": 20834.39278153334,
    "MAPE_pct": 7.66173969031578,
    "R2": 0.9285072004107656,
    "residual_skew": 1.6888570479750795,
    "residual_kurtosis": 11.085323513436274
  },
  "log_target": true,
  "best_iteration": -1
}