{
  "train": {
    "RMSE": 24231.61558024577,
    "MAE": 15662.105002797098,
    "MAPE_pct": 5.871941523306393,
    "R2": 0.9606514267317395,
    "residual_skew": 1.4467973567849988,
    "residual_kurtosis": 14.861247795852666
  },
  "test": {
    "RMSE": 35972.09552332697,
    "MAE": 20790.44337785125,
    "MAPE_pct": 7.7480820437859395,
    "R2": 0.9139321117365655,
    "residual_skew": -1.035103130454737,
    "residual_kurtosis": 30.938674101271353
  },
  "log_target": true
}