{
  "train": {
    "RMSE": 37129.71745804948,
    "MAE": 21942.537613226115,
    "MAPE_pct": 8.259017399997925,
    "R2": 0.9076137077788012,
    "residual_skew": 1.41419433031672,
    "residual_kurtosis": 32.25715079508583
  },
  "test": {
    "RMSE": 42600.622249055225,
    "MAE": 23498.50780958284,
    "MAPE_pct": 8.457385319989083,
    "R2": 0.8792904706027509,
    "residual_skew": -0.4633103545494025,
    "residual_kurtosis": 33.6898871054993
  },
  "log_target": true
}