{
  "train": {
    "RMSE": 47326.853059873596,
    "MAE": 27401.837409373395,
    "MAPE_pct": 10.349907662614616,
    "R2": 0.8499004106860463,
    "residual_skew": 3.3225085805901284,
    "residual_kurtosis": 31.753521600872283
  },
  "test": {
    "RMSE": 47509.827618918396,
    "MAE": 27310.747297988375,
    "MAPE_pct": 9.748432718940581,
    "R2": 0.8498668555674957,
    "residual_skew": 2.1112266015611354,
    "residual_kurtosis": 16.505630831359333
  },
  "log_target": true
}