{
  "train": {
    "RMSE": 37959.68061027001,
    "MAE": 22496.923653649126,
    "MAPE_pct": 8.467919605961406,
    "R2": 0.9034373116619295,
    "residual_skew": 1.9884804858958716,
    "residual_kurtosis": 31.7238457946466
  },
  "test": {
    "RMSE": 41663.05025067598,
    "MAE": 23717.994368266787,
    "MAPE_pct": 8.520924704036645,
    "R2": 0.8845452523511559,
    "residual_skew": 0.4552141820015653,
    "residual_kurtosis": 24.049805802902966
  },
  "log_target": true
}