{
  "train": {
    "RMSE": 29577.915848634068,
    "MAE": 18160.065518799704,
    "MAPE_pct": 6.880748606720301,
    "R2": 0.9413727684329206,
    "residual_skew": 0.68897235384648,
    "residual_kurtosis": 28.201641993743184
  },
  "test": {
    "RMSE": 38999.98279850934,
    "MAE": 21476.214687252806,
    "MAPE_pct": 7.863709874596632,
    "R2": 0.8988330860336775,
    "residual_skew": -1.9158259466522765,
    "residual_kurtosis": 46.110377742173426
  },
  "log_target": true
}