{
  "train": {
    "RMSE": 32488.979880865685,
    "MAE": 19417.327905834893,
    "MAPE_pct": 7.299028322320952,
    "R2": 0.9292646675175121,
    "residual_skew": 0.5486460833373996,
    "residual_kurtosis": 36.63012514684264
  },
  "test": {
    "RMSE": 39885.032108103995,
    "MAE": 21795.155606620396,
    "MAPE_pct": 8.006263186028564,
    "R2": 0.8941893058821921,
    "residual_skew": -1.7519575075739333,
    "residual_kurtosis": 47.60568115355126
  },
  "log_target": true
}