{
  "train": {
    "RMSE": 33038.49098928836,
    "MAE": 20280.25250394635,
    "MAPE_pct": 7.5737316516350335,
    "R2": 0.9268516296846531,
    "residual_skew": 1.993128580336096,
    "residual_kurtosis": 23.383657042192663
  },
  "test": {
    "RMSE": 41482.0603459142,
    "MAE": 22996.395678908346,
    "MAPE_pct": 8.324653556991917,
    "R2": 0.885546175510816,
    "residual_skew": -0.06182373844396916,
    "residual_kurtosis": 28.40582517008629
  },
  "log_target": true
}