{
  "train": {
    "RMSE": 8274.478972074114,
    "MAE": 6196.997845163375,
    "MAPE_pct": 2.6919748453485974,
    "R2": 0.995099297571703,
    "residual_skew": -0.12222424856209965,
    "residual_kurtosis": 3.1338868991334405
  },
  "test": {
    "RMSE": 34463.4825644275,
    "MAE": 20081.048092182784,
    "MAPE_pct": 7.134041622281854,
    "R2": 0.9358810852317535,
    "residual_skew": -0.271871135271304,
    "residual_kurtosis": 26.89530705044382
  },
  "log_target": true
}