{
  "train": {
    "RMSE": 36571.73638658705,
    "MAE": 22179.02704129115,
    "MAPE_pct": 8.386493557839291,
    "R2": 0.9103695843978893,
    "residual_skew": 0.2746944157380505,
    "residual_kurtosis": 34.09688193764197
  },
  "test": {
    "RMSE": 42256.0511287204,
    "MAE": 23122.943179407743,
    "MAPE_pct": 8.33770837371981,
    "R2": 0.8812352688234938,
    "residual_skew": -1.5556819580930727,
    "residual_kurtosis": 45.689636899324405
  },
  "log_target": true
}