{
  "train": {
    "RMSE": 29182.979284544574,
    "MAE": 18405.77771059669,
    "MAPE_pct": 6.94021452229685,
    "R2": 0.9429279460440577,
    "residual_skew": 1.3069446712773856,
    "residual_kurtosis": 19.512306038140476
  },
  "test": {
    "RMSE": 39137.15321879564,
    "MAE": 21929.56853633511,
    "MAPE_pct": 8.021214683889069,
    "R2": 0.8981201876508667,
    "residual_skew": -1.4299625894051273,
    "residual_kurtosis": 38.813175492996805
  },
  "log_target": true
}