{
  "train": {
    "RMSE": 11609.43681987521,
    "MAE": 8150.1564465053125,
    "MAPE_pct": 3.0462546447412295,
    "R2": 0.9909679454137175,
    "residual_skew": 0.9551294915415692,
    "residual_kurtosis": 7.578348969468013
  },
  "test": {
    "RMSE": 31738.372977891497,
    "MAE": 20003.362897796043,
    "MAPE_pct": 7.572881261041578,
    "R2": 0.9329993539506897,
    "residual_skew": -0.04605895929871706,
    "residual_kurtosis": 13.243503849530176
  },
  "log_target": true
}