{
  "train": {
    "RMSE": 33796.52335681908,
    "MAE": 20134.401536845045,
    "MAPE_pct": 7.572652962161729,
    "R2": 0.9234565025264779,
    "residual_skew": 0.9052591235880332,
    "residual_kurtosis": 35.430107661974716
  },
  "test": {
    "RMSE": 41470.187770993216,
    "MAE": 22447.394338339956,
    "MAPE_pct": 8.109735207119133,
    "R2": 0.8856116817626808,
    "residual_skew": -1.2205285259929093,
    "residual_kurtosis": 42.18098929808378
  },
  "log_target": true
}