{
  "train": {
    "RMSE": 23594.902242306893,
    "MAE": 15888.027251137764,
    "MAPE_pct": 6.0295746372801595,
    "R2": 0.9626921163645017,
    "residual_skew": 0.9785666961345663,
    "residual_kurtosis": 10.719291153870639
  },
  "test": {
    "RMSE": 33432.25584867528,
    "MAE": 19716.428587052964,
    "MAPE_pct": 7.322868545103773,
    "R2": 0.9256568369772694,
    "residual_skew": -0.4990708831011577,
    "residual_kurtosis": 23.54785107006883
  },
  "log_target": true
}