{
  "train": {
    "RMSE": 35748.93912212777,
    "MAE": 21848.199027085742,
    "MAPE_pct": 8.27242864592597,
    "R2": 0.9143572576202584,
    "residual_skew": 0.6933780543113006,
    "residual_kurtosis": 27.037798829294076
  },
  "test": {
    "RMSE": 43297.99900312806,
    "MAE": 23310.213209763337,
    "MAPE_pct": 8.43574523603152,
    "R2": 0.8753060669348567,
    "residual_skew": -1.902217160012584,
    "residual_kurtosis": 50.76045396820731
  },
  "log_target": true
}