{
  "train": {
    "RMSE": 42838.81195063634,
    "MAE": 25003.942241909153,
    "MAPE_pct": 9.388865903680255,
    "R2": 0.8770186984738179,
    "residual_skew": 2.7652142916835887,
    "residual_kurtosis": 30.289790060925895
  },
  "test": {
    "RMSE": 44973.60366704252,
    "MAE": 25548.390430945234,
    "MAPE_pct": 9.118751757060437,
    "R2": 0.8654681705615165,
    "residual_skew": 1.279629422126899,
    "residual_kurtosis": 19.47509647494345
  },
  "log_target": true
}