{
  "train": {
    "RMSE": 29812.575178422117,
    "MAE": 18478.665950897015,
    "MAPE_pct": 7.043670586755455,
    "R2": 0.9404388284019192,
    "residual_skew": 0.8111677650168636,
    "residual_kurtosis": 26.189118427053216
  },
  "test": {
    "RMSE": 37761.572606402915,
    "MAE": 21122.541452849327,
    "MAPE_pct": 7.724063394035265,
    "R2": 0.9051560099376771,
    "residual_skew": -1.6997064887158049,
    "residual_kurtosis": 41.44841672952723
  },
  "log_target": true
}