{
  "train": {
    "RMSE": 26684.900210557484,
    "MAE": 16266.113448290818,
    "MAPE_pct": 6.1235749837958195,
    "R2": 0.9522805515891872,
    "residual_skew": 1.149602426865457,
    "residual_kurtosis": 28.566165199347225
  },
  "test": {
    "RMSE": 37415.76439718194,
    "MAE": 20986.52858872445,
    "MAPE_pct": 7.687034607653855,
    "R2": 0.9068851569074624,
    "residual_skew": -0.8746193835159347,
    "residual_kurtosis": 33.13017941942175
  },
  "log_target": true
}