{
  "train": {
    "RMSE": 11600.480667371832,
    "MAE": 7891.563789575683,
    "MAPE_pct": 2.928367067722455,
    "R2": 0.9909818756770233,
    "residual_skew": 1.0344984040432041,
    "residual_kurtosis": 9.76316948132472
  },
  "test": {
    "RMSE": 33526.33376312652,
    "MAE": 20361.624631358918,
    "MAPE_pct": 7.64163854591793,
    "R2": 0.9252378469849025,
    "residual_skew": 0.41111822184986285,
    "residual_kurtosis": 13.148588908104559
  },
  "log_target": true
}