{
  "train": {
    "RMSE": 26218.20954191743,
    "MAE": 17242.369845523022,
    "MAPE_pct": 6.5588872748715845,
    "R2": 0.9539350812901805,
    "residual_skew": 0.6828193600644892,
    "residual_kurtosis": 14.555819184252954
  },
  "test": {
    "RMSE": 35513.06829451721,
    "MAE": 20326.667537716075,
    "MAPE_pct": 7.521496545475477,
    "R2": 0.9161146609042733,
    "residual_skew": -1.2128843451061821,
    "residual_kurtosis": 36.6185264380212
  },
  "log_target": true
}