{
  "train": {
    "RMSE": 49554.49477525483,
    "MAE": 28871.009561838073,
    "MAPE_pct": 10.953316377438505,
    "R2": 0.8354376978541639,
    "residual_skew": 3.358269752945643,
    "residual_kurtosis": 29.96173469997519
  },
  "test": {
    "RMSE": 49190.04694470398,
    "MAE": 28943.087215253992,
    "MAPE_pct": 10.427605206273181,
    "R2": 0.8390599449939844,
    "residual_skew": 2.1852300528869595,
    "residual_kurtosis": 14.436839926275804
  },
  "log_target": true
}