{
  "train": {
    "RMSE": 37097.93491330203,
    "MAE": 22077.19595712111,
    "MAPE_pct": 8.335594421722076,
    "R2": 0.907771802963081,
    "residual_skew": 2.023794919074568,
    "residual_kurtosis": 31.91001272318494
  },
  "test": {
    "RMSE": 42126.426559095125,
    "MAE": 24346.344608897736,
    "MAPE_pct": 8.849340327492701,
    "R2": 0.8819627960857831,
    "residual_skew": 0.26129259306160385,
    "residual_kurtosis": 22.406316934116326
  },
  "log_target": true
}