{
  "train": {
    "RMSE": 27647.678733977136,
    "MAE": 17381.884043867456,
    "MAPE_pct": 6.651530482047299,
    "R2": 0.9487750435895408,
    "residual_skew": 0.7144085933781379,
    "residual_kurtosis": 22.467800421316767
  },
  "test": {
    "RMSE": 38398.50048823262,
    "MAE": 21216.79312519494,
    "MAPE_pct": 7.847938095287191,
    "R2": 0.9019295425159435,
    "residual_skew": -2.204580583541367,
    "residual_kurtosis": 50.238057760934915
  },
  "log_target": true
}