{
  "train": {
    "RMSE": 31932.298059788685,
    "MAE": 19561.096333218706,
    "MAPE_pct": 7.388155975239624,
    "R2": 0.9316679267750068,
    "residual_skew": 0.629306605971393,
    "residual_kurtosis": 28.747830353243685
  },
  "test": {
    "RMSE": 39446.98799097936,
    "MAE": 21928.85026958397,
    "MAPE_pct": 8.005257759172776,
    "R2": 0.8965007108204107,
    "residual_skew": -1.6168811359044135,
    "residual_kurtosis": 40.584212878792655
  },
  "log_target": true
}