{
  "train": {
    "RMSE": 23781.648466211736,
    "MAE": 15781.34384450446,
    "MAPE_pct": 5.935129032886078,
    "R2": 0.9620992190050681,
    "residual_skew": 1.2673161728749658,
    "residual_kurtosis": 13.237275779385225
  },
  "test": {
    "RMSE": 34465.57089424021,
    "MAE": 20052.04298932039,
    "MAPE_pct": 7.463795018994486,
    "R2": 0.9209902614619659,
    "residual_skew": -0.5615957755359691,
    "residual_kurtosis": 24.587587835977992
  },
  "log_target": true
}