{
  "train": {
    "RMSE": 37939.76964252632,
    "MAE": 22408.172220616703,
    "MAPE_pct": 8.445266354919816,
    "R2": 0.9035385850286656,
    "residual_skew": 1.5779533057171236,
    "residual_kurtosis": 33.0367966400872
  },
  "test": {
    "RMSE": 42831.08968750993,
    "MAE": 23819.436573052662,
    "MAPE_pct": 8.503839498809922,
    "R2": 0.8779808715407437,
    "residual_skew": -0.42770564623087914,
    "residual_kurtosis": 31.249372176862863
  },
  "log_target": true
}