{
  "train": {
    "RMSE": 36501.079810020776,
    "MAE": 21929.372971958855,
    "MAPE_pct": 8.266034213442635,
    "R2": 0.9107155816784279,
    "residual_skew": 1.0844921615591139,
    "residual_kurtosis": 32.56157761439424
  },
  "test": {
    "RMSE": 42386.91864792936,
    "MAE": 23685.568812674133,
    "MAPE_pct": 8.55500123449242,
    "R2": 0.8804984979754249,
    "residual_skew": -0.7656159105366802,
    "residual_kurtosis": 34.19702421876112
  },
  "log_target": true
}