{
  "train": {
    "RMSE": 22037.74226265454,
    "MAE": 14413.420914595163,
    "MAPE_pct": 5.371048370737177,
    "R2": 0.9674539379577338,
    "residual_skew": 1.5685195261221598,
    "residual_kurtosis": 14.285718055296996
  },
  "test": {
    "RMSE": 35820.30358231177,
    "MAE": 20585.104095869912,
    "MAPE_pct": 7.5530593931931955,
    "R2": 0.9146569428919794,
    "residual_skew": 0.21339142275325731,
    "residual_kurtosis": 22.058815943110986
  },
  "log_target": true
}