{
  "train": {
    "RMSE": 10963.85509067892,
    "MAE": 7487.2701523530595,
    "MAPE_pct": 2.7951087409552775,
    "R2": 0.9919445311513532,
    "residual_skew": 0.9936511879273172,
    "residual_kurtosis": 9.081763606392663
  },
  "test": {
    "RMSE": 32342.35649328518,
    "MAE": 19434.21959687062,
    "MAPE_pct": 7.256416777085803,
    "R2": 0.9304250358885289,
    "residual_skew": 0.17316129772696537,
    "residual_kurtosis": 16.734503175652833
  },
  "log_target": true
}