{
  "train": {
    "RMSE": 23398.64612746944,
    "MAE": 15878.171954933341,
    "MAPE_pct": 6.020260947034153,
    "R2": 0.9633101693160768,
    "residual_skew": 0.9463602616648368,
    "residual_kurtosis": 10.37852208385647
  },
  "test": {
    "RMSE": 33479.932844990624,
    "MAE": 19799.41759283978,
    "MAPE_pct": 7.390273448474266,
    "R2": 0.9254446475239213,
    "residual_skew": -0.7132940387038432,
    "residual_kurtosis": 25.00190115863498
  },
  "log_target": true
}