{
  "train": {
    "RMSE": 35413.237716624164,
    "MAE": 21031.874464029428,
    "MAPE_pct": 7.941929148893356,
    "R2": 0.9159581665718353,
    "residual_skew": 0.8431134351417066,
    "residual_kurtosis": 33.955449695734394
  },
  "test": {
    "RMSE": 42016.21351742328,
    "MAE": 22749.44988204319,
    "MAPE_pct": 8.223230996023597,
    "R2": 0.8825796165786737,
    "residual_skew": -1.4007572013145229,
    "residual_kurtosis": 44.1520583938977
  },
  "log_target": true
}