{
  "train": {
    "RMSE": 8586.027532267433,
    "MAE": 6089.530604589044,
    "MAPE_pct": 2.3380213129908465,
    "R2": 0.99472331009032,
    "residual_skew": 0.4651003475243795,
    "residual_kurtosis": 6.968529701297703
  },
  "test": {
    "RMSE": 35900.78320080152,
    "MAE": 21224.062348047122,
    "MAPE_pct": 7.2004022659287195,
    "R2": 0.9304213998236751,
    "residual_skew": 1.2034897651225729,
    "residual_kurtosis": 12.774963129261437
  },
  "log_target": true
}