{
  "train": {
    "RMSE": 21225.270596790637,
    "MAE": 14432.743951793984,
    "MAPE_pct": 5.43412273357525,
    "R2": 0.9698094711798529,
    "residual_skew": 1.016018542852904,
    "residual_kurtosis": 10.040939388293914
  },
  "test": {
    "RMSE": 36549.434563601644,
    "MAE": 20823.18743533813,
    "MAPE_pct": 7.67123726297463,
    "R2": 0.9111472248784791,
    "residual_skew": -0.4866615830855357,
    "residual_kurtosis": 25.670844460302227
  },
  "log_target": true
}