{
  "train": {
    "RMSE": 8393.527885539517,
    "MAE": 5918.688577444158,
    "MAPE_pct": 2.2622822367196527,
    "R2": 0.9949572655966956,
    "residual_skew": 0.5817696417566679,
    "residual_kurtosis": 8.396632601067916
  },
  "test": {
    "RMSE": 36339.52723203823,
    "MAE": 21285.374540596003,
    "MAPE_pct": 7.330008659602259,
    "R2": 0.9287103657204001,
    "residual_skew": 1.0419543703092844,
    "residual_kurtosis": 14.139664168671302
  },
  "log_target": true
}