{
  "train": {
    "RMSE": 21611.45369860472,
    "MAE": 14942.991072012032,
    "MAPE_pct": 5.613236778732775,
    "R2": 0.968700874002561,
    "residual_skew": 0.7206151391788652,
    "residual_kurtosis": 8.413902519374108
  },
  "test": {
    "RMSE": 32393.597782051507,
    "MAE": 19836.955853523075,
    "MAPE_pct": 7.5964556645429,
    "R2": 0.9302044004501984,
    "residual_skew": -1.358407085622382,
    "residual_kurtosis": 22.924020483508905
  },
  "log_target": true
}