{
  "train": {
    "RMSE": 43064.01253407949,
    "MAE": 24863.167042806977,
    "MAPE_pct": 9.358619269982102,
    "R2": 0.8757222919618484,
    "residual_skew": 2.954564548053156,
    "residual_kurtosis": 33.455220963888216
  },
  "test": {
    "RMSE": 44499.06261553026,
    "MAE": 25390.017921203125,
    "MAPE_pct": 9.074300513002035,
    "R2": 0.8682922300388185,
    "residual_skew": 1.4194556593783785,
    "residual_kurtosis": 18.8455927437605
  },
  "log_target": true
}