{
  "train": {
    "RMSE": 25791.539477277667,
    "MAE": 17322.19323640574,
    "MAPE_pct": 6.594569054946938,
    "R2": 0.9554221847379802,
    "residual_skew": 0.9877373571128171,
    "residual_kurtosis": 10.999275861530617
  },
  "test": {
    "RMSE": 35986.17647948326,
    "MAE": 20725.501213975444,
    "MAPE_pct": 7.635701428773843,
    "R2": 0.9138647175333228,
    "residual_skew": -1.2889615015437448,
    "residual_kurtosis": 33.27516626055148
  },
  "log_target": true
}