{
  "train": {
    "RMSE": 24114.08932956637,
    "MAE": 15698.441036642147,
    "MAPE_pct": 5.977375333283374,
    "R2": 0.9610321917371445,
    "residual_skew": 0.9953237048677057,
    "residual_kurtosis": 15.705752586521843
  },
  "test": {
    "RMSE": 35863.81123729908,
    "MAE": 21026.496039888727,
    "MAPE_pct": 7.791831790827339,
    "R2": 0.9144495001357673,
    "residual_skew": -1.0777226792976162,
    "residual_kurtosis": 29.467493792153505
  },
  "log_target": true
}