{
  "train": {
    "RMSE": 31505.546219189462,
    "MAE": 19918.07738554808,
    "MAPE_pct": 7.612671867921272,
    "R2": 0.9334821389131862,
    "residual_skew": 0.3524286264408822,
    "residual_kurtosis": 24.931032377073215
  },
  "test": {
    "RMSE": 39735.0213033541,
    "MAE": 22627.319932357856,
    "MAPE_pct": 8.282760590944745,
    "R2": 0.894983734127597,
    "residual_skew": -1.7550756859115604,
    "residual_kurtosis": 42.846070492985206
  },
  "log_target": true
}