{
  "train": {
    "RMSE": 24153.536713541722,
    "MAE": 16459.431211697975,
    "MAPE_pct": 6.279186727396237,
    "R2": 0.9609045953446972,
    "residual_skew": 0.7802763789748123,
    "residual_kurtosis": 9.511040169287927
  },
  "test": {
    "RMSE": 35267.519231069535,
    "MAE": 20341.038204451237,
    "MAPE_pct": 7.556796502243289,
    "R2": 0.9172706723035666,
    "residual_skew": -0.913287949055481,
    "residual_kurtosis": 30.938316710315988
  },
  "log_target": true
}