{
  "train": {
    "RMSE": 27487.79671483073,
    "MAE": 17579.219120293303,
    "MAPE_pct": 6.73064629753157,
    "R2": 0.9493657817103673,
    "residual_skew": 0.5530713804457045,
    "residual_kurtosis": 20.901317239226046
  },
  "test": {
    "RMSE": 37849.83917526918,
    "MAE": 20956.410582692108,
    "MAPE_pct": 7.654091788465359,
    "R2": 0.9047121016397746,
    "residual_skew": -2.1295319669813013,
    "residual_kurtosis": 48.75189040088815
  },
  "log_target": true
}