{
  "train": {
    "RMSE": 22617.5401261194,
    "MAE": 15049.25246703286,
    "MAPE_pct": 5.645786198554017,
    "R2": 0.9657188811462145,
    "residual_skew": 1.3233472743808274,
    "residual_kurtosis": 11.293809876778443
  },
  "test": {
    "RMSE": 35326.558498020066,
    "MAE": 20153.417134135725,
    "MAPE_pct": 7.407600385543701,
    "R2": 0.9169934559180543,
    "residual_skew": -0.1350177788099047,
    "residual_kurtosis": 24.651031999814712
  },
  "log_target": true
}