{
  "train": {
    "RMSE": 29888.26953790868,
    "MAE": 18057.895690057914,
    "MAPE_pct": 6.718713792003962,
    "R2": 0.9401359918844137,
    "residual_skew": 2.5873475015734635,
    "residual_kurtosis": 31.336456326372335
  },
  "test": {
    "RMSE": 37317.055232920786,
    "MAE": 21441.80179933098,
    "MAPE_pct": 7.782574128741712,
    "R2": 0.9073758144897504,
    "residual_skew": 0.5906714758923958,
    "residual_kurtosis": 20.5589269020781
  },
  "log_target": true
}