{
  "train": {
    "RMSE": 25675.788235187112,
    "MAE": 16891.358132136233,
    "MAPE_pct": 6.443447920332122,
    "R2": 0.9558214132299301,
    "residual_skew": 0.7164272632144469,
    "residual_kurtosis": 14.868967032130321
  },
  "test": {
    "RMSE": 35706.11703631902,
    "MAE": 20993.33547635865,
    "MAPE_pct": 7.747668270412671,
    "R2": 0.9152001820906386,
    "residual_skew": -1.2549377258897734,
    "residual_kurtosis": 32.78225396683536
  },
  "log_target": true
}