{
  "train": {
    "RMSE": 11690.995084872713,
    "MAE": 7787.212024868227,
    "MAPE_pct": 2.94156858304991,
    "R2": 0.9908405962203206,
    "residual_skew": 1.0328464955540948,
    "residual_kurtosis": 15.144032913610552
  },
  "test": {
    "RMSE": 32884.64748370026,
    "MAE": 19455.605843089197,
    "MAPE_pct": 7.25698914176293,
    "R2": 0.928072319967622,
    "residual_skew": -0.16603724475281093,
    "residual_kurtosis": 20.721129025449528
  },
  "log_target": true
}