{
  "train": {
    "RMSE": 27894.596922389712,
    "MAE": 16637.920164258296,
    "MAPE_pct": 6.240235846799232,
    "R2": 0.9478559896513568,
    "residual_skew": 1.0208037690640586,
    "residual_kurtosis": 33.20498818504984
  },
  "test": {
    "RMSE": 38437.57126472924,
    "MAE": 20850.645969865713,
    "MAPE_pct": 7.582641467986555,
    "R2": 0.9017298660565319,
    "residual_skew": -1.3032016320926854,
    "residual_kurtosis": 41.129352972424584
  },
  "log_target": true
}