{
  "train": {
    "RMSE": 23080.857632158826,
    "MAE": 14727.302832496713,
    "MAPE_pct": 5.549943366630773,
    "R2": 0.9643000068141279,
    "residual_skew": 1.3579156576294755,
    "residual_kurtosis": 18.615123462212317
  },
  "test": {
    "RMSE": 35006.207008840895,
    "MAE": 20038.98156129246,
    "MAPE_pct": 7.489809167804712,
    "R2": 0.9184920848508034,
    "residual_skew": -0.5451393104766354,
    "residual_kurtosis": 30.177861002335348
  },
  "log_target": true
}