{
  "train": {
    "RMSE": 22155.216386339715,
    "MAE": 15043.493441904653,
    "MAPE_pct": 5.635154951574876,
    "R2": 0.9671060338626379,
    "residual_skew": 0.8950732010727507,
    "residual_kurtosis": 9.740454528988185
  },
  "test": {
    "RMSE": 32290.812558247497,
    "MAE": 19756.210865957335,
    "MAPE_pct": 7.410681700187786,
    "R2": 0.9306466220798746,
    "residual_skew": -0.30066204115957557,
    "residual_kurtosis": 18.34592461113401
  },
  "log_target": true
}