{
  "train": {
    "RMSE": 30811.311070004165,
    "MAE": 18885.152895603827,
    "MAPE_pct": 7.148153955905408,
    "R2": 0.9363813269929576,
    "residual_skew": 0.7982734373021688,
    "residual_kurtosis": 28.671868182455942
  },
  "test": {
    "RMSE": 37947.10744751167,
    "MAE": 21349.223727678604,
    "MAPE_pct": 7.786098657224535,
    "R2": 0.9042217218263805,
    "residual_skew": -1.4218675784821477,
    "residual_kurtosis": 41.032641652449364
  },
  "log_target": true
}