{
  "train": {
    "RMSE": 24941.96673194967,
    "MAE": 16542.341829301153,
    "MAPE_pct": 6.2667155903127645,
    "R2": 0.9583106004453659,
    "residual_skew": 0.9764557537051597,
    "residual_kurtosis": 12.41833513650771
  },
  "test": {
    "RMSE": 34398.01656975907,
    "MAE": 20189.86580751716,
    "MAPE_pct": 7.4800835416743805,
    "R2": 0.9212996843750755,
    "residual_skew": -0.38544907414913104,
    "residual_kurtosis": 23.952206244734022
  },
  "log_target": true
}