{
  "train": {
    "RMSE": 24648.22925299313,
    "MAE": 16529.581238542996,
    "MAPE_pct": 6.2760511017491405,
    "R2": 0.9592867569143284,
    "residual_skew": 1.0098271210327132,
    "residual_kurtosis": 11.053018821378636
  },
  "test": {
    "RMSE": 34016.06119305401,
    "MAE": 20135.299904658994,
    "MAPE_pct": 7.467047491450593,
    "R2": 0.9230377564269607,
    "residual_skew": -0.8153296034879154,
    "residual_kurtosis": 26.720216212400793
  },
  "log_target": true
}