{
  "train": {
    "RMSE": 7992.3093768267045,
    "MAE": 5456.153911987163,
    "MAPE_pct": 2.068747590108108,
    "R2": 0.9957193588463652,
    "residual_skew": 0.9603544328223098,
    "residual_kurtosis": 11.871449869483676
  },
  "test": {
    "RMSE": 32641.566636518575,
    "MAE": 20016.354338549278,
    "MAPE_pct": 7.522642710259038,
    "R2": 0.929131757828791,
    "residual_skew": 0.5945277362137522,
    "residual_kurtosis": 12.516092432047214
  },
  "log_target": true
}