{
  "train": {
    "RMSE": 30524.509687523536,
    "MAE": 18482.474875864064,
    "MAPE_pct": 6.9062116549534815,
    "R2": 0.9375601800401113,
    "residual_skew": 1.1016150098006072,
    "residual_kurtosis": 28.644627361442524
  },
  "test": {
    "RMSE": 40947.89740196786,
    "MAE": 22075.900211551976,
    "MAPE_pct": 7.994829078606854,
    "R2": 0.888474832474655,
    "residual_skew": -1.1641986443768502,
    "residual_kurtosis": 41.24723360505197
  },
  "log_target": true
}