{
  "R2": {
    "mean": 0.9314124643698175,
    "sd": 0.0018733286228815296
  },
  "RMSE": {
    "mean": 31604.431254683317,
    "sd": 320.452103786075
  },
  "MAE": {
    "mean": 19626.26670198321,
    "sd": 130.7058574373686
  },
  "MAPE": {
    "mean": 7.790467279546678,
    "sd": 0.060629646398917464
  },
  "n_splits": 10,
  "repeats": 10,
  "seed_base": 42,
  "one_hot": false
}