{
  "train": {
    "RMSE": 21867.571381453818,
    "MAE": 14720.700126723807,
    "MAPE_pct": 5.538229857877888,
    "R2": 0.9679546252634865,
    "residual_skew": 0.9344909823156813,
    "residual_kurtosis": 10.941775048359894
  },
  "test": {
    "RMSE": 34551.41541752319,
    "MAE": 20426.020087647947,
    "MAPE_pct": 7.672223090070615,
    "R2": 0.920596187031925,
    "residual_skew": -0.3352774084355264,
    "residual_kurtosis": 22.34273977125411
  },
  "log_target": true
}