{
  "train": {
    "RMSE": 9141.63136725811,
    "MAE": 6435.290972931887,
    "MAPE_pct": 2.4619484405299605,
    "R2": 0.994018302746104,
    "residual_skew": 0.6401506908553313,
    "residual_kurtosis": 9.294066326313395
  },
  "test": {
    "RMSE": 36328.74369103192,
    "MAE": 21293.514468647063,
    "MAPE_pct": 7.335269046674704,
    "R2": 0.9287526690023307,
    "residual_skew": 1.0212412188315703,
    "residual_kurtosis": 14.139095024844377
  },
  "log_target": true
}