{
  "train": {
    "RMSE": 25631.37059128454,
    "MAE": 16146.387236935476,
    "MAPE_pct": 6.126627938293064,
    "R2": 0.9559741338690333,
    "residual_skew": 1.1048987027274004,
    "residual_kurtosis": 22.45186483071431
  },
  "test": {
    "RMSE": 36158.883430963855,
    "MAE": 20107.244703938115,
    "MAPE_pct": 7.372666064637048,
    "R2": 0.9130359626735577,
    "residual_skew": -1.7082781267949487,
    "residual_kurtosis": 42.44782992598778
  },
  "log_target": true
}