{
  "train": {
    "RMSE": 35084.31615242436,
    "MAE": 21334.134664298454,
    "MAPE_pct": 7.986602292097815,
    "R2": 0.9175120936829471,
    "residual_skew": 1.4197260025572336,
    "residual_kurtosis": 27.517754155587788
  },
  "test": {
    "RMSE": 40628.27112341242,
    "MAE": 22994.49042535777,
    "MAPE_pct": 8.343574020288855,
    "R2": 0.8902090974493015,
    "residual_skew": 0.04992836414273651,
    "residual_kurtosis": 27.75843694210105
  },
  "log_target": true
}