{
  "train": {
    "RMSE": 23811.041410224312,
    "MAE": 16052.658151910324,
    "MAPE_pct": 6.09150882694745,
    "R2": 0.9620054741185843,
    "residual_skew": 0.9712787569331297,
    "residual_kurtosis": 11.248000554690424
  },
  "test": {
    "RMSE": 33845.28129683782,
    "MAE": 20270.540087612295,
    "MAPE_pct": 7.588449485962055,
    "R2": 0.9238086046287486,
    "residual_skew": -0.7886738856712523,
    "residual_kurtosis": 23.017102301237067
  },
  "log_target": true
}