{
  "train": {
    "RMSE": 22754.582630761954,
    "MAE": 15430.136603883713,
    "MAPE_pct": 5.8303877320108315,
    "R2": 0.9653021954095248,
    "residual_skew": 0.9680274412470383,
    "residual_kurtosis": 10.803269938973305
  },
  "test": {
    "RMSE": 32948.58928756508,
    "MAE": 19701.36124716539,
    "MAPE_pct": 7.365930629336128,
    "R2": 0.9277923317450193,
    "residual_skew": -0.8950651918449269,
    "residual_kurtosis": 22.824767918301845
  },
  "log_target": true
}