{
  "train": {
    "RMSE": 30309.795548253027,
    "MAE": 18670.58442322335,
    "MAPE_pct": 7.086058934552588,
    "R2": 0.9384355133305281,
    "residual_skew": 0.9601202074427924,
    "residual_kurtosis": 27.689803515587705
  },
  "test": {
    "RMSE": 38961.09900868152,
    "MAE": 21664.55385432665,
    "MAPE_pct": 7.98020578199265,
    "R2": 0.8990347164817692,
    "residual_skew": -1.7003239483793573,
    "residual_kurtosis": 40.77615096131777
  },
  "log_target": true
}