{
  "train": {
    "RMSE": 35964.42943494635,
    "MAE": 22423.478231536454,
    "MAPE_pct": 8.475976734314775,
    "R2": 0.9133216574257197,
    "residual_skew": 1.1119505300334116,
    "residual_kurtosis": 22.36987786949275
  },
  "test": {
    "RMSE": 41046.284746417325,
    "MAE": 23176.89312251762,
    "MAPE_pct": 8.431090935690639,
    "R2": 0.8879382556037688,
    "residual_skew": -1.3631360069232545,
    "residual_kurtosis": 39.30856313420347
  },
  "log_target": true
}