{
  "train": {
    "RMSE": 42786.9428271121,
    "MAE": 25100.758652056305,
    "MAPE_pct": 9.41917264120285,
    "R2": 0.8773163290677727,
    "residual_skew": 2.6181588177637063,
    "residual_kurtosis": 28.900458565089224
  },
  "test": {
    "RMSE": 45118.77586491236,
    "MAE": 25738.787811583898,
    "MAPE_pct": 9.236356902330483,
    "R2": 0.8645982468249809,
    "residual_skew": 1.1412363525779579,
    "residual_kurtosis": 20.002520452571467
  },
  "log_target": true
}