{
  "train": {
    "RMSE": 37738.82844519407,
    "MAE": 22344.032364085942,
    "MAPE_pct": 8.432383466566018,
    "R2": 0.9045576604166804,
    "residual_skew": 1.3048958097001815,
    "residual_kurtosis": 33.36665460499039
  },
  "test": {
    "RMSE": 42642.67043832668,
    "MAE": 23977.351021976814,
    "MAPE_pct": 8.659674814032552,
    "R2": 0.8790520645997468,
    "residual_skew": -0.4741973455444552,
    "residual_kurtosis": 33.70727550959568
  },
  "log_target": true
}