{
  "train": {
    "RMSE": 17834.719163732032,
    "MAE": 12066.024487677014,
    "MAPE_pct": 4.573004051589507,
    "R2": 0.9786844374418341,
    "residual_skew": 0.9404919424249316,
    "residual_kurtosis": 12.557637843916911
  },
  "test": {
    "RMSE": 31643.609833574075,
    "MAE": 19557.66521007907,
    "MAPE_pct": 7.345290143777169,
    "R2": 0.9333988522687525,
    "residual_skew": -0.2632936566695852,
    "residual_kurtosis": 14.934085644702177
  },
  "log_target": true
}