{
  "train": {
    "RMSE": 35604.774113720705,
    "MAE": 21960.471368612918,
    "MAPE_pct": 8.307291260923039,
    "R2": 0.9150466090634568,
    "residual_skew": 0.6634746522209378,
    "residual_kurtosis": 24.64183639628831
  },
  "test": {
    "RMSE": 43681.771440054166,
    "MAE": 23435.165643052387,
    "MAPE_pct": 8.485888390410732,
    "R2": 0.8730858178057197,
    "residual_skew": -2.1706837050355667,
    "residual_kurtosis": 53.82395066607077
  },
  "log_target": true
}