{
  "train": {
    "RMSE": 23859.46073870285,
    "MAE": 16269.627754518657,
    "MAPE_pct": 6.141507696557897,
    "R2": 0.9618507946264264,
    "residual_skew": 0.9485364779653033,
    "residual_kurtosis": 9.407086780563606
  },
  "test": {
    "RMSE": 34008.52265663947,
    "MAE": 20554.35320926624,
    "MAPE_pct": 7.675121739096004,
    "R2": 0.9230718649254882,
    "residual_skew": -0.32246561035423227,
    "residual_kurtosis": 19.30012244828376
  },
  "log_target": true
}