{
  "train": {
    "RMSE": 44429.83483438785,
    "MAE": 26416.640809199584,
    "MAPE_pct": 9.962989910094798,
    "R2": 0.867714072572018,
    "residual_skew": 2.682008378726001,
    "residual_kurtosis": 28.090065355394294
  },
  "test": {
    "RMSE": 46679.62157540269,
    "MAE": 27065.517269818534,
    "MAPE_pct": 9.67242357702199,
    "R2": 0.8550679868870545,
    "residual_skew": 1.4035469444693471,
    "residual_kurtosis": 17.718370717748
  },
  "log_target": true
}