{
  "train": {
    "RMSE": 37378.4994521645,
    "MAE": 22462.313038810884,
    "MAPE_pct": 8.462372576816913,
    "R2": 0.9063715196810025,
    "residual_skew": 1.4160087719005772,
    "residual_kurtosis": 28.334861391453614
  },
  "test": {
    "RMSE": 42741.69323231872,
    "MAE": 23654.067474019233,
    "MAPE_pct": 8.457066822270695,
    "R2": 0.8784896932417716,
    "residual_skew": -0.6889171830754511,
    "residual_kurtosis": 36.43750242704024
  },
  "log_target": true
}