{
  "train": {
    "RMSE": 27296.618593328407,
    "MAE": 17146.104748654754,
    "MAPE_pct": 6.467929777439392,
    "R2": 0.9500676562193437,
    "residual_skew": 1.1014678482657947,
    "residual_kurtosis": 23.663209482624428
  },
  "test": {
    "RMSE": 35635.07141298975,
    "MAE": 20952.791531577488,
    "MAPE_pct": 7.6911162947843685,
    "R2": 0.9155373042811282,
    "residual_skew": -0.4289322872011517,
    "residual_kurtosis": 25.115772911985097
  },
  "log_target": true
}