{
  "train": {
    "RMSE": 42839.22696459508,
    "MAE": 25152.090129089636,
    "MAPE_pct": 9.455791352553359,
    "R2": 0.8770163156251018,
    "residual_skew": 2.6184991299069353,
    "residual_kurtosis": 30.210295415033848
  },
  "test": {
    "RMSE": 45248.75498369465,
    "MAE": 25710.797613077888,
    "MAPE_pct": 9.213301623765544,
    "R2": 0.8638169866696194,
    "residual_skew": 1.2024496390733357,
    "residual_kurtosis": 20.10947670271463
  },
  "log_target": true
}