{
  "train": {
    "RMSE": 22036.975666420483,
    "MAE": 15037.602665953164,
    "MAPE_pct": 5.686435180462799,
    "R2": 0.9674562021873769,
    "residual_skew": 0.7129054569786053,
    "residual_kurtosis": 9.48688545729814
  },
  "test": {
    "RMSE": 34307.72669805873,
    "MAE": 20231.573530421818,
    "MAPE_pct": 7.605182102126435,
    "R2": 0.9217122962753974,
    "residual_skew": -1.3642274760601785,
    "residual_kurtosis": 27.728034555286683
  },
  "log_target": true
}