{
  "train": {
    "RMSE": 48650.06179290428,
    "MAE": 28294.286729119285,
    "MAPE_pct": 10.693478286632436,
    "R2": 0.8413898260912382,
    "residual_skew": 3.289999872258815,
    "residual_kurtosis": 29.574699503167167
  },
  "test": {
    "RMSE": 48469.39325237021,
    "MAE": 28055.029900354308,
    "MAPE_pct": 10.044785025598491,
    "R2": 0.8437410730092032,
    "residual_skew": 2.1936473723202785,
    "residual_kurtosis": 15.490875715192166
  },
  "log_target": true
}