{
  "train": {
    "RMSE": 23821.548010092378,
    "MAE": 15612.946848308156,
    "MAPE_pct": 5.899634539011768,
    "R2": 0.9619719366226331,
    "residual_skew": 1.1943781977465024,
    "residual_kurtosis": 16.456277097915617
  },
  "test": {
    "RMSE": 34212.713226029395,
    "MAE": 20214.33181025429,
    "MAPE_pct": 7.5226740445297775,
    "R2": 0.9221453233016604,
    "residual_skew": -0.47762578617063,
    "residual_kurtosis": 26.25902494305653
  },
  "log_target": true
}