{
  "train": {
    "RMSE": 30142.188047883687,
    "MAE": 17864.46782121897,
    "MAPE_pct": 6.706690737782312,
    "R2": 0.9391145109535247,
    "residual_skew": 0.8170494433696628,
    "residual_kurtosis": 36.33624259105789
  },
  "test": {
    "RMSE": 37570.90947221962,
    "MAE": 20682.435384483993,
    "MAPE_pct": 7.57008751013713,
    "R2": 0.9061113515085826,
    "residual_skew": -1.6425866714239061,
    "residual_kurtosis": 44.671808013562256
  },
  "log_target": true
}