{
  "best": {
    "r2": 0.9290096315763833,
    "params": {
      "n_estimators": 2564,
      "learning_rate": 0.0642772547438677,
      "max_depth": 3,
      "min_child_weight": 5.0,
      "gamma": 0.05014835039229529,
      "subsample": 0.7115459039605571,
      "colsample_bytree": 0.714819317144415,
      "reg_lambda": 1.124066215444192,
      "reg_alpha": 0.05299155269616779
    },
    "iteration": null,
    "metrics": null
  },
  "finalists": [],
  "seed": 42,
  "n_calls": 200
}