{
  "train": {
    "RMSE": 33421.13596865075,
    "MAE": 20294.040849949157,
    "MAPE_pct": 7.596564762048505,
    "R2": 0.9251474390768925,
    "residual_skew": 1.8917257222095245,
    "residual_kurtosis": 25.18260544635006
  },
  "test": {
    "RMSE": 40513.88169450256,
    "MAE": 22579.962955895615,
    "MAPE_pct": 8.171798200361332,
    "R2": 0.8908264625694811,
    "residual_skew": -0.32686750642379264,
    "residual_kurtosis": 30.658178348238394
  },
  "log_target": true
}