{
  "train": {
    "RMSE": 31384.00538467813,
    "MAE": 18847.19944619174,
    "MAPE_pct": 7.019070375818432,
    "R2": 0.9339943688549937,
    "residual_skew": 1.6678430483622817,
    "residual_kurtosis": 30.0427063022535
  },
  "test": {
    "RMSE": 39783.027483756916,
    "MAE": 22135.33110009088,
    "MAPE_pct": 8.011409754182305,
    "R2": 0.8947298283759003,
    "residual_skew": -0.568445567697502,
    "residual_kurtosis": 31.931847646460398
  },
  "log_target": true
}