{
  "train": {
    "RMSE": 23587.86281268276,
    "MAE": 15640.164264057496,
    "MAPE_pct": 5.967998234310168,
    "R2": 0.9627143743117417,
    "residual_skew": 0.797002634551342,
    "residual_kurtosis": 13.06857721154281
  },
  "test": {
    "RMSE": 34114.25512045517,
    "MAE": 20193.598186897772,
    "MAPE_pct": 7.501350037363908,
    "R2": 0.9225927823537152,
    "residual_skew": -0.9500556921457819,
    "residual_kurtosis": 26.777032201680377
  },
  "log_target": true
}