{
  "train": {
    "RMSE": 35551.464373784074,
    "MAE": 21389.627399876143,
    "MAPE_pct": 8.019282294826244,
    "R2": 0.9153008138915285,
    "residual_skew": 1.3885094389243762,
    "residual_kurtosis": 27.52739648642198
  },
  "test": {
    "RMSE": 41140.7475007132,
    "MAE": 23424.322098977722,
    "MAPE_pct": 8.589589599917344,
    "R2": 0.8874218706562781,
    "residual_skew": -0.4252877098527362,
    "residual_kurtosis": 30.012705532915668
  },
  "log_target": true
}