{
  "train": {
    "RMSE": 27866.068630795162,
    "MAE": 16703.028876887864,
    "MAPE_pct": 6.16744643698747,
    "R2": 0.9479625922919674,
    "residual_skew": 2.537788489513353,
    "residual_kurtosis": 32.46789233918069
  },
  "test": {
    "RMSE": 36553.374073265004,
    "MAE": 21072.03511850586,
    "MAPE_pct": 7.763871642858204,
    "R2": 0.9111280697131606,
    "residual_skew": 0.5743084865732738,
    "residual_kurtosis": 19.180622485265054
  },
  "log_target": true
}