{
  "train": {
    "RMSE": 17817.443484325402,
    "MAE": 11400.572471253661,
    "MAPE_pct": 4.269427782815498,
    "R2": 0.9787257122690627,
    "residual_skew": 1.544387973290274,
    "residual_kurtosis": 19.136566732786118
  },
  "test": {
    "RMSE": 32984.80856635607,
    "MAE": 20416.700759644602,
    "MAPE_pct": 7.6199001052105615,
    "R2": 0.9276334935558863,
    "residual_skew": 0.1744765927021527,
    "residual_kurtosis": 13.457202150189788
  },
  "log_target": true
}