{
  "train": {
    "RMSE": 22730.092791851162,
    "MAE": 15039.84075535756,
    "MAPE_pct": 5.697779538483498,
    "R2": 0.9653768429112053,
    "residual_skew": 1.1476930509133887,
    "residual_kurtosis": 12.825879823644172
  },
  "test": {
    "RMSE": 35388.73783471687,
    "MAE": 20747.303886716025,
    "MAPE_pct": 7.677281153116912,
    "R2": 0.9167009941360662,
    "residual_skew": -0.874165718020891,
    "residual_kurtosis": 24.95941452805838
  },
  "log_target": true
}