{
  "train": {
    "RMSE": 38047.774398758345,
    "MAE": 22838.36688551569,
    "MAPE_pct": 8.5486473396053,
    "R2": 0.9029886016837458,
    "residual_skew": 2.003517460604013,
    "residual_kurtosis": 27.277103744468377
  },
  "test": {
    "RMSE": 43181.913743426085,
    "MAE": 24329.574310029395,
    "MAPE_pct": 8.730780112005549,
    "R2": 0.8759737986301639,
    "residual_skew": 0.3193767663188713,
    "residual_kurtosis": 25.300245657321433
  },
  "log_target": true
}