{
  "train": {
    "RMSE": 47499.479742231124,
    "MAE": 27500.94806772924,
    "MAPE_pct": 10.440918072675593,
    "R2": 0.8488034245763821,
    "residual_skew": 3.2980168032016026,
    "residual_kurtosis": 31.256400147794636
  },
  "test": {
    "RMSE": 47093.2530478384,
    "MAE": 27059.939221255176,
    "MAPE_pct": 9.659230774256548,
    "R2": 0.8524881011178321,
    "residual_skew": 2.138878707472908,
    "residual_kurtosis": 16.554896541126993
  },
  "log_target": true
}