{
  "train": {
    "RMSE": 28941.773602876467,
    "MAE": 17812.88254212675,
    "MAPE_pct": 6.720390152822786,
    "R2": 0.9438674809112996,
    "residual_skew": 0.780312457813336,
    "residual_kurtosis": 27.768802473748643
  },
  "test": {
    "RMSE": 36655.3808066083,
    "MAE": 20940.50484570157,
    "MAPE_pct": 7.722723829470636,
    "R2": 0.9106313612819363,
    "residual_skew": -1.2788968689392857,
    "residual_kurtosis": 35.909252762976884
  },
  "log_target": true
}