{
  "train": {
    "RMSE": 46586.214730502266,
    "MAE": 27284.012526591683,
    "MAPE_pct": 10.317139445471934,
    "R2": 0.8545615969744808,
    "residual_skew": 3.1617355656346096,
    "residual_kurtosis": 29.97702777630264
  },
  "test": {
    "RMSE": 47571.95543403169,
    "MAE": 27676.79854046764,
    "MAPE_pct": 9.947776944308282,
    "R2": 0.8494739455789873,
    "residual_skew": 1.8538027400784354,
    "residual_kurtosis": 15.86880458700554
  },
  "log_target": true
}