{
  "train": {
    "RMSE": 22311.57677658453,
    "MAE": 14979.87477810943,
    "MAPE_pct": 5.654239989867933,
    "R2": 0.9666400972855994,
    "residual_skew": 1.0502506223289583,
    "residual_kurtosis": 11.149128233534029
  },
  "test": {
    "RMSE": 35355.63990731916,
    "MAE": 20264.919235255118,
    "MAPE_pct": 7.450163319254361,
    "R2": 0.9168567349360871,
    "residual_skew": -0.7198564694174696,
    "residual_kurtosis": 28.345938843447122
  },
  "log_target": true
}