{
  "train": {
    "RMSE": 23597.113312532405,
    "MAE": 15908.35298791302,
    "MAPE_pct": 6.008730714969366,
    "R2": 0.9626851238188316,
    "residual_skew": 1.0146827538794776,
    "residual_kurtosis": 10.682933040403427
  },
  "test": {
    "RMSE": 34206.30952677931,
    "MAE": 19984.237958672566,
    "MAPE_pct": 7.382845742723894,
    "R2": 0.9221744651749273,
    "residual_skew": -0.6113389783297887,
    "residual_kurtosis": 25.027071764237398
  },
  "log_target": true
}