{
  "train": {
    "RMSE": 22424.627680381647,
    "MAE": 14376.617026621858,
    "MAPE_pct": 5.449210549285806,
    "R2": 0.966301177110468,
    "residual_skew": 1.2149455065350312,
    "residual_kurtosis": 17.391821469209066
  },
  "test": {
    "RMSE": 37045.701842606315,
    "MAE": 20699.622839913383,
    "MAPE_pct": 7.611078342380108,
    "R2": 0.9087179624841288,
    "residual_skew": -1.5402256085429793,
    "residual_kurtosis": 39.13875968698816
  },
  "log_target": true
}