{
  "train": {
    "RMSE": 29507.36354160237,
    "MAE": 19006.973133273677,
    "MAPE_pct": 7.160813408090941,
    "R2": 0.9416521223477643,
    "residual_skew": 1.2070506175799403,
    "residual_kurtosis": 15.110885860930022
  },
  "test": {
    "RMSE": 39720.46626158427,
    "MAE": 22142.149454874492,
    "MAPE_pct": 8.08690436501681,
    "R2": 0.8950606555000507,
    "residual_skew": -0.9270490198208895,
    "residual_kurtosis": 37.74644997922565
  },
  "log_target": true
}