{
  "train": {
    "RMSE": 32117.968664245138,
    "MAE": 19430.524434175975,
    "MAPE_pct": 7.314532168124743,
    "R2": 0.9308709817887326,
    "residual_skew": 0.9251690582161826,
    "residual_kurtosis": 30.184258307180123
  },
  "test": {
    "RMSE": 40735.230519815304,
    "MAE": 22073.335246604816,
    "MAPE_pct": 7.998460489141679,
    "R2": 0.8896302578344777,
    "residual_skew": -1.5929350083460805,
    "residual_kurtosis": 45.28000864695397
  },
  "log_target": true
}