{
  "train": {
    "RMSE": 23647.45308607021,
    "MAE": 15687.823197748767,
    "MAPE_pct": 5.933587118301796,
    "R2": 0.962525746185392,
    "residual_skew": 1.0018355651538613,
    "residual_kurtosis": 13.141193705453851
  },
  "test": {
    "RMSE": 34057.76016943652,
    "MAE": 20317.160872731125,
    "MAPE_pct": 7.546029168091276,
    "R2": 0.9228489506857701,
    "residual_skew": -0.8799368163657494,
    "residual_kurtosis": 24.42018917737468
  },
  "log_target": true
}