{
  "train": {
    "RMSE": 22317.96842937255,
    "MAE": 15052.391761203884,
    "MAPE_pct": 5.666246048356681,
    "R2": 0.9666209811595754,
    "residual_skew": 0.9624489847411561,
    "residual_kurtosis": 10.731895092405491
  },
  "test": {
    "RMSE": 33386.43507936409,
    "MAE": 19763.70153200672,
    "MAPE_pct": 7.380759129275042,
    "R2": 0.9258604802232349,
    "residual_skew": -0.11316711562566706,
    "residual_kurtosis": 19.828450770946915
  },
  "log_target": true
}