{
  "train": {
    "RMSE": 23102.1224039942,
    "MAE": 15728.125295485848,
    "MAPE_pct": 5.951240473342634,
    "R2": 0.9642341945352773,
    "residual_skew": 0.8479819348410768,
    "residual_kurtosis": 9.355757602351819
  },
  "test": {
    "RMSE": 33084.2603296269,
    "MAE": 20031.035323568867,
    "MAPE_pct": 7.516261513959457,
    "R2": 0.927196454403434,
    "residual_skew": -1.1885278416451521,
    "residual_kurtosis": 24.218673014609294
  },
  "log_target": true
}