{
  "train": {
    "RMSE": 36006.60324344756,
    "MAE": 21588.43219280031,
    "MAPE_pct": 8.139134265107351,
    "R2": 0.9131182509361254,
    "residual_skew": 0.8821187879677336,
    "residual_kurtosis": 32.54861545172126
  },
  "test": {
    "RMSE": 42105.636191922655,
    "MAE": 22983.909484869,
    "MAPE_pct": 8.245597741179706,
    "R2": 0.8820792755238833,
    "residual_skew": -1.04374253248894,
    "residual_kurtosis": 40.94674082431355
  },
  "log_target": true
}