{
  "train": {
    "RMSE": 24076.754853966115,
    "MAE": 16256.432654024897,
    "MAPE_pct": 6.166646862969127,
    "R2": 0.9611527616199003,
    "residual_skew": 0.8879841003088035,
    "residual_kurtosis": 10.557500758385977
  },
  "test": {
    "RMSE": 33216.68757000426,
    "MAE": 19493.403246136742,
    "MAPE_pct": 7.334371159526142,
    "R2": 0.926612462618541,
    "residual_skew": -1.1462669281302986,
    "residual_kurtosis": 29.222386057604737
  },
  "log_target": true
}