{
  "train": {
    "RMSE": 46063.959704324356,
    "MAE": 26832.660275240294,
    "MAPE_pct": 10.179591724808507,
    "R2": 0.8578041950341749,
    "residual_skew": 3.1180042505178087,
    "residual_kurtosis": 30.216561175218978
  },
  "test": {
    "RMSE": 47124.8450216972,
    "MAE": 27070.297548134542,
    "MAPE_pct": 9.690473356688345,
    "R2": 0.8522901213704122,
    "residual_skew": 1.8144558223549523,
    "residual_kurtosis": 16.2258751853284
  },
  "log_target": true
}