{
  "train": {
    "RMSE": 33572.85116313334,
    "MAE": 20135.14763804224,
    "MAPE_pct": 7.522552323516668,
    "R2": 0.9244663104201345,
    "residual_skew": 1.7169380598333541,
    "residual_kurtosis": 30.688745726718572
  },
  "test": {
    "RMSE": 39377.506464055026,
    "MAE": 22152.45307928306,
    "MAPE_pct": 7.9945359941262675,
    "R2": 0.8968649949233067,
    "residual_skew": -0.6031598556254718,
    "residual_kurtosis": 33.61602126429559
  },
  "log_target": true
}