{
  "train": {
    "RMSE": 35267.10454020743,
    "MAE": 21425.755954449538,
    "MAPE_pct": 8.04640990880349,
    "R2": 0.9166503348902616,
    "residual_skew": 1.1763500909597768,
    "residual_kurtosis": 27.155848749710607
  },
  "test": {
    "RMSE": 41671.002329887975,
    "MAE": 23223.674406379687,
    "MAPE_pct": 8.447736038439613,
    "R2": 0.8845011752655398,
    "residual_skew": -0.9468009922680085,
    "residual_kurtosis": 36.573042036204015
  },
  "log_target": true
}