{
  "train": {
    "RMSE": 42990.47613829384,
    "MAE": 24790.798793593378,
    "MAPE_pct": 9.364908580587239,
    "R2": 0.876146364468579,
    "residual_skew": 3.011302484050478,
    "residual_kurtosis": 34.09806739158735
  },
  "test": {
    "RMSE": 44431.06524034894,
    "MAE": 25224.894465326757,
    "MAPE_pct": 8.994205595841082,
    "R2": 0.8686944380684664,
    "residual_skew": 1.550934283665099,
    "residual_kurtosis": 19.447739962675456
  },
  "log_target": true
}