{
  "train": {
    "RMSE": 23379.85108571807,
    "MAE": 15763.356137120994,
    "MAPE_pct": 5.957003633442634,
    "R2": 0.9633690881047361,
    "residual_skew": 0.9287634057797137,
    "residual_kurtosis": 10.813097543132852
  },
  "test": {
    "RMSE": 34761.61865889299,
    "MAE": 20132.097394520726,
    "MAPE_pct": 7.502123332569723,
    "R2": 0.91962709730473,
    "residual_skew": -1.3689725230087046,
    "residual_kurtosis": 31.560825796051475
  },
  "log_target": true
}