{
  "train": {
    "RMSE": 25263.891085068713,
    "MAE": 16908.164748813113,
    "MAPE_pct": 6.4145345214657175,
    "R2": 0.957227490677735,
    "residual_skew": 1.0518365267733882,
    "residual_kurtosis": 10.706300082590452
  },
  "test": {
    "RMSE": 34964.58670974058,
    "MAE": 20792.91747131556,
    "MAPE_pct": 7.7542576806934935,
    "R2": 0.9186857857642075,
    "residual_skew": -0.3912588344696085,
    "residual_kurtosis": 20.679080724042116
  },
  "log_target": true
}