{
  "train": {
    "RMSE": 36185.76825301877,
    "MAE": 21873.12215554487,
    "MAPE_pct": 8.253368093926095,
    "R2": 0.912251471190491,
    "residual_skew": 1.622991837861708,
    "residual_kurtosis": 28.749646857738227
  },
  "test": {
    "RMSE": 40449.12711682411,
    "MAE": 23084.646865493694,
    "MAPE_pct": 8.36134725875174,
    "R2": 0.8911751744838329,
    "residual_skew": -0.5482793408059268,
    "residual_kurtosis": 32.393646048447955
  },
  "log_target": true
}