{
  "train": {
    "RMSE": 22410.71125397719,
    "MAE": 15227.49742002588,
    "MAPE_pct": 5.774603249490487,
    "R2": 0.9663429902168378,
    "residual_skew": 0.9753681226363542,
    "residual_kurtosis": 10.304587820521025
  },
  "test": {
    "RMSE": 34643.570314169854,
    "MAE": 20149.837305102697,
    "MAPE_pct": 7.4337225467698715,
    "R2": 0.9201720533996081,
    "residual_skew": 0.26418401650491735,
    "residual_kurtosis": 19.274876462929925
  },
  "log_target": true
}