{
  "train": {
    "RMSE": 45870.59366313671,
    "MAE": 26478.21787317164,
    "MAPE_pct": 10.019581273019734,
    "R2": 0.8589955007495435,
    "residual_skew": 3.236228209833754,
    "residual_kurtosis": 32.27549586935749
  },
  "test": {
    "RMSE": 45797.748169836515,
    "MAE": 26348.82171696501,
    "MAPE_pct": 9.438014568120119,
    "R2": 0.8604923828770444,
    "residual_skew": 1.9013510437777974,
    "residual_kurtosis": 16.93569802697052
  },
  "log_target": true
}