{
  "train": {
    "RMSE": 37642.062259589155,
    "MAE": 22758.784641959915,
    "MAPE_pct": 8.563182248404363,
    "R2": 0.9050464806069336,
    "residual_skew": 1.1449897190256064,
    "residual_kurtosis": 30.826538155798133
  },
  "test": {
    "RMSE": 42537.89079217777,
    "MAE": 23497.756286517797,
    "MAPE_pct": 8.472214649417104,
    "R2": 0.8796457099848387,
    "residual_skew": -0.5908601662681948,
    "residual_kurtosis": 36.28757097923698
  },
  "log_target": true
}