{
  "train": {
    "RMSE": 26888.882492403893,
    "MAE": 16688.46867002108,
    "MAPE_pct": 6.306417567955325,
    "R2": 0.9515482179115083,
    "residual_skew": 1.0559528398161073,
    "residual_kurtosis": 24.157925433909398
  },
  "test": {
    "RMSE": 36345.65237432355,
    "MAE": 20543.72797950306,
    "MAPE_pct": 7.665422653007627,
    "R2": 0.9121352640282199,
    "residual_skew": -1.1374297571660748,
    "residual_kurtosis": 36.262633537253976
  },
  "log_target": true
}