{
  "train": {
    "RMSE": 28630.668470444776,
    "MAE": 18246.235247110923,
    "MAPE_pct": 6.864828657789449,
    "R2": 0.9450677706028292,
    "residual_skew": 1.4330484768699558,
    "residual_kurtosis": 16.17859549647654
  },
  "test": {
    "RMSE": 39203.340324371886,
    "MAE": 21705.252496819816,
    "MAPE_pct": 8.000316943713491,
    "R2": 0.8977753065754861,
    "residual_skew": -1.46022639300718,
    "residual_kurtosis": 40.41767419499981
  },
  "log_target": true
}