{
  "train": {
    "RMSE": 44806.16197992819,
    "MAE": 25950.801811744324,
    "MAPE_pct": 9.795325325281082,
    "R2": 0.8654636199490278,
    "residual_skew": 3.093271770064152,
    "residual_kurtosis": 31.97440336167977
  },
  "test": {
    "RMSE": 45715.45849477802,
    "MAE": 26312.17227930613,
    "MAPE_pct": 9.422588575037658,
    "R2": 0.8609932687607209,
    "residual_skew": 1.708570816628661,
    "residual_kurtosis": 17.313234031710692
  },
  "log_target": true
}