{
  "train": {
    "RMSE": 38805.05581672376,
    "MAE": 23114.50539215998,
    "MAPE_pct": 8.773734875541752,
    "R2": 0.8990884507454384,
    "residual_skew": 1.5388899796639421,
    "residual_kurtosis": 30.266631758715185
  },
  "test": {
    "RMSE": 41974.03543765791,
    "MAE": 23801.468839443285,
    "MAPE_pct": 8.570587634016642,
    "R2": 0.8828152437359382,
    "residual_skew": -0.28270976069976406,
    "residual_kurtosis": 31.057004757514058
  },
  "log_target": true
}