{
  "train": {
    "RMSE": 26737.648134292016,
    "MAE": 17572.842307103325,
    "MAPE_pct": 6.700975915848359,
    "R2": 0.9520917114902889,
    "residual_skew": 0.6359939079311758,
    "residual_kurtosis": 14.608351914715598
  },
  "test": {
    "RMSE": 35704.7741862815,
    "MAE": 20469.25290589211,
    "MAPE_pct": 7.622419414569781,
    "R2": 0.9152065603421435,
    "residual_skew": -1.4939048177703556,
    "residual_kurtosis": 38.85462207281328
  },
  "log_target": true
}