{
  "train": {
    "RMSE": 24560.640408819276,
    "MAE": 16181.34030947336,
    "MAPE_pct": 6.097310069920768,
    "R2": 0.9595755963139372,
    "residual_skew": 1.2866323388318484,
    "residual_kurtosis": 13.140390179992245
  },
  "test": {
    "RMSE": 34321.4657376282,
    "MAE": 20248.74312045182,
    "MAPE_pct": 7.547170149414479,
    "R2": 0.9216495807688688,
    "residual_skew": -1.2965076868564847,
    "residual_kurtosis": 29.3607381356531
  },
  "log_target": true
}