{
  "train": {
    "RMSE": 21934.287543654627,
    "MAE": 15127.609886598417,
    "MAPE_pct": 5.743826486498294,
    "R2": 0.9677587913752445,
    "residual_skew": 0.790365934782221,
    "residual_kurtosis": 8.874503750058487
  },
  "test": {
    "RMSE": 32669.679907983053,
    "MAE": 20021.16420827824,
    "MAPE_pct": 7.547462049521774,
    "R2": 0.9290096315763833,
    "residual_skew": -0.6772371637905975,
    "residual_kurtosis": 20.03437478433262
  },
  "log_target": true
}