{
  "train": {
    "RMSE": 21659.06378627278,
    "MAE": 13936.561392405074,
    "MAPE_pct": 5.1741805856779575,
    "R2": 0.9685628179920625,
    "residual_skew": 1.676359431411468,
    "residual_kurtosis": 15.241305137608201
  },
  "test": {
    "RMSE": 37554.453583973205,
    "MAE": 21535.589613934342,
    "MAPE_pct": 7.846456672214419,
    "R2": 0.9061935791028972,
    "residual_skew": 0.2621468230100789,
    "residual_kurtosis": 20.89635521926914
  },
  "log_target": true
}