{
  "train": {
    "RMSE": 22443.865406521945,
    "MAE": 14393.115596384107,
    "MAPE_pct": 5.407161304416031,
    "R2": 0.9662433329568473,
    "residual_skew": 1.3172176060090597,
    "residual_kurtosis": 18.030266712693024
  },
  "test": {
    "RMSE": 35714.87118098983,
    "MAE": 20413.929664007366,
    "MAPE_pct": 7.561890940458427,
    "R2": 0.9151585958898747,
    "residual_skew": -0.3922052833618427,
    "residual_kurtosis": 26.840102063639662
  },
  "log_target": true
}