{
  "train": {
    "RMSE": 22759.927909073667,
    "MAE": 14833.425224658373,
    "MAPE_pct": 5.600884000964412,
    "R2": 0.9652858917743705,
    "residual_skew": 1.334048139224592,
    "residual_kurtosis": 15.002313477044105
  },
  "test": {
    "RMSE": 34321.753466927395,
    "MAE": 19901.005254041844,
    "MAPE_pct": 7.327554967746461,
    "R2": 0.921648267083382,
    "residual_skew": -0.24797890683498683,
    "residual_kurtosis": 24.922800185485983
  },
  "log_target": true
}