{
  "train": {
    "RMSE": 25261.836970243403,
    "MAE": 16502.649619601674,
    "MAPE_pct": 6.282552799959134,
    "R2": 0.9572344457483887,
    "residual_skew": 0.9471022338588421,
    "residual_kurtosis": 14.854882304790731
  },
  "test": {
    "RMSE": 34893.0310743744,
    "MAE": 20532.055854812785,
    "MAPE_pct": 7.622708219072936,
    "R2": 0.9190182671111995,
    "residual_skew": -1.275741683869867,
    "residual_kurtosis": 29.655582223019543
  },
  "log_target": true
}