{
  "train": {
    "RMSE": 30264.795462346105,
    "MAE": 18598.03502424415,
    "MAPE_pct": 7.097563433563808,
    "R2": 0.9386181836895152,
    "residual_skew": 0.3463420679618007,
    "residual_kurtosis": 32.84771933906265
  },
  "test": {
    "RMSE": 37272.63708581814,
    "MAE": 20877.405646009993,
    "MAPE_pct": 7.678803063281298,
    "R2": 0.9075961826901653,
    "residual_skew": -2.2965438001741783,
    "residual_kurtosis": 49.730727629766704
  },
  "log_target": true
}