{
  "train": {
    "RMSE": 22964.14731083997,
    "MAE": 14605.532407416518,
    "MAPE_pct": 5.553312032169024,
    "R2": 0.9646601341079452,
    "residual_skew": 1.4054517053891833,
    "residual_kurtosis": 21.017105572601675
  },
  "test": {
    "RMSE": 35801.000056837096,
    "MAE": 20282.438825869052,
    "MAPE_pct": 7.570409023732461,
    "R2": 0.91474890068213,
    "residual_skew": -1.1511550318490191,
    "residual_kurtosis": 35.443699046117864
  },
  "log_target": true
}