{
  "train": {
    "RMSE": 24746.105303476033,
    "MAE": 16319.747525295365,
    "MAPE_pct": 6.234896224130513,
    "R2": 0.9589627771955451,
    "residual_skew": 0.7381517957303071,
    "residual_kurtosis": 14.154154556378018
  },
  "test": {
    "RMSE": 35510.00411195085,
    "MAE": 20808.204986588924,
    "MAPE_pct": 7.719236469895933,
    "R2": 0.9161291360773209,
    "residual_skew": -1.2632796277175022,
    "residual_kurtosis": 30.672760039647507
  },
  "log_target": true
}