{
  "train": {
    "RMSE": 45097.37726678852,
    "MAE": 26294.544321079116,
    "MAPE_pct": 9.90944313017798,
    "R2": 0.8637091125393723,
    "residual_skew": 3.021231821066181,
    "residual_kurtosis": 30.55593528378956
  },
  "test": {
    "RMSE": 46299.668381607626,
    "MAE": 26603.828766702813,
    "MAPE_pct": 9.50196600116727,
    "R2": 0.8574177603571911,
    "residual_skew": 1.7047350663542125,
    "residual_kurtosis": 16.95663032532366
  },
  "log_target": true
}