{
  "train": {
    "RMSE": 27352.022521241503,
    "MAE": 18289.272024493115,
    "MAPE_pct": 6.932272318741899,
    "R2": 0.9498647552267054,
    "residual_skew": 1.0808896044254186,
    "residual_kurtosis": 11.291126836942976
  },
  "test": {
    "RMSE": 36663.39166756543,
    "MAE": 20975.588353205396,
    "MAPE_pct": 7.739878888096034,
    "R2": 0.9105922948227487,
    "residual_skew": -1.7566875658432337,
    "residual_kurtosis": 39.98791283087945
  },
  "log_target": true
}