{
  "train": {
    "RMSE": 36390.240442975904,
    "MAE": 21817.92547792342,
    "MAPE_pct": 8.170140022777957,
    "R2": 0.9112570014389425,
    "residual_skew": 1.371969373383245,
    "residual_kurtosis": 30.400891946004748
  },
  "test": {
    "RMSE": 40618.9934240104,
    "MAE": 23316.07598631535,
    "MAPE_pct": 8.512012636636248,
    "R2": 0.890259234492321,
    "residual_skew": -0.27227715123989027,
    "residual_kurtosis": 26.64894792714417
  },
  "log_target": true
}