{
  "train": {
    "RMSE": 22456.377507754605,
    "MAE": 14879.898822207157,
    "MAPE_pct": 5.610711515436717,
    "R2": 0.9662056848459629,
    "residual_skew": 1.1920164150457342,
    "residual_kurtosis": 12.714007934743119
  },
  "test": {
    "RMSE": 34803.73015098886,
    "MAE": 20042.367787258474,
    "MAPE_pct": 7.430382692813883,
    "R2": 0.9194322460224831,
    "residual_skew": -0.3758844912204533,
    "residual_kurtosis": 26.13959146595812
  },
  "log_target": true
}