{
  "train": {
    "RMSE": 22580.921113632303,
    "MAE": 15414.575001485755,
    "MAPE_pct": 5.819354626631864,
    "R2": 0.9658297972299578,
    "residual_skew": 0.829854272669278,
    "residual_kurtosis": 10.109243617637848
  },
  "test": {
    "RMSE": 32634.756505327863,
    "MAE": 19611.557546104363,
    "MAPE_pct": 7.380171145734874,
    "R2": 0.9291613257527943,
    "residual_skew": -1.229402209229196,
    "residual_kurtosis": 25.646442212856876
  },
  "log_target": true
}