{
  "train": {
    "RMSE": 25044.350170718077,
    "MAE": 16082.850312618788,
    "MAPE_pct": 6.040131981270958,
    "R2": 0.9579676391591636,
    "residual_skew": 1.1106425042364811,
    "residual_kurtosis": 16.226314611256626
  },
  "test": {
    "RMSE": 38789.46264090547,
    "MAE": 21056.87755947246,
    "MAPE_pct": 7.745619095889708,
    "R2": 0.8999223271667308,
    "residual_skew": -1.7932256142269931,
    "residual_kurtosis": 46.343357766626355
  },
  "log_target": true
}