{
  "train": {
    "RMSE": 9121.089507338571,
    "MAE": 6401.8380041258915,
    "MAPE_pct": 2.458727195870968,
    "R2": 0.9940451550939485,
    "residual_skew": 0.7075879570798908,
    "residual_kurtosis": 9.925405105637292
  },
  "test": {
    "RMSE": 35211.01468713079,
    "MAE": 20667.78158414869,
    "MAPE_pct": 7.065664625904139,
    "R2": 0.9330693686358317,
    "residual_skew": 1.272177645807615,
    "residual_kurtosis": 15.620808130034494
  },
  "log_target": true
}