{
  "train": {
    "RMSE": 46118.107199131155,
    "MAE": 27088.71421371144,
    "MAPE_pct": 10.255303040072485,
    "R2": 0.8574697004743822,
    "residual_skew": 2.7848267990992532,
    "residual_kurtosis": 27.26642321632564
  },
  "test": {
    "RMSE": 47367.72385944778,
    "MAE": 26960.038214504213,
    "MAPE_pct": 9.63926761139736,
    "R2": 0.8507636206863225,
    "residual_skew": 1.737007752526092,
    "residual_kurtosis": 17.745643517071827
  },
  "log_target": true
}