{
  "train": {
    "RMSE": 37763.490695679386,
    "MAE": 22475.363891609046,
    "MAPE_pct": 8.418627406518004,
    "R2": 0.9044328768930768,
    "residual_skew": 1.5957933983332997,
    "residual_kurtosis": 30.26676032781728
  },
  "test": {
    "RMSE": 43732.25210201439,
    "MAE": 24195.137573275468,
    "MAPE_pct": 8.668679195068215,
    "R2": 0.8727923125900061,
    "residual_skew": -0.3639929686737249,
    "residual_kurtosis": 32.54083333324219
  },
  "log_target": true
}