{
  "train": {
    "RMSE": 20283.285910789393,
    "MAE": 13914.334168260795,
    "MAPE_pct": 5.249185666316268,
    "R2": 0.9724297392339306,
    "residual_skew": 0.8146628400310381,
    "residual_kurtosis": 8.851261182399519
  },
  "test": {
    "RMSE": 34162.57877950778,
    "MAE": 20070.258226727954,
    "MAPE_pct": 7.437032980854312,
    "R2": 0.9223733286792761,
    "residual_skew": -0.09010115189208771,
    "residual_kurtosis": 19.904182427438755
  },
  "log_target": true
}