{
  "train": {
    "RMSE": 26895.82049716186,
    "MAE": 17696.709158319325,
    "MAPE_pct": 6.673492578930647,
    "R2": 0.9515232111405177,
    "residual_skew": 1.0338497446364752,
    "residual_kurtosis": 11.966543255174944
  },
  "test": {
    "RMSE": 35178.0329729844,
    "MAE": 20867.851323493993,
    "MAPE_pct": 7.774210335877191,
    "R2": 0.9176899672203453,
    "residual_skew": -1.2417973434153298,
    "residual_kurtosis": 28.979442719380295
  },
  "log_target": true
}