{
  "train": {
    "RMSE": 36088.79814402924,
    "MAE": 21657.600565431294,
    "MAPE_pct": 8.142660260011096,
    "R2": 0.9127211355742896,
    "residual_skew": 0.931534648405608,
    "residual_kurtosis": 32.320050092025014
  },
  "test": {
    "RMSE": 42284.05457576007,
    "MAE": 23344.048730508577,
    "MAPE_pct": 8.450747171234752,
    "R2": 0.8810778038547553,
    "residual_skew": -1.0463583809219081,
    "residual_kurtosis": 38.75701092916857
  },
  "log_target": true
}