{
  "train": {
    "RMSE": 43194.09817517931,
    "MAE": 25402.876517331082,
    "MAPE_pct": 9.530589145650584,
    "R2": 0.8749703340171746,
    "residual_skew": 2.6519993874921064,
    "residual_kurtosis": 28.96918616961144
  },
  "test": {
    "RMSE": 45435.930045718786,
    "MAE": 26118.129729882698,
    "MAPE_pct": 9.369026268198057,
    "R2": 0.8626879927421137,
    "residual_skew": 1.1383362472807994,
    "residual_kurtosis": 18.80923177540103
  },
  "log_target": true
}