{
  "train": {
    "RMSE": 41559.55960636282,
    "MAE": 24536.834710455543,
    "MAPE_pct": 9.264310529987247,
    "R2": 0.8842539650597278,
    "residual_skew": 2.3709960672449895,
    "residual_kurtosis": 29.14735615595807
  },
  "test": {
    "RMSE": 43301.41700107212,
    "MAE": 24843.035112740916,
    "MAPE_pct": 8.96658072092925,
    "R2": 0.8752863791691775,
    "residual_skew": 0.7188117430047667,
    "residual_kurtosis": 21.91686514923382
  },
  "log_target": true
}