{
  "train": {
    "RMSE": 25683.93552165494,
    "MAE": 16062.463238166772,
    "MAPE_pct": 6.053471975629565,
    "R2": 0.9557933718155702,
    "residual_skew": 0.6510564926099126,
    "residual_kurtosis": 23.31880254518316
  },
  "test": {
    "RMSE": 38707.799130299536,
    "MAE": 21154.25419857039,
    "MAPE_pct": 7.758026115639273,
    "R2": 0.9003432709256166,
    "residual_skew": -2.407242930109205,
    "residual_kurtosis": 50.7074023202974
  },
  "log_target": true
}