{
  "train": {
    "RMSE": 32306.09575307341,
    "MAE": 19635.358930395494,
    "MAPE_pct": 7.388281391828828,
    "R2": 0.9300587804439007,
    "residual_skew": 0.2901625620987686,
    "residual_kurtosis": 32.96283703540071
  },
  "test": {
    "RMSE": 41561.445993992704,
    "MAE": 22444.682358758164,
    "MAPE_pct": 8.15809753084411,
    "R2": 0.8851076878829915,
    "residual_skew": -2.481985205903608,
    "residual_kurtosis": 54.8407048883835
  },
  "log_target": true
}