{
  "train": {
    "RMSE": 6019.783760025922,
    "MAE": 4129.671193886165,
    "MAPE_pct": 1.5384327189101665,
    "R2": 0.9975715675312071,
    "residual_skew": 1.0050840416180995,
    "residual_kurtosis": 7.584784363754031
  },
  "test": {
    "RMSE": 31668.37824882205,
    "MAE": 19607.330490191765,
    "MAPE_pct": 7.377167688429317,
    "R2": 0.9332945499789935,
    "residual_skew": 0.12033392004787347,
    "residual_kurtosis": 15.752769276158487
  },
  "log_target": true
}