{
  "train": {
    "RMSE": 43922.862239120586,
    "MAE": 25859.448487705104,
    "MAPE_pct": 9.806660421724095,
    "R2": 0.8707157812734543,
    "residual_skew": 2.705526053392856,
    "residual_kurtosis": 29.331786246768566
  },
  "test": {
    "RMSE": 44463.3907445461,
    "MAE": 25810.313225367197,
    "MAPE_pct": 9.333492727710325,
    "R2": 0.8685033077183423,
    "residual_skew": 1.1430573447520604,
    "residual_kurtosis": 18.512642912707157
  },
  "log_target": true
}