{
  "train": {
    "RMSE": 23035.38899039621,
    "MAE": 15582.079709747544,
    "MAPE_pct": 5.880317176280829,
    "R2": 0.9644405242392574,
    "residual_skew": 1.0181780491260284,
    "residual_kurtosis": 10.600656590441517
  },
  "test": {
    "RMSE": 33386.264840956224,
    "MAE": 20321.92154997783,
    "MAPE_pct": 7.631019140741861,
    "R2": 0.9258612363004619,
    "residual_skew": -0.8568599286125611,
    "residual_kurtosis": 20.464730144759812
  },
  "log_target": true
}