{
  "train": {
    "RMSE": 40273.7335707305,
    "MAE": 24540.320895824963,
    "MAPE_pct": 9.336621031343064,
    "R2": 0.8913053835915297,
    "residual_skew": 1.263214279406052,
    "residual_kurtosis": 26.215176617726474
  },
  "test": {
    "RMSE": 45213.32268795257,
    "MAE": 25587.976943804042,
    "MAPE_pct": 9.199028956572166,
    "R2": 0.8640301809365044,
    "residual_skew": -0.25114359236894745,
    "residual_kurtosis": 29.911118756246722
  },
  "log_target": true
}