{
  "train": {
    "RMSE": 22879.550598064423,
    "MAE": 15612.090697302712,
    "MAPE_pct": 5.908581521727348,
    "R2": 0.9649200287813492,
    "residual_skew": 0.8462959501415839,
    "residual_kurtosis": 9.037239404977392
  },
  "test": {
    "RMSE": 32663.80276989409,
    "MAE": 19829.34801709648,
    "MAPE_pct": 7.52041830288517,
    "R2": 0.9290351710167026,
    "residual_skew": -0.7993509602835163,
    "residual_kurtosis": 22.475196122679087
  },
  "log_target": true
}