{
  "train": {
    "RMSE": 2981.475229810199,
    "MAE": 2048.595398483996,
    "MAPE_pct": 0.7702717215958865,
    "R2": 0.9994043012894991,
    "residual_skew": 0.6441590846141735,
    "residual_kurtosis": 5.711377687521629
  },
  "test": {
    "RMSE": 31452.68935287651,
    "MAE": 20133.890892255542,
    "MAPE_pct": 7.55644637421177,
    "R2": 0.9342000986436817,
    "residual_skew": 0.7060639770780766,
    "residual_kurtosis": 10.944175561113791
  },
  "log_target": true
}