{
  "train": {
    "RMSE": 24403.1698743819,
    "MAE": 15657.454823626238,
    "MAPE_pct": 5.9851298771106,
    "R2": 0.9600922966652541,
    "residual_skew": 0.8861119846323026,
    "residual_kurtosis": 18.80502825521662
  },
  "test": {
    "RMSE": 36375.74104326728,
    "MAE": 20140.547592406874,
    "MAPE_pct": 7.400380673352499,
    "R2": 0.9119897265521267,
    "residual_skew": -1.530190186382379,
    "residual_kurtosis": 40.37567214731519
  },
  "log_target": true
}