{
  "train": {
    "RMSE": 22923.669310864858,
    "MAE": 15169.51277229012,
    "MAPE_pct": 5.681042365929629,
    "R2": 0.9647846086934514,
    "residual_skew": 1.2402654939303859,
    "residual_kurtosis": 13.08627562879413
  },
  "test": {
    "RMSE": 33738.06366844153,
    "MAE": 20291.109339494476,
    "MAPE_pct": 7.582919788959573,
    "R2": 0.9242905696838954,
    "residual_skew": -0.4369158323125827,
    "residual_kurtosis": 22.528150697766364
  },
  "log_target": true
}