{
  "train": {
    "RMSE": 11990.677175444898,
    "MAE": 8231.548040821162,
    "MAPE_pct": 3.1134127217123524,
    "R2": 0.9903650010836402,
    "residual_skew": 0.7996745564917104,
    "residual_kurtosis": 12.317566185241422
  },
  "test": {
    "RMSE": 31161.048334506944,
    "MAE": 19440.566541671982,
    "MAPE_pct": 7.28626478674152,
    "R2": 0.9354146836257564,
    "residual_skew": -0.3887907014899837,
    "residual_kurtosis": 15.497154768749072
  },
  "log_target": true
}