{
  "train": {
    "RMSE": 23347.930270149387,
    "MAE": 15771.666734967508,
    "MAPE_pct": 5.972001857821488,
    "R2": 0.9634690451451776,
    "residual_skew": 0.9241040728248768,
    "residual_kurtosis": 10.260834522390638
  },
  "test": {
    "RMSE": 33199.038074572956,
    "MAE": 19750.83887421941,
    "MAPE_pct": 7.429480971864311,
    "R2": 0.9266904299890316,
    "residual_skew": -1.2516159938995879,
    "residual_kurtosis": 28.568240312178894
  },
  "log_target": true
}