{
  "train": {
    "RMSE": 22486.889970814686,
    "MAE": 14607.118196072866,
    "MAPE_pct": 5.519171281851586,
    "R2": 0.9661137868249895,
    "residual_skew": 1.3774104680465187,
    "residual_kurtosis": 15.238531657247961
  },
  "test": {
    "RMSE": 35920.941701667805,
    "MAE": 20087.915247305617,
    "MAPE_pct": 7.37780272045106,
    "R2": 0.9141767219506882,
    "residual_skew": -1.0748338557699362,
    "residual_kurtosis": 32.99148314909122
  },
  "log_target": true
}