{
  "train": {
    "RMSE": 27282.08756924317,
    "MAE": 16649.865101723968,
    "MAPE_pct": 6.180904098716427,
    "R2": 0.950120803825443,
    "residual_skew": 1.9823606957638948,
    "residual_kurtosis": 24.84401445332943
  },
  "test": {
    "RMSE": 36652.549098819414,
    "MAE": 20873.08117213918,
    "MAPE_pct": 7.6816426149721755,
    "R2": 0.9106451685915224,
    "residual_skew": -0.05438894380430157,
    "residual_kurtosis": 26.640587919508675
  },
  "log_target": true
}