{
  "train": {
    "RMSE": 23917.457516917537,
    "MAE": 15162.901353322142,
    "MAPE_pct": 5.627216671792671,
    "R2": 0.9616651055951012,
    "residual_skew": 1.9107522088979145,
    "residual_kurtosis": 19.248297682154753
  },
  "test": {
    "RMSE": 35277.028943338286,
    "MAE": 20858.093218490252,
    "MAPE_pct": 7.709627365949216,
    "R2": 0.917226051179714,
    "residual_skew": 0.7661950777040049,
    "residual_kurtosis": 15.267988601609884
  },
  "log_target": true
}