{
  "train": {
    "RMSE": 23768.989475897,
    "MAE": 15823.9705625585,
    "MAPE_pct": 6.006616993367602,
    "R2": 0.9621395574975897,
    "residual_skew": 0.9578831450302058,
    "residual_kurtosis": 12.067684271363785
  },
  "test": {
    "RMSE": 34699.214384569364,
    "MAE": 20452.900707740966,
    "MAPE_pct": 7.5709393437441515,
    "R2": 0.9199154101527366,
    "residual_skew": -0.9490584811305827,
    "residual_kurtosis": 26.551610815105853
  },
  "log_target": true
}