{
  "train": {
    "RMSE": 23242.171184404186,
    "MAE": 15667.30227091754,
    "MAPE_pct": 5.911353306248332,
    "R2": 0.9637992440228942,
    "residual_skew": 1.071508767268313,
    "residual_kurtosis": 10.500157719449103
  },
  "test": {
    "RMSE": 34003.57815052256,
    "MAE": 19741.328307437296,
    "MAPE_pct": 7.327466142842192,
    "R2": 0.9230942324941782,
    "residual_skew": -0.626442297085458,
    "residual_kurtosis": 28.274984265711886
  },
  "log_target": true
}