{
  "train": {
    "RMSE": 23472.594022523986,
    "MAE": 15316.760428349711,
    "MAPE_pct": 5.808251108720102,
    "R2": 0.9630778975032103,
    "residual_skew": 1.0660499692677916,
    "residual_kurtosis": 16.418430334745207
  },
  "test": {
    "RMSE": 34693.47839203525,
    "MAE": 20308.671259275594,
    "MAPE_pct": 7.556128899933976,
    "R2": 0.9199418849101463,
    "residual_skew": -0.8451257708122996,
    "residual_kurtosis": 27.24456545057452
  },
  "log_target": true
}