{
  "train": {
    "RMSE": 24488.46343164301,
    "MAE": 16255.087113304651,
    "MAPE_pct": 6.138928612865155,
    "R2": 0.9598128396461678,
    "residual_skew": 0.9250178885849972,
    "residual_kurtosis": 12.491814247653522
  },
  "test": {
    "RMSE": 34887.041969164275,
    "MAE": 20676.799920782498,
    "MAPE_pct": 7.680062587603976,
    "R2": 0.9190460644380345,
    "residual_skew": -0.6020092723967292,
    "residual_kurtosis": 23.879979854458355
  },
  "log_target": true
}