{
  "train": {
    "RMSE": 42337.8248923994,
    "MAE": 24352.505535343596,
    "MAPE_pct": 9.161984747150004,
    "R2": 0.8798783376894213,
    "residual_skew": 3.026745390410277,
    "residual_kurtosis": 34.61388929466121
  },
  "test": {
    "RMSE": 43940.28725966505,
    "MAE": 24806.8352122372,
    "MAPE_pct": 8.869368891399512,
    "R2": 0.8715791751857171,
    "residual_skew": 1.3927440170905654,
    "residual_kurtosis": 19.688119183832903
  },
  "log_target": true
}