{
  "train": {
    "RMSE": 29565.737619758787,
    "MAE": 18733.085399476135,
    "MAPE_pct": 7.021145255684052,
    "R2": 0.9414210361245317,
    "residual_skew": 1.6140311784584183,
    "residual_kurtosis": 20.296885822221387
  },
  "test": {
    "RMSE": 37640.90901214003,
    "MAE": 21758.616348133462,
    "MAPE_pct": 7.930977499844291,
    "R2": 0.9057611718248152,
    "residual_skew": -0.16714353088507614,
    "residual_kurtosis": 24.522931372970433
  },
  "log_target": true
}