{
  "train": {
    "RMSE": 35119.39126248969,
    "MAE": 21788.64641906493,
    "MAPE_pct": 8.154528046506208,
    "R2": 0.9173470787151675,
    "residual_skew": 1.3789165527884943,
    "residual_kurtosis": 20.2025541102068
  },
  "test": {
    "RMSE": 43483.602070878034,
    "MAE": 24771.840358094287,
    "MAPE_pct": 9.001250661815874,
    "R2": 0.8742347388750519,
    "residual_skew": -0.05532622905801889,
    "residual_kurtosis": 26.998773246297787
  },
  "log_target": true
}