{
  "train": {
    "RMSE": 45273.632423188625,
    "MAE": 26148.929979692526,
    "MAPE_pct": 9.833579275136769,
    "R2": 0.8626416928370841,
    "residual_skew": 3.2464772319449553,
    "residual_kurtosis": 32.36477723618833
  },
  "test": {
    "RMSE": 46277.786400006706,
    "MAE": 26699.492731814553,
    "MAPE_pct": 9.54235329128993,
    "R2": 0.8575525019126377,
    "residual_skew": 1.8148685159034748,
    "residual_kurtosis": 16.373753346889252
  },
  "log_target": true
}