{
  "train": {
    "RMSE": 37340.10926611265,
    "MAE": 22496.581469976605,
    "MAPE_pct": 8.457856509324754,
    "R2": 0.9065637461738387,
    "residual_skew": 1.9863292285838234,
    "residual_kurtosis": 28.31370418984586
  },
  "test": {
    "RMSE": 41212.40654308475,
    "MAE": 23388.275993686126,
    "MAPE_pct": 8.445754645874501,
    "R2": 0.8870293514532952,
    "residual_skew": 0.14883549366441973,
    "residual_kurtosis": 27.526918605764244
  },
  "log_target": true
}