{
  "train": {
    "RMSE": 45346.060210835254,
    "MAE": 26446.81089761482,
    "MAPE_pct": 10.058472769245512,
    "R2": 0.8622018555404036,
    "residual_skew": 3.0352937163092544,
    "residual_kurtosis": 31.738378107242113
  },
  "test": {
    "RMSE": 45219.495567514576,
    "MAE": 26425.65992025007,
    "MAPE_pct": 9.53859823159046,
    "R2": 0.8639930510569511,
    "residual_skew": 1.7381018631815632,
    "residual_kurtosis": 17.994505594951256
  },
  "log_target": true
}