{
  "train": {
    "RMSE": 29264.12120209957,
    "MAE": 17663.545585726657,
    "MAPE_pct": 6.566905311323532,
    "R2": 0.9426101324375314,
    "residual_skew": 1.9249394329344973,
    "residual_kurtosis": 29.728642017277622
  },
  "test": {
    "RMSE": 36571.49218324652,
    "MAE": 21037.90852430246,
    "MAPE_pct": 7.6873518321786305,
    "R2": 0.9110399470430542,
    "residual_skew": -0.019809534236566718,
    "residual_kurtosis": 25.68231372721155
  },
  "log_target": true
}