{
  "train": {
    "RMSE": 32260.018133406767,
    "MAE": 19300.769023867,
    "MAPE_pct": 7.218167184652717,
    "R2": 0.9302581500415293,
    "residual_skew": 1.5406457730754932,
    "residual_kurtosis": 31.288665184047844
  },
  "test": {
    "RMSE": 39668.831758683,
    "MAE": 21902.33294008517,
    "MAPE_pct": 7.892643095009746,
    "R2": 0.8953333093494168,
    "residual_skew": -0.5936614749457322,
    "residual_kurtosis": 33.54301936203715
  },
  "log_target": true
}