{
  "train": {
    "RMSE": 38342.85931683295,
    "MAE": 23012.169883966388,
    "MAPE_pct": 8.649886726761302,
    "R2": 0.9014779950944459,
    "residual_skew": 1.6491496790518814,
    "residual_kurtosis": 29.87446794713449
  },
  "test": {
    "RMSE": 42376.23652519199,
    "MAE": 23945.58266959691,
    "MAPE_pct": 8.584240554064296,
    "R2": 0.8805587226343796,
    "residual_skew": -0.19337671997848954,
    "residual_kurtosis": 30.62699573953165
  },
  "log_target": true
}