{
  "train": {
    "RMSE": 45995.54447314863,
    "MAE": 26705.598389046358,
    "MAPE_pct": 10.086642656417828,
    "R2": 0.8582262661953355,
    "residual_skew": 3.2633758876286545,
    "residual_kurtosis": 32.58368790569877
  },
  "test": {
    "RMSE": 46320.60015330527,
    "MAE": 26799.050519867324,
    "MAPE_pct": 9.58613028932004,
    "R2": 0.8572888102532823,
    "residual_skew": 1.97449695425019,
    "residual_kurtosis": 17.002147455248704
  },
  "log_target": true
}