{
  "train": {
    "RMSE": 44053.101751548194,
    "MAE": 25760.263529703065,
    "MAPE_pct": 9.758076118714172,
    "R2": 0.8699479407213808,
    "residual_skew": 2.8535386677680497,
    "residual_kurtosis": 31.405629311476055
  },
  "test": {
    "RMSE": 45432.07527860669,
    "MAE": 26592.246292753192,
    "MAPE_pct": 9.555935275423044,
    "R2": 0.8627112907512482,
    "residual_skew": 1.4092326058355928,
    "residual_kurtosis": 17.73209381956209
  },
  "log_target": true
}