{
  "train": {
    "RMSE": 22986.060295174106,
    "MAE": 15626.904972737948,
    "MAPE_pct": 5.864950717775097,
    "R2": 0.9645926574980482,
    "residual_skew": 1.0314753793488398,
    "residual_kurtosis": 10.659161892399261
  },
  "test": {
    "RMSE": 32756.78096618898,
    "MAE": 19636.96482826249,
    "MAPE_pct": 7.404360492364699,
    "R2": 0.9286305902777795,
    "residual_skew": -1.2159272497357936,
    "residual_kurtosis": 24.844091728837768
  },
  "log_target": true
}