{
  "train": {
    "RMSE": 36410.42660329849,
    "MAE": 22060.666282734455,
    "MAPE_pct": 8.249834672599452,
    "R2": 0.9111585202403487,
    "residual_skew": 1.435226409998979,
    "residual_kurtosis": 27.02513851836855
  },
  "test": {
    "RMSE": 42248.78333616346,
    "MAE": 23678.273040133936,
    "MAPE_pct": 8.578057186109023,
    "R2": 0.8812761189823333,
    "residual_skew": -0.1944951447596956,
    "residual_kurtosis": 28.81198673577775
  },
  "log_target": true
}