{
  "train": {
    "RMSE": 38668.68040710136,
    "MAE": 22973.355653641585,
    "MAPE_pct": 8.67858667137072,
    "R2": 0.8997964858938344,
    "residual_skew": 1.3897043512248592,
    "residual_kurtosis": 33.62688126572489
  },
  "test": {
    "RMSE": 42481.78560211056,
    "MAE": 23877.648521742525,
    "MAPE_pct": 8.565992827513135,
    "R2": 0.879962982284836,
    "residual_skew": -0.20251846319212577,
    "residual_kurtosis": 30.456625092612825
  },
  "log_target": true
}