{
  "train": {
    "RMSE": 49477.99891307949,
    "MAE": 28782.255132335173,
    "MAPE_pct": 10.890460048001202,
    "R2": 0.8359453659926046,
    "residual_skew": 3.3191325462528334,
    "residual_kurtosis": 29.404074053448397
  },
  "test": {
    "RMSE": 49406.76703376728,
    "MAE": 28572.178579526582,
    "MAPE_pct": 10.212630792174673,
    "R2": 0.8376386909173474,
    "residual_skew": 2.247769021749818,
    "residual_kurtosis": 15.074012299601494
  },
  "log_target": true
}