{
  "train": {
    "RMSE": 28008.8474593588,
    "MAE": 17570.15055591679,
    "MAPE_pct": 6.623827985323737,
    "R2": 0.947427972605043,
    "residual_skew": 1.2752811408600504,
    "residual_kurtosis": 23.30060717952767
  },
  "test": {
    "RMSE": 35527.09886723644,
    "MAE": 20774.19054875782,
    "MAPE_pct": 7.586921599906277,
    "R2": 0.9160483646418269,
    "residual_skew": -0.6116504299506597,
    "residual_kurtosis": 30.202254358913954
  },
  "log_target": true
}