{
  "train": {
    "RMSE": 25841.868280682997,
    "MAE": 16275.359629500233,
    "MAPE_pct": 6.119340519510773,
    "R2": 0.9552480394840814,
    "residual_skew": 1.2550498711170373,
    "residual_kurtosis": 19.895660113050646
  },
  "test": {
    "RMSE": 38897.386365453574,
    "MAE": 21535.626274426624,
    "MAPE_pct": 7.892148386228606,
    "R2": 0.8993646612490812,
    "residual_skew": -1.1299611271315462,
    "residual_kurtosis": 37.785446007607916
  },
  "log_target": true
}