{
  "train": {
    "RMSE": 27775.829156081018,
    "MAE": 17803.87904767664,
    "MAPE_pct": 6.68872798324589,
    "R2": 0.9482990749930336,
    "residual_skew": 1.361978943114014,
    "residual_kurtosis": 17.416861053758822
  },
  "test": {
    "RMSE": 38414.95167069446,
    "MAE": 21240.2232848503,
    "MAPE_pct": 7.791948335331796,
    "R2": 0.9018454912857568,
    "residual_skew": -1.3871162958362744,
    "residual_kurtosis": 38.54646924438185
  },
  "log_target": true
}