{
  "train": {
    "RMSE": 25139.451223645734,
    "MAE": 16624.368644855578,
    "MAPE_pct": 6.312653612434671,
    "R2": 0.9576478136278948,
    "residual_skew": 1.1322192280375056,
    "residual_kurtosis": 13.781878093741476
  },
  "test": {
    "RMSE": 34491.07790090397,
    "MAE": 20318.176400055832,
    "MAPE_pct": 7.504167504170413,
    "R2": 0.9208732723850741,
    "residual_skew": -0.6613715941856888,
    "residual_kurtosis": 26.22464544648973
  },
  "log_target": true
}