{
  "train": {
    "RMSE": 41714.17823534035,
    "MAE": 24625.26254168582,
    "MAPE_pct": 9.336091391282041,
    "R2": 0.8833911173994514,
    "residual_skew": 2.378801070066613,
    "residual_kurtosis": 30.688217336090638
  },
  "test": {
    "RMSE": 43703.01533979415,
    "MAE": 24907.440853989494,
    "MAPE_pct": 8.912568497002278,
    "R2": 0.872962342603708,
    "residual_skew": 0.7252264637415134,
    "residual_kurtosis": 23.267835067387473
  },
  "log_target": true
}