{
  "train": {
    "RMSE": 38557.5547319738,
    "MAE": 22321.337782840703,
    "MAPE_pct": 8.391562121310796,
    "R2": 0.9003715861014433,
    "residual_skew": 2.4391947722565557,
    "residual_kurtosis": 34.75542779004261
  },
  "test": {
    "RMSE": 42250.47732099638,
    "MAE": 23489.459260623502,
    "MAPE_pct": 8.396186203281324,
    "R2": 0.8812665982118022,
    "residual_skew": 0.6698960239013675,
    "residual_kurtosis": 25.889741813941896
  },
  "log_target": true
}