{
  "R2": {
    "mean": 0.9285295219623411,
    "sd": 0.00176631123938407
  },
  "RMSE": {
    "mean": 32285.71065542139,
    "sd": 312.914350696792
  },
  "MAE": {
    "mean": 19875.80194615949,
    "sd": 70.13318332801403
  },
  "MAPE": {
    "mean": 7.872987613067029,
    "sd": 0.015459137773689471
  },
  "n_splits": 10,
  "repeats": 10,
  "seed_base": 42,
  "one_hot": true
}