{
  "train": {
    "RMSE": 37038.25134473175,
    "MAE": 22471.70640541486,
    "MAPE_pct": 8.512026785295355,
    "R2": 0.9080683197410723,
    "residual_skew": 0.8856359992644655,
    "residual_kurtosis": 31.10693394137312
  },
  "test": {
    "RMSE": 41786.21325442768,
    "MAE": 23069.104521757814,
    "MAPE_pct": 8.3993089892018,
    "R2": 0.8838616359847569,
    "residual_skew": -1.343543294326611,
    "residual_kurtosis": 43.55758712215344
  },
  "log_target": true
}