{
  "train": {
    "RMSE": 23965.800902515155,
    "MAE": 15865.82977609575,
    "MAPE_pct": 5.99555202258288,
    "R2": 0.9615099794477094,
    "residual_skew": 1.199732996157759,
    "residual_kurtosis": 12.53047099556602
  },
  "test": {
    "RMSE": 34862.853877188485,
    "MAE": 20247.908349378125,
    "MAPE_pct": 7.565612103862509,
    "R2": 0.919158280454099,
    "residual_skew": -0.7978509560348328,
    "residual_kurtosis": 28.47320757331361
  },
  "log_target": true
}