{
  "train": {
    "RMSE": 29546.00922575376,
    "MAE": 19180.50405106507,
    "MAPE_pct": 7.214112303362184,
    "R2": 0.9414991862672243,
    "residual_skew": 1.332311345254994,
    "residual_kurtosis": 15.381105207622365
  },
  "test": {
    "RMSE": 39027.140958439784,
    "MAE": 21982.16815009007,
    "MAPE_pct": 8.04076001727426,
    "R2": 0.8986921391068504,
    "residual_skew": -0.36514919830620335,
    "residual_kurtosis": 29.481072632404214
  },
  "log_target": true
}