{
  "train": {
    "RMSE": 23977.383886240867,
    "MAE": 15813.283278696807,
    "MAPE_pct": 6.000791895378338,
    "R2": 0.9614727650002539,
    "residual_skew": 1.1263842904126666,
    "residual_kurtosis": 15.741799065687793
  },
  "test": {
    "RMSE": 34413.21579729856,
    "MAE": 19951.90617969123,
    "MAPE_pct": 7.445485141060776,
    "R2": 0.921230119417619,
    "residual_skew": -1.1033019373399402,
    "residual_kurtosis": 30.257649533570017
  },
  "log_target": true
}