{
  "train": {
    "RMSE": 39508.04842321498,
    "MAE": 23458.532076166004,
    "MAPE_pct": 8.821967025450817,
    "R2": 0.8953991042462613,
    "residual_skew": 2.000109871589793,
    "residual_kurtosis": 33.18571531329186
  },
  "test": {
    "RMSE": 42325.77657251279,
    "MAE": 23928.491940342992,
    "MAPE_pct": 8.566874559727163,
    "R2": 0.8808430052106513,
    "residual_skew": 0.3205466236849776,
    "residual_kurtosis": 27.52044308632715
  },
  "log_target": true
}