{
  "train": {
    "RMSE": 45445.35091190483,
    "MAE": 26631.90109220211,
    "MAPE_pct": 10.025567558277276,
    "R2": 0.8615977433601262,
    "residual_skew": 2.879551608021062,
    "residual_kurtosis": 30.429157442785105
  },
  "test": {
    "RMSE": 46379.52119706688,
    "MAE": 27150.132282684062,
    "MAPE_pct": 9.715713519305853,
    "R2": 0.8569255144294221,
    "residual_skew": 1.7309081736919847,
    "residual_kurtosis": 16.935521638649227
  },
  "log_target": true
}