{
  "train": {
    "RMSE": 33826.975337773074,
    "MAE": 20170.42289631584,
    "MAPE_pct": 7.532937510407208,
    "R2": 0.9233185030512748,
    "residual_skew": 1.7976196269417548,
    "residual_kurtosis": 32.29623572830931
  },
  "test": {
    "RMSE": 38786.70271126908,
    "MAE": 21947.178867098097,
    "MAPE_pct": 7.941215115355658,
    "R2": 0.899936568019277,
    "residual_skew": -0.26227303133385227,
    "residual_kurtosis": 29.978777199184243
  },
  "log_target": true
}