{
  "train": {
    "RMSE": 17801.544371311607,
    "MAE": 11521.086882305877,
    "MAPE_pct": 4.320700950534617,
    "R2": 0.9787636628754605,
    "residual_skew": 1.3162535393876393,
    "residual_kurtosis": 16.083086197951484
  },
  "test": {
    "RMSE": 32305.536806089043,
    "MAE": 20017.315478775974,
    "MAPE_pct": 7.461076992305878,
    "R2": 0.930583358936789,
    "residual_skew": 0.1800145677652129,
    "residual_kurtosis": 14.644765601609445
  },
  "log_target": true
}