{
  "train": {
    "RMSE": 23291.498501103473,
    "MAE": 15575.590489048198,
    "MAPE_pct": 5.879638971109073,
    "R2": 0.9636454218141973,
    "residual_skew": 1.1400481333850836,
    "residual_kurtosis": 12.110012527663116
  },
  "test": {
    "RMSE": 33250.051960141056,
    "MAE": 19806.680225005835,
    "MAPE_pct": 7.44252358301809,
    "R2": 0.9264649608465905,
    "residual_skew": -1.2130864271450976,
    "residual_kurtosis": 27.43501588110719
  },
  "log_target": true
}