{
  "train": {
    "RMSE": 51110.8133096967,
    "MAE": 29802.630072600896,
    "MAPE_pct": 11.227907639567896,
    "R2": 0.8249388276787655,
    "residual_skew": 3.3794610074875115,
    "residual_kurtosis": 28.752404782521925
  },
  "test": {
    "RMSE": 51109.96500337579,
    "MAE": 29596.682244762193,
    "MAPE_pct": 10.515571061207183,
    "R2": 0.826251590182808,
    "residual_skew": 2.4038323604282614,
    "residual_kurtosis": 14.802185972179908
  },
  "log_target": true
}