{
  "train": {
    "RMSE": 31649.023767143583,
    "MAE": 19645.28173404247,
    "MAPE_pct": 7.385684595584355,
    "R2": 0.932874909252095,
    "residual_skew": 1.3718765461047817,
    "residual_kurtosis": 24.078944796159497
  },
  "test": {
    "RMSE": 39821.95978835456,
    "MAE": 22077.97443950382,
    "MAPE_pct": 8.019458546443603,
    "R2": 0.8945236894251508,
    "residual_skew": -1.1142729773595013,
    "residual_kurtosis": 37.985192832822726
  },
  "log_target": true
}