{
  "train": {
    "RMSE": 37126.453204142104,
    "MAE": 21885.12584615761,
    "MAPE_pct": 8.22343201936348,
    "R2": 0.9076299513206147,
    "residual_skew": 2.759969526607245,
    "residual_kurtosis": 33.456128330613
  },
  "test": {
    "RMSE": 40857.492849891176,
    "MAE": 23478.161496090186,
    "MAPE_pct": 8.430733172710372,
    "R2": 0.888966738215295,
    "residual_skew": 1.1686391904142945,
    "residual_kurtosis": 19.071618256532346
  },
  "log_target": true
}