{
  "train": {
    "RMSE": 37591.219966309895,
    "MAE": 21879.42827041368,
    "MAPE_pct": 8.211755039915003,
    "R2": 0.905302810578703,
    "residual_skew": 1.5971415373520335,
    "residual_kurtosis": 36.04598435609755
  },
  "test": {
    "RMSE": 41816.341910236944,
    "MAE": 23245.946835197763,
    "MAPE_pct": 8.419354319022325,
    "R2": 0.88369409966216,
    "residual_skew": -0.4158429300344047,
    "residual_kurtosis": 31.740835104745045
  },
  "log_target": true
}