{
  "train": {
    "RMSE": 36970.79125815831,
    "MAE": 22207.508983156662,
    "MAPE_pct": 8.381709525406716,
    "R2": 0.9084028966227804,
    "residual_skew": 0.9286571052029635,
    "residual_kurtosis": 31.91001814265087
  },
  "test": {
    "RMSE": 43413.00968018781,
    "MAE": 23875.790356223002,
    "MAPE_pct": 8.612554919872398,
    "R2": 0.8746427484962844,
    "residual_skew": -0.927998510935707,
    "residual_kurtosis": 40.43415073745379
  },
  "log_target": true
}