{
  "train": {
    "RMSE": 24406.08304841583,
    "MAE": 16324.95678472201,
    "MAPE_pct": 6.193902904835099,
    "R2": 0.9600827679831222,
    "residual_skew": 1.0183676234646601,
    "residual_kurtosis": 12.055049980314042
  },
  "test": {
    "RMSE": 34225.1111259504,
    "MAE": 20208.04916883151,
    "MAPE_pct": 7.533746434105451,
    "R2": 0.9220888875917479,
    "residual_skew": -1.1475268515226298,
    "residual_kurtosis": 28.409305014556345
  },
  "log_target": true
}