{
  "train": {
    "RMSE": 23125.273307102903,
    "MAE": 15507.129303692782,
    "MAPE_pct": 5.8837725809528685,
    "R2": 0.9641624759665707,
    "residual_skew": 0.8333021005774417,
    "residual_kurtosis": 11.084097171690008
  },
  "test": {
    "RMSE": 33685.732824307604,
    "MAE": 20062.311996568424,
    "MAPE_pct": 7.488999612454123,
    "R2": 0.9245252521345877,
    "residual_skew": -1.2711595457316514,
    "residual_kurtosis": 28.137878706117718
  },
  "log_target": true
}