{
  "train": {
    "RMSE": 17253.04596780443,
    "MAE": 11794.467120365101,
    "MAPE_pct": 4.493794499038049,
    "R2": 0.9800521631423444,
    "residual_skew": 0.8937379174575997,
    "residual_kurtosis": 11.48117873805661
  },
  "test": {
    "RMSE": 33696.398666046065,
    "MAE": 20365.533333749605,
    "MAPE_pct": 7.651691946823871,
    "R2": 0.9244774497511176,
    "residual_skew": -1.1723365369502774,
    "residual_kurtosis": 24.142463282833724
  },
  "log_target": true
}