{
  "train": {
    "RMSE": 29993.314892828228,
    "MAE": 18912.066260253272,
    "MAPE_pct": 7.095109763837722,
    "R2": 0.9397144561615464,
    "residual_skew": 1.6233467595147875,
    "residual_kurtosis": 19.195156841383092
  },
  "test": {
    "RMSE": 38972.43694208791,
    "MAE": 22164.97540592918,
    "MAPE_pct": 8.074158486482116,
    "R2": 0.8989759448221871,
    "residual_skew": -0.3000107102868371,
    "residual_kurtosis": 27.779837471449348
  },
  "log_target": true
}