{
  "train": {
    "RMSE": 32514.409350002094,
    "MAE": 19731.02157600478,
    "MAPE_pct": 7.415581252143665,
    "R2": 0.9291538935925785,
    "residual_skew": 0.5923205504832048,
    "residual_kurtosis": 30.337940479891024
  },
  "test": {
    "RMSE": 41916.6509416277,
    "MAE": 22614.998215368923,
    "MAPE_pct": 8.206690990625026,
    "R2": 0.8831354412759058,
    "residual_skew": -1.7525500174031268,
    "residual_kurtosis": 47.46255531846633
  },
  "log_target": true
}