{
  "train": {
    "RMSE": 24616.762047004715,
    "MAE": 16386.6654992985,
    "MAPE_pct": 6.2166381770365025,
    "R2": 0.9593906438275632,
    "residual_skew": 1.0567330737243763,
    "residual_kurtosis": 12.394530149330087
  },
  "test": {
    "RMSE": 33441.51152484864,
    "MAE": 19886.05214859228,
    "MAPE_pct": 7.437998598091535,
    "R2": 0.9256156676649127,
    "residual_skew": -0.9313089769417949,
    "residual_kurtosis": 25.763762891010806
  },
  "log_target": true
}