{
  "train": {
    "RMSE": 4364.717130576628,
    "MAE": 3074.605841786338,
    "MAPE_pct": 1.1779925134816318,
    "R2": 0.9986363929879243,
    "residual_skew": 0.3488017649553058,
    "residual_kurtosis": 4.340997546861059
  },
  "test": {
    "RMSE": 36419.13165835586,
    "MAE": 21465.054214307216,
    "MAPE_pct": 7.3833491177370565,
    "R2": 0.9283976931793122,
    "residual_skew": 1.0833197079139307,
    "residual_kurtosis": 13.717704682261907
  },
  "log_target": true
}