{
  "train": {
    "RMSE": 34353.48519079189,
    "MAE": 21633.662984670562,
    "MAPE_pct": 8.124399803631452,
    "R2": 0.920912862798034,
    "residual_skew": 1.4964273154834884,
    "residual_kurtosis": 19.43992529447444
  },
  "test": {
    "RMSE": 40071.08032374829,
    "MAE": 23021.597185774433,
    "MAPE_pct": 8.387325909866714,
    "R2": 0.8931998718354277,
    "residual_skew": -0.0409308564453497,
    "residual_kurtosis": 25.48667987589721
  },
  "log_target": true
}