{
  "train": {
    "RMSE": 23595.036837217558,
    "MAE": 16038.86920503988,
    "MAPE_pct": 6.087355158129112,
    "R2": 0.9626916907246296,
    "residual_skew": 0.8942474654760304,
    "residual_kurtosis": 9.390273986796817
  },
  "test": {
    "RMSE": 33804.423839266274,
    "MAE": 19976.093183857265,
    "MAPE_pct": 7.441971783923313,
    "R2": 0.9239924475522963,
    "residual_skew": -1.074147395283705,
    "residual_kurtosis": 26.35416763891562
  },
  "log_target": true
}