{
  "train": {
    "RMSE": 22684.76677461626,
    "MAE": 15013.540365348896,
    "MAPE_pct": 5.635131717701623,
    "R2": 0.9655147891247203,
    "residual_skew": 1.3124657845963739,
    "residual_kurtosis": 14.766753293998129
  },
  "test": {
    "RMSE": 34765.403585739885,
    "MAE": 20180.267437958635,
    "MAPE_pct": 7.514324783526851,
    "R2": 0.9196095939702927,
    "residual_skew": -1.4981367461463262,
    "residual_kurtosis": 32.1641881230732
  },
  "log_target": true
}