{
  "train": {
    "RMSE": 43023.91110418497,
    "MAE": 25208.251231130635,
    "MAPE_pct": 9.525186847805276,
    "R2": 0.8759536402767527,
    "residual_skew": 2.5436332476253014,
    "residual_kurtosis": 30.115250722286063
  },
  "test": {
    "RMSE": 45502.53738031502,
    "MAE": 25877.953293725626,
    "MAPE_pct": 9.240822034990458,
    "R2": 0.862285109357285,
    "residual_skew": 1.1971154695024846,
    "residual_kurtosis": 20.202729847579043
  },
  "log_target": true
}