{
  "train": {
    "RMSE": 24018.615865010295,
    "MAE": 16090.567891162438,
    "MAPE_pct": 6.0845744547143426,
    "R2": 0.9613401466964812,
    "residual_skew": 1.0129417488247867,
    "residual_kurtosis": 11.640096412382903
  },
  "test": {
    "RMSE": 32507.200281370457,
    "MAE": 19304.334877904388,
    "MAPE_pct": 7.272192206691859,
    "R2": 0.9297140036872709,
    "residual_skew": -1.2679636306106117,
    "residual_kurtosis": 28.040386404406732
  },
  "log_target": true
}