{
  "train": {
    "RMSE": 23930.898258340963,
    "MAE": 15909.413680165278,
    "MAPE_pct": 6.071280441380919,
    "R2": 0.9616220078554238,
    "residual_skew": 0.6435356072839464,
    "residual_kurtosis": 12.551398914370289
  },
  "test": {
    "RMSE": 36435.42886636713,
    "MAE": 20690.73996178956,
    "MAPE_pct": 7.615118468050552,
    "R2": 0.9117006629432394,
    "residual_skew": -1.3595603989134932,
    "residual_kurtosis": 33.87102344994023
  },
  "log_target": true
}