{
  "train": {
    "RMSE": 21186.757987954712,
    "MAE": 14426.549071906697,
    "MAPE_pct": 5.427892589960914,
    "R2": 0.969918931378746,
    "residual_skew": 0.9135590604592954,
    "residual_kurtosis": 9.640281793233637
  },
  "test": {
    "RMSE": 34177.87765315826,
    "MAE": 20298.811085068963,
    "MAPE_pct": 7.620367961778814,
    "R2": 0.9223037867068724,
    "residual_skew": -0.15019120594410904,
    "residual_kurtosis": 19.214450350761048
  },
  "log_target": true
}