{
  "train": {
    "RMSE": 45925.3362050645,
    "MAE": 26747.44669715669,
    "MAPE_pct": 10.14545250584038,
    "R2": 0.8586587468495755,
    "residual_skew": 3.0058396271317895,
    "residual_kurtosis": 29.742955814283043
  },
  "test": {
    "RMSE": 47259.14005586437,
    "MAE": 27196.22923613557,
    "MAPE_pct": 9.737685976644697,
    "R2": 0.8514470430229855,
    "residual_skew": 1.763860088563427,
    "residual_kurtosis": 16.734983637429956
  },
  "log_target": true
}