{
  "train": {
    "RMSE": 25414.084206555828,
    "MAE": 16627.63035956516,
    "MAPE_pct": 6.294111108022814,
    "R2": 0.9567174162538736,
    "residual_skew": 1.2390906551969345,
    "residual_kurtosis": 14.379122758801387
  },
  "test": {
    "RMSE": 34904.37052142402,
    "MAE": 20292.20297729762,
    "MAPE_pct": 7.520385768671249,
    "R2": 0.9189656240902155,
    "residual_skew": -0.665085419332973,
    "residual_kurtosis": 27.461867345312534
  },
  "log_target": true
}