{
  "train": {
    "RMSE": 27210.728422232296,
    "MAE": 16548.521425958614,
    "MAPE_pct": 6.191007968404091,
    "R2": 0.9503813910679,
    "residual_skew": 1.0222469141990158,
    "residual_kurtosis": 29.028047374065352
  },
  "test": {
    "RMSE": 38928.4598957992,
    "MAE": 21249.636283118423,
    "MAPE_pct": 7.7871710810269485,
    "R2": 0.8992038101174732,
    "residual_skew": -1.0357266838322825,
    "residual_kurtosis": 36.518478868949344
  },
  "log_target": true
}