{
  "train": {
    "RMSE": 21151.896702323596,
    "MAE": 13981.04815836976,
    "MAPE_pct": 5.233908766774138,
    "R2": 0.9700178424037097,
    "residual_skew": 1.378489752261553,
    "residual_kurtosis": 13.60892627029542
  },
  "test": {
    "RMSE": 35270.4143332777,
    "MAE": 20301.85569910269,
    "MAPE_pct": 7.505375781204993,
    "R2": 0.9172570892846773,
    "residual_skew": -0.6380539508495011,
    "residual_kurtosis": 26.176140850474752
  },
  "log_target": true
}