{
  "train": {
    "RMSE": 37844.656528167565,
    "MAE": 22560.79012616107,
    "MAPE_pct": 8.492528453501576,
    "R2": 0.9040216267215598,
    "residual_skew": 1.7750842333660264,
    "residual_kurtosis": 29.834507070693988
  },
  "test": {
    "RMSE": 42055.13185198404,
    "MAE": 23399.10603144673,
    "MAPE_pct": 8.4150353818125,
    "R2": 0.8823619900093466,
    "residual_skew": -0.2243133273853088,
    "residual_kurtosis": 32.400722953254935
  },
  "log_target": true
}