{
  "train": {
    "RMSE": 47846.46567044942,
    "MAE": 27729.871985417045,
    "MAPE_pct": 10.5168783131462,
    "R2": 0.8465863600107116,
    "residual_skew": 3.4033204179807908,
    "residual_kurtosis": 31.36889957324027
  },
  "test": {
    "RMSE": 48150.57197487353,
    "MAE": 27930.264234634386,
    "MAPE_pct": 9.991149917105238,
    "R2": 0.8457899875560476,
    "residual_skew": 2.1420063165345264,
    "residual_kurtosis": 15.66036344639715
  },
  "log_target": true
}