{
  "train": {
    "RMSE": 36399.06691150201,
    "MAE": 22282.28186927597,
    "MAPE_pct": 8.422470108851346,
    "R2": 0.9112139469129208,
    "residual_skew": 0.6853548126964826,
    "residual_kurtosis": 27.801014134410813
  },
  "test": {
    "RMSE": 43082.55041866077,
    "MAE": 23530.56744971884,
    "MAPE_pct": 8.49584549287429,
    "R2": 0.8765439205189194,
    "residual_skew": -1.5575483143253492,
    "residual_kurtosis": 46.87162086574406
  },
  "log_target": true
}