{
  "train": {
    "RMSE": 27424.7978529281,
    "MAE": 16432.700728455504,
    "MAPE_pct": 6.059859836533908,
    "R2": 0.9495976113269211,
    "residual_skew": 2.4747157724052333,
    "residual_kurtosis": 32.80361277140322
  },
  "test": {
    "RMSE": 36723.05049567487,
    "MAE": 20956.359122010334,
    "MAPE_pct": 7.633808497472853,
    "R2": 0.9103010888872128,
    "residual_skew": 0.5400998440168202,
    "residual_kurtosis": 20.847754000914556
  },
  "log_target": true
}