{
  "train": {
    "RMSE": 31007.05186705494,
    "MAE": 19201.467911101554,
    "MAPE_pct": 7.268474319549731,
    "R2": 0.9355704348334624,
    "residual_skew": 0.2516916562218107,
    "residual_kurtosis": 28.95492755923973
  },
  "test": {
    "RMSE": 39448.696956629174,
    "MAE": 21995.59587617089,
    "MAPE_pct": 8.071213752827745,
    "R2": 0.8964917428068604,
    "residual_skew": -2.0653240794890415,
    "residual_kurtosis": 46.7559411835696
  },
  "log_target": true
}