{
  "train": {
    "RMSE": 39205.58416347197,
    "MAE": 23332.235736504288,
    "MAPE_pct": 8.802900860608862,
    "R2": 0.8969945728719912,
    "residual_skew": 1.7943562577367689,
    "residual_kurtosis": 28.42325125894912
  },
  "test": {
    "RMSE": 42920.70097921443,
    "MAE": 23929.854995204612,
    "MAPE_pct": 8.59337547089236,
    "R2": 0.8774697600949565,
    "residual_skew": 0.023143293915838307,
    "residual_kurtosis": 30.069834122273676
  },
  "log_target": true
}