{
  "train": {
    "RMSE": 49585.705627851035,
    "MAE": 28670.246551381482,
    "MAPE_pct": 10.834245306630235,
    "R2": 0.835230340389622,
    "residual_skew": 3.3871635207897457,
    "residual_kurtosis": 30.180655197664564
  },
  "test": {
    "RMSE": 49754.40390428767,
    "MAE": 28717.449332918015,
    "MAPE_pct": 10.23679420740679,
    "R2": 0.835345832967862,
    "residual_skew": 2.3497840247687205,
    "residual_kurtosis": 15.41251050816828
  },
  "log_target": true
}