{
  "train": {
    "RMSE": 28455.674826873357,
    "MAE": 17979.98369802545,
    "MAPE_pct": 6.814295653289766,
    "R2": 0.9457372215301887,
    "residual_skew": 0.9057660713556233,
    "residual_kurtosis": 21.398615830384863
  },
  "test": {
    "RMSE": 38139.78311857353,
    "MAE": 21320.571152136254,
    "MAPE_pct": 7.813939299468688,
    "R2": 0.9032466280426199,
    "residual_skew": -1.6965700330213194,
    "residual_kurtosis": 39.905332816648844
  },
  "log_target": true
}