{
  "train": {
    "RMSE": 46072.1364410056,
    "MAE": 26830.5866934283,
    "MAPE_pct": 10.140369658654562,
    "R2": 0.8577537086732061,
    "residual_skew": 3.2365061332626737,
    "residual_kurtosis": 31.355385159197667
  },
  "test": {
    "RMSE": 46873.452540028,
    "MAE": 27054.492296226825,
    "MAPE_pct": 9.671951207671363,
    "R2": 0.853861865853313,
    "residual_skew": 1.8854396666432358,
    "residual_kurtosis": 16.048930451809056
  },
  "log_target": true
}