{
  "train": {
    "RMSE": 45042.09160471692,
    "MAE": 26116.00108975812,
    "MAPE_pct": 9.83655801610931,
    "R2": 0.8640430704678227,
    "residual_skew": 3.129255380310899,
    "residual_kurtosis": 31.64449229162158
  },
  "test": {
    "RMSE": 46084.29908206229,
    "MAE": 26452.033437400314,
    "MAPE_pct": 9.452802623906805,
    "R2": 0.8587411571450532,
    "residual_skew": 1.7528850872339667,
    "residual_kurtosis": 17.07919476397352
  },
  "log_target": true
}