{
  "train": {
    "RMSE": 10719.589062836589,
    "MAE": 6955.434337772893,
    "MAPE_pct": 2.5578457508712926,
    "R2": 0.9922994716742635,
    "residual_skew": 1.5055998726318396,
    "residual_kurtosis": 14.13568000483188
  },
  "test": {
    "RMSE": 33116.88704867642,
    "MAE": 19659.50279932918,
    "MAPE_pct": 7.322768039112269,
    "R2": 0.927052790192734,
    "residual_skew": 0.3225113608848587,
    "residual_kurtosis": 18.941610877816366
  },
  "log_target": true
}