{
  "train": {
    "RMSE": 22264.08638071937,
    "MAE": 15215.586477378143,
    "MAPE_pct": 5.71411035944525,
    "R2": 0.9667819598648206,
    "residual_skew": 0.8329157851842834,
    "residual_kurtosis": 9.433459284993145
  },
  "test": {
    "RMSE": 33108.48161063032,
    "MAE": 20276.969549119443,
    "MAPE_pct": 7.615521947545332,
    "R2": 0.9270898151364841,
    "residual_skew": -0.5312362771411541,
    "residual_kurtosis": 19.13155244996988
  },
  "log_target": true
}