{
  "train": {
    "RMSE": 15311.520404276418,
    "MAE": 10749.288208627513,
    "MAPE_pct": 4.054932773105047,
    "R2": 0.9842891065334417,
    "residual_skew": 0.6937889369198443,
    "residual_kurtosis": 7.377142217369042
  },
  "test": {
    "RMSE": 31520.906849989,
    "MAE": 19198.722536490608,
    "MAPE_pct": 7.314896171119539,
    "R2": 0.9339143633102823,
    "residual_skew": -0.6820528905780952,
    "residual_kurtosis": 17.7984824951019
  },
  "log_target": true
}