{
  "train": {
    "RMSE": 11919.60669040857,
    "MAE": 8295.299588700304,
    "MAPE_pct": 3.119861155987117,
    "R2": 0.9904788786717605,
    "residual_skew": 0.8280483605194839,
    "residual_kurtosis": 7.619936227885138
  },
  "test": {
    "RMSE": 31434.503856555733,
    "MAE": 19829.988695450054,
    "MAPE_pct": 7.5384935602543575,
    "R2": 0.9342761657755545,
    "residual_skew": -0.061272819951479936,
    "residual_kurtosis": 13.124846109969207
  },
  "log_target": true
}