{
  "train": {
    "RMSE": 25632.788524838597,
    "MAE": 16651.590003652047,
    "MAPE_pct": 6.373744596551484,
    "R2": 0.9559692626914024,
    "residual_skew": 0.7116864539027331,
    "residual_kurtosis": 15.70676374585025
  },
  "test": {
    "RMSE": 35308.38799967926,
    "MAE": 20257.80714570825,
    "MAPE_pct": 7.518253167971839,
    "R2": 0.9170788241192139,
    "residual_skew": -1.540549402840074,
    "residual_kurtosis": 37.33689886460227
  },
  "log_target": true
}