{
  "train": {
    "RMSE": 21101.828386627203,
    "MAE": 13781.485122635659,
    "MAPE_pct": 5.162311211547969,
    "R2": 0.9701596149805695,
    "residual_skew": 1.4952873494237962,
    "residual_kurtosis": 15.993909989092934
  },
  "test": {
    "RMSE": 35545.87055088337,
    "MAE": 20140.129349888393,
    "MAPE_pct": 7.440071331399277,
    "R2": 0.9159596250639455,
    "residual_skew": -0.45104892463351137,
    "residual_kurtosis": 28.161174769522844
  },
  "log_target": true
}