{
  "train": {
    "RMSE": 24580.588576894625,
    "MAE": 16379.012436516168,
    "MAPE_pct": 6.253747591913801,
    "R2": 0.9595099041933716,
    "residual_skew": 0.8996372568411476,
    "residual_kurtosis": 11.984155601519696
  },
  "test": {
    "RMSE": 35077.1560920026,
    "MAE": 20084.990655576803,
    "MAPE_pct": 7.434145010334829,
    "R2": 0.9181613565243669,
    "residual_skew": -1.2391063467536025,
    "residual_kurtosis": 32.99155370691815
  },
  "log_target": true
}