{
  "train": {
    "RMSE": 23664.55607986366,
    "MAE": 15897.016607602432,
    "MAPE_pct": 6.0434474943688805,
    "R2": 0.9624715201593499,
    "residual_skew": 0.9161034263550976,
    "residual_kurtosis": 10.67805229758962
  },
  "test": {
    "RMSE": 33369.86400108287,
    "MAE": 19698.855235835475,
    "MAPE_pct": 7.435750071020469,
    "R2": 0.9259340590217715,
    "residual_skew": -1.082967632339735,
    "residual_kurtosis": 28.973728551809437
  },
  "log_target": true
}