{
  "train": {
    "RMSE": 27568.343386583387,
    "MAE": 17442.149668160244,
    "MAPE_pct": 6.52898416660888,
    "R2": 0.9490686030579328,
    "residual_skew": 1.8196258183251783,
    "residual_kurtosis": 17.814953263370366
  },
  "test": {
    "RMSE": 37424.14248487601,
    "MAE": 21285.139530452354,
    "MAPE_pct": 7.762690967574677,
    "R2": 0.906843451937602,
    "residual_skew": -0.031656067898245856,
    "residual_kurtosis": 24.792836286494158
  },
  "log_target": true
}