{
  "train": {
    "RMSE": 13281.85722779074,
    "MAE": 9205.992125494258,
    "MAPE_pct": 3.466664361843532,
    "R2": 0.9881782474682628,
    "residual_skew": 0.9009214986466767,
    "residual_kurtosis": 9.051122124745607
  },
  "test": {
    "RMSE": 32703.076196518483,
    "MAE": 20398.95543883616,
    "MAPE_pct": 7.616389425356126,
    "R2": 0.9288644188527854,
    "residual_skew": 0.19536803250990867,
    "residual_kurtosis": 12.888606112713628
  },
  "log_target": true
}