{
  "train": {
    "RMSE": 22084.358963869465,
    "MAE": 14700.771870070865,
    "MAPE_pct": 5.4925671050597025,
    "R2": 0.9673161021760985,
    "residual_skew": 1.2023722729897404,
    "residual_kurtosis": 11.968130058807354
  },
  "test": {
    "RMSE": 34259.131434905954,
    "MAE": 19998.330369523763,
    "MAPE_pct": 7.425427013296984,
    "R2": 0.9219339208215858,
    "residual_skew": -0.6576302474049373,
    "residual_kurtosis": 27.670834143037347
  },
  "log_target": true
}