{
  "train": {
    "RMSE": 28876.08431435677,
    "MAE": 17416.876841511374,
    "MAPE_pct": 6.478985220664887,
    "R2": 0.944122000260715,
    "residual_skew": 1.9127157303908695,
    "residual_kurtosis": 30.891418432983414
  },
  "test": {
    "RMSE": 36656.22699745592,
    "MAE": 20793.927615659715,
    "MAPE_pct": 7.606504446749553,
    "R2": 0.9106272350775231,
    "residual_skew": -0.44194575029749616,
    "residual_kurtosis": 29.186710219196854
  },
  "log_target": true
}