{
  "train": {
    "RMSE": 28726.718132627015,
    "MAE": 17941.34245867184,
    "MAPE_pct": 6.757076314880529,
    "R2": 0.944698581013672,
    "residual_skew": 1.5744603564756463,
    "residual_kurtosis": 24.138840100593157
  },
  "test": {
    "RMSE": 36124.53438948763,
    "MAE": 21110.94165196817,
    "MAPE_pct": 7.7546507447174156,
    "R2": 0.9132011067395671,
    "residual_skew": -0.5610934822614224,
    "residual_kurtosis": 28.48876527273692
  },
  "log_target": true
}