{
  "train": {
    "RMSE": 39985.083621992424,
    "MAE": 23492.172230241205,
    "MAPE_pct": 8.829980992570485,
    "R2": 0.8928578724375492,
    "residual_skew": 2.213755946997502,
    "residual_kurtosis": 30.382788782540914
  },
  "test": {
    "RMSE": 43347.67216005079,
    "MAE": 24561.89791537921,
    "MAPE_pct": 8.837402544600787,
    "R2": 0.8750197953097039,
    "residual_skew": 0.39582846498183183,
    "residual_kurtosis": 25.200377434761243
  },
  "log_target": true
}