{
  "train": {
    "RMSE": 24377.625928013713,
    "MAE": 15863.009087193055,
    "MAPE_pct": 6.023245822485319,
    "R2": 0.9601757994816345,
    "residual_skew": 0.9349280859679137,
    "residual_kurtosis": 15.383485566747545
  },
  "test": {
    "RMSE": 37366.70260476757,
    "MAE": 20952.72279904445,
    "MAPE_pct": 7.633633646900343,
    "R2": 0.9071291923298853,
    "residual_skew": -1.225538490393596,
    "residual_kurtosis": 36.77807185457738
  },
  "log_target": true
}