{
  "train": {
    "RMSE": 41563.88265659122,
    "MAE": 24209.00649979389,
    "MAPE_pct": 9.177052615514741,
    "R2": 0.8842298838638621,
    "residual_skew": 2.6709304567671914,
    "residual_kurtosis": 34.01612993293477
  },
  "test": {
    "RMSE": 43550.56979031221,
    "MAE": 24880.098949283907,
    "MAPE_pct": 8.937715171273592,
    "R2": 0.8738470663864903,
    "residual_skew": 1.0675398708894754,
    "residual_kurtosis": 22.12699621878059
  },
  "log_target": true
}