{
  "train": {
    "RMSE": 48128.53660180533,
    "MAE": 27798.731920981973,
    "MAPE_pct": 10.545630499845416,
    "R2": 0.844772178600496,
    "residual_skew": 3.4297506846953834,
    "residual_kurtosis": 31.665052445387616
  },
  "test": {
    "RMSE": 48545.261231882556,
    "MAE": 28324.10480045883,
    "MAPE_pct": 10.149600208835038,
    "R2": 0.8432515134547081,
    "residual_skew": 2.1974404423722076,
    "residual_kurtosis": 15.644248819444114
  },
  "log_target": true
}