{
  "train": {
    "RMSE": 21743.69844358794,
    "MAE": 14733.796253489842,
    "MAPE_pct": 5.561336022795296,
    "R2": 0.9683166509775399,
    "residual_skew": 1.091416186215321,
    "residual_kurtosis": 10.327759917962457
  },
  "test": {
    "RMSE": 35054.80284609112,
    "MAE": 19856.81092049415,
    "MAPE_pct": 7.358202199220995,
    "R2": 0.9182656281722568,
    "residual_skew": -0.7427325684793719,
    "residual_kurtosis": 30.889142472991928
  },
  "log_target": true
}