{
  "train": {
    "RMSE": 28141.905572208652,
    "MAE": 17562.07605107445,
    "MAPE_pct": 6.639505517728867,
    "R2": 0.9469272915100445,
    "residual_skew": 0.8856984548099796,
    "residual_kurtosis": 24.51929764340673
  },
  "test": {
    "RMSE": 38067.75048070233,
    "MAE": 21003.93763763219,
    "MAPE_pct": 7.65830647202059,
    "R2": 0.9036117491137048,
    "residual_skew": -2.0802698171127707,
    "residual_kurtosis": 47.411945048991065
  },
  "log_target": true
}