{
  "train": {
    "RMSE": 6743.942129936875,
    "MAE": 4716.266377752201,
    "MAPE_pct": 1.7771553286050463,
    "R2": 0.9969521617245282,
    "residual_skew": 0.7633417333410403,
    "residual_kurtosis": 6.74936302473468
  },
  "test": {
    "RMSE": 31983.28964175386,
    "MAE": 19994.97983744743,
    "MAPE_pct": 7.595242286518084,
    "R2": 0.9319613115216574,
    "residual_skew": 0.3136987599660279,
    "residual_kurtosis": 12.562754500309085
  },
  "log_target": true
}