{
  "train": {
    "RMSE": 41260.75895635486,
    "MAE": 24149.841074293494,
    "MAPE_pct": 9.137211360681926,
    "R2": 0.8859123398354724,
    "residual_skew": 2.454000434150827,
    "residual_kurtosis": 31.091723500347854
  },
  "test": {
    "RMSE": 44026.89624817445,
    "MAE": 24688.051598547532,
    "MAPE_pct": 8.828495406141494,
    "R2": 0.871072425690095,
    "residual_skew": 0.9136021850532842,
    "residual_kurtosis": 22.746549909764845
  },
  "log_target": true
}