{
  "train": {
    "RMSE": 25156.38325598474,
    "MAE": 16522.792812283144,
    "MAPE_pct": 6.320637894072235,
    "R2": 0.9575907439585576,
    "residual_skew": 0.7025623508910622,
    "residual_kurtosis": 13.951110765390005
  },
  "test": {
    "RMSE": 34992.91106414263,
    "MAE": 20243.698000839275,
    "MAPE_pct": 7.466671414273152,
    "R2": 0.9185539892395652,
    "residual_skew": -1.459916325418249,
    "residual_kurtosis": 35.16833751267528
  },
  "log_target": true
}