{
  "train": {
    "RMSE": 17764.784647106633,
    "MAE": 11804.084769862646,
    "MAPE_pct": 4.410761981296857,
    "R2": 0.9788512772842997,
    "residual_skew": 1.050430976714351,
    "residual_kurtosis": 12.03296867832103
  },
  "test": {
    "RMSE": 33879.08257316028,
    "MAE": 19788.34211768551,
    "MAPE_pct": 7.388190194449469,
    "R2": 0.9236563439697384,
    "residual_skew": -0.6973337497213544,
    "residual_kurtosis": 25.086384919960103
  },
  "log_target": true
}