{
  "train": {
    "RMSE": 28131.484414731018,
    "MAE": 18161.041528634945,
    "MAPE_pct": 6.892996861390451,
    "R2": 0.9469665906717072,
    "residual_skew": 1.237332565924609,
    "residual_kurtosis": 16.815283809529937
  },
  "test": {
    "RMSE": 36013.46410235214,
    "MAE": 20751.700296193863,
    "MAPE_pct": 7.684632941373934,
    "R2": 0.9137340385629275,
    "residual_skew": -1.1890873069970698,
    "residual_kurtosis": 34.87622026151516
  },
  "log_target": true
}