{
  "train": {
    "RMSE": 31509.925727922524,
    "MAE": 19625.08021048324,
    "MAPE_pct": 7.402596017632843,
    "R2": 0.9334636446582993,
    "residual_skew": 0.9094409925953646,
    "residual_kurtosis": 23.887142113198493
  },
  "test": {
    "RMSE": 40038.270894278045,
    "MAE": 22086.724140331495,
    "MAPE_pct": 8.004983754761557,
    "R2": 0.8933746920159296,
    "residual_skew": -1.465471271557102,
    "residual_kurtosis": 41.930803487622505
  },
  "log_target": true
}