{
  "train": {
    "RMSE": 23134.09386527616,
    "MAE": 15414.461572441298,
    "MAPE_pct": 5.793325661271098,
    "R2": 0.9641351320950515,
    "residual_skew": 1.1909979357107205,
    "residual_kurtosis": 13.76625280962839
  },
  "test": {
    "RMSE": 34068.54814457061,
    "MAE": 20276.94959756216,
    "MAPE_pct": 7.519292163973714,
    "R2": 0.9228000669414659,
    "residual_skew": -0.8313819134495072,
    "residual_kurtosis": 22.24199046100805
  },
  "log_target": true
}