{
  "train": {
    "RMSE": 29001.633791096527,
    "MAE": 18096.477014563003,
    "MAPE_pct": 6.812933237144321,
    "R2": 0.9436350433247175,
    "residual_skew": 1.1120653500248632,
    "residual_kurtosis": 22.07937806091565
  },
  "test": {
    "RMSE": 39077.536497230336,
    "MAE": 21620.530294835415,
    "MAPE_pct": 7.848210281756536,
    "R2": 0.8984303335819094,
    "residual_skew": -1.4630527569263105,
    "residual_kurtosis": 41.09606232381564
  },
  "log_target": true
}