{
  "train": {
    "RMSE": 38240.64215067844,
    "MAE": 22427.397386742112,
    "MAPE_pct": 8.428779585365639,
    "R2": 0.9020025890764414,
    "residual_skew": 1.8383831457223079,
    "residual_kurtosis": 33.98958818272494
  },
  "test": {
    "RMSE": 42215.68000077487,
    "MAE": 23838.737691059614,
    "MAPE_pct": 8.583919708924315,
    "R2": 0.8814620943613714,
    "residual_skew": -0.08580815277089072,
    "residual_kurtosis": 28.2349558162348
  },
  "log_target": true
}