{
  "train": {
    "RMSE": 32128.952474125243,
    "MAE": 19501.101008068414,
    "MAPE_pct": 7.293846108513062,
    "R2": 0.9308236917602043,
    "residual_skew": 2.201204898787685,
    "residual_kurtosis": 26.260287274065387
  },
  "test": {
    "RMSE": 38064.158719308376,
    "MAE": 21755.767291225227,
    "MAPE_pct": 7.910616310825995,
    "R2": 0.9036299370686811,
    "residual_skew": 0.5004888110327587,
    "residual_kurtosis": 23.16535678592666
  },
  "log_target": true
}