{
  "train": {
    "RMSE": 25271.79162817679,
    "MAE": 15924.406355223546,
    "MAPE_pct": 6.069717691628392,
    "R2": 0.9572007347919652,
    "residual_skew": 0.9679409124854456,
    "residual_kurtosis": 21.218440470875308
  },
  "test": {
    "RMSE": 36984.21276590213,
    "MAE": 20563.54762149268,
    "MAPE_pct": 7.558124866180045,
    "R2": 0.9090207339138942,
    "residual_skew": -1.8746829847186013,
    "residual_kurtosis": 43.39128884379937
  },
  "log_target": true
}