{
  "train": {
    "RMSE": 21142.27143784208,
    "MAE": 13993.764813143249,
    "MAPE_pct": 5.2545616174835965,
    "R2": 0.9700451232229608,
    "residual_skew": 1.3903079380768497,
    "residual_kurtosis": 13.618804921682042
  },
  "test": {
    "RMSE": 34875.43084338338,
    "MAE": 20055.539387560326,
    "MAPE_pct": 7.422895416865101,
    "R2": 0.9190999417434836,
    "residual_skew": -0.46408333879557045,
    "residual_kurtosis": 26.365868046453045
  },
  "log_target": true
}