{
  "train": {
    "RMSE": 24665.261490434354,
    "MAE": 16611.947424137506,
    "MAPE_pct": 6.337782158004804,
    "R2": 0.9592304707443816,
    "residual_skew": 0.8189143222137814,
    "residual_kurtosis": 10.418059821239517
  },
  "test": {
    "RMSE": 35080.137479585625,
    "MAE": 20481.8608142797,
    "MAPE_pct": 7.63760908343076,
    "R2": 0.9181474441602102,
    "residual_skew": -1.5892695271441666,
    "residual_kurtosis": 35.31271075826073
  },
  "log_target": true
}