{
  "train": {
    "RMSE": 34503.728384037255,
    "MAE": 20974.725295686192,
    "MAPE_pct": 7.857701054445309,
    "R2": 0.9202195830744055,
    "residual_skew": 1.7717216627257495,
    "residual_kurtosis": 27.60417342900298
  },
  "test": {
    "RMSE": 41654.73477621035,
    "MAE": 23262.484575068258,
    "MAPE_pct": 8.43021568425691,
    "R2": 0.8845913346802972,
    "residual_skew": -0.22114125841975205,
    "residual_kurtosis": 29.635980004118494
  },
  "log_target": true
}