{
  "train": {
    "RMSE": 31668.966669684953,
    "MAE": 19007.125996260584,
    "MAPE_pct": 7.073972502980104,
    "R2": 0.9327902879431748,
    "residual_skew": 3.000162662565236,
    "residual_kurtosis": 32.10733405243018
  },
  "test": {
    "RMSE": 37386.694715751335,
    "MAE": 21898.12786232118,
    "MAPE_pct": 7.934264603399418,
    "R2": 0.9070297893828523,
    "residual_skew": 1.5369600235501821,
    "residual_kurtosis": 14.765872184705342
  },
  "log_target": true
}