{
  "train": {
    "RMSE": 43679.13677898642,
    "MAE": 25750.77147772123,
    "MAPE_pct": 9.76960781934042,
    "R2": 0.8721465820409053,
    "residual_skew": 2.817542578435401,
    "residual_kurtosis": 29.721264231428137
  },
  "test": {
    "RMSE": 45087.54836922958,
    "MAE": 26254.8500240174,
    "MAPE_pct": 9.447718809617704,
    "R2": 0.8647856098177068,
    "residual_skew": 1.227206687649455,
    "residual_kurtosis": 18.130910525036228
  },
  "log_target": true
}