{
  "train": {
    "RMSE": 27000.882680623243,
    "MAE": 17730.86069661692,
    "MAPE_pct": 6.732524822073241,
    "R2": 0.951143745138482,
    "residual_skew": 1.2179526615780463,
    "residual_kurtosis": 14.556491743229785
  },
  "test": {
    "RMSE": 36458.20869437348,
    "MAE": 21081.27105064752,
    "MAPE_pct": 7.743662482200647,
    "R2": 0.9115902170084931,
    "residual_skew": -0.495620583424151,
    "residual_kurtosis": 29.563548431409487
  },
  "log_target": true
}