{
  "train": {
    "RMSE": 24912.19396134396,
    "MAE": 16848.7658606908,
    "MAPE_pct": 6.414451296307225,
    "R2": 0.9584100687943324,
    "residual_skew": 0.889753902637981,
    "residual_kurtosis": 10.36192597088533
  },
  "test": {
    "RMSE": 34790.66519566416,
    "MAE": 20140.282937244992,
    "MAPE_pct": 7.5000248207598235,
    "R2": 0.919492723249011,
    "residual_skew": -1.449198302456737,
    "residual_kurtosis": 34.961011554594364
  },
  "log_target": true
}