{
  "train": {
    "RMSE": 27996.91281279387,
    "MAE": 16794.878328984727,
    "MAPE_pct": 6.215489616511906,
    "R2": 0.9474727652294133,
    "residual_skew": 2.607084734707069,
    "residual_kurtosis": 30.813801382689242
  },
  "test": {
    "RMSE": 35815.41264245398,
    "MAE": 20874.30242456992,
    "MAPE_pct": 7.598576164347389,
    "R2": 0.9146802469525941,
    "residual_skew": 1.1292326103729289,
    "residual_kurtosis": 16.273247839163858
  },
  "log_target": true
}