{
  "train": {
    "RMSE": 29759.55898493515,
    "MAE": 17905.296546504105,
    "MAPE_pct": 6.6916087065050895,
    "R2": 0.9406504772700928,
    "residual_skew": 0.9884381850503563,
    "residual_kurtosis": 33.4596348825914
  },
  "test": {
    "RMSE": 38014.70879117401,
    "MAE": 21206.780468738703,
    "MAPE_pct": 7.665514419705216,
    "R2": 0.9038801670683406,
    "residual_skew": -1.1466743164631983,
    "residual_kurtosis": 38.21530787318387
  },
  "log_target": true
}