{
  "train": {
    "RMSE": 15574.821414794169,
    "MAE": 9696.072909965264,
    "MAPE_pct": 3.594615135740178,
    "R2": 0.9837441231658306,
    "residual_skew": 1.8666494870710515,
    "residual_kurtosis": 24.700012032667935
  },
  "test": {
    "RMSE": 32302.351256391004,
    "MAE": 20255.613856094158,
    "MAPE_pct": 7.62317851851144,
    "R2": 0.9305970481850948,
    "residual_skew": -0.11435769659708464,
    "residual_kurtosis": 12.833320642573856
  },
  "log_target": true
}