{
  "train": {
    "RMSE": 26124.3575721045,
    "MAE": 17306.32949892502,
    "MAPE_pct": 6.566568552655832,
    "R2": 0.9542642834377394,
    "residual_skew": 1.0027042786153215,
    "residual_kurtosis": 12.464386536661486
  },
  "test": {
    "RMSE": 35073.87505202505,
    "MAE": 20477.102114020156,
    "MAPE_pct": 7.5917355870503,
    "R2": 0.9181766658215094,
    "residual_skew": -0.9575695178975024,
    "residual_kurtosis": 29.857148629662035
  },
  "log_target": true
}