tier,pid,neighborhood,budget,budget_used,total_cost,slack,objective_mip,roi,roi_pct,pct_net_improve,uplift_pct,price_base,price_opt,price_base_lin,price_opt_lin,delta_price,runtime_s,mip_gap_pct,bins_active,raw_ok
low,534402170,No aplicames,18000.0,13305.689999999999,13306.0,4694.31,7782.61,7783.0,58.0,8.0,8.0,259353.0,280442.0,268957.0,263463.0,21088.0,0.23,0.0,,True
mid,534402170,No aplicames,50000.0,13305.690000000002,13306.0,36694.31,7782.61,7783.0,58.0,8.0,8.0,259353.0,280442.0,268957.0,263463.0,21088.0,0.19,0.0,,True
high,534402170,No aplicames,120000.0,13305.690000000002,13306.0,106694.31,7782.61,7783.0,58.0,8.0,8.0,259353.0,280442.0,268957.0,263463.0,21088.0,0.15,0.0,,True
low,527425060,No aplicames,18000.0,10872.93,10873.0,7127.07,-3075.94,-3076.0,-28.0,5.0,5.0,155881.0,163678.0,158544.0,158600.0,7797.0,0.09,0.0,,True
mid,527425060,No aplicames,50000.0,10872.93,10873.0,39127.07,-3075.94,-3076.0,-28.0,5.0,5.0,155881.0,163678.0,158544.0,158600.0,7797.0,0.16,0.0,,True
high,527425060,No aplicames,120000.0,10872.929999999993,10873.0,109127.07,-3075.94,-3076.0,-28.0,5.0,5.0,155881.0,163678.0,158544.0,158600.0,7797.0,0.18,0.0,,True
low,907290020,CollgCr,18000.0,15128.93,15129.0,2871.07,20459.89,20460.0,135.0,8.0,9.0,391724.0,427313.0,368591.0,365957.0,35589.0,0.11,0.0,,True
mid,907290020,CollgCr,50000.0,37722.3,37722.0,12277.7,23027.82,23028.0,61.0,13.0,16.0,391724.0,452474.0,368591.0,392116.0,60750.0,0.12,0.0,,True
high,907290020,CollgCr,120000.0,37722.3,37722.0,82277.7,23027.82,23028.0,61.0,13.0,16.0,391724.0,452474.0,368591.0,392116.0,60750.0,0.13,0.0,,True
low,534425310,No aplicames,18000.0,10872.93,10873.0,7127.07,-1944.47,-1944.0,-18.0,4.0,4.0,205483.0,214412.0,216957.0,212525.0,8928.0,0.16,0.0,,True
mid,534425310,No aplicames,50000.0,10872.93,10873.0,39127.07,-1944.47,-1944.0,-18.0,4.0,4.0,205483.0,214412.0,216957.0,212525.0,8928.0,0.07,0.0,,True
high,534425310,No aplicames,120000.0,10872.929999999993,10873.0,109127.07,-1944.47,-1944.0,-18.0,4.0,4.0,205483.0,214412.0,216957.0,212525.0,8928.0,0.17,0.0,,True
low,909279040,Crawfor,18000.0,10872.93,10873.0,7127.07,8367.84,8368.0,77.0,10.0,11.0,181063.0,200304.0,167862.0,164433.0,19241.0,0.1,0.0,,True
mid,909279040,Crawfor,50000.0,10872.93,10873.0,39127.07,8367.84,8368.0,77.0,10.0,11.0,181063.0,200304.0,167862.0,164433.0,19241.0,0.23,0.0,,True
high,909279040,Crawfor,120000.0,10872.929999999993,10873.0,109127.07,8367.84,8368.0,77.0,10.0,11.0,181063.0,200304.0,167862.0,164433.0,19241.0,0.25,0.0,,True
low,534450110,BrkSide,18000.0,15198.68,15199.0,2801.32,1262.79,1263.0,8.0,14.0,17.0,98695.0,115156.0,114037.0,110170.0,16461.0,0.07,0.0,,True
mid,534450110,BrkSide,50000.0,15198.68,15199.0,34801.32,1262.79,1263.0,8.0,14.0,17.0,98695.0,115156.0,114037.0,110170.0,16461.0,0.1,0.0,,True
high,534450110,BrkSide,120000.0,15198.679999999993,15199.0,104801.32,1262.79,1263.0,8.0,14.0,17.0,98695.0,115156.0,114037.0,110170.0,16461.0,0.1,0.0,,True
low,916326040,Timber,18000.0,10872.93,10873.0,7127.07,1216.24,1216.0,11.0,4.0,5.0,262482.0,274571.0,245093.0,243342.0,12089.0,0.04,0.0,,True
mid,916326040,Timber,50000.0,10872.93,10873.0,39127.07,1216.24,1216.0,11.0,4.0,5.0,262482.0,274571.0,245093.0,243342.0,12089.0,0.07,0.0,,True
high,916326040,Timber,120000.0,10872.929999999993,10873.0,109127.07,1216.24,1216.0,11.0,4.0,5.0,262482.0,274571.0,245093.0,243342.0,12089.0,0.38,0.0,,True
low,534278150,No aplicames,18000.0,10872.93,10873.0,7127.07,-2529.78,-2530.0,-23.0,4.0,4.0,226264.0,234608.0,217350.0,215274.0,8343.0,0.05,0.0,,True
mid,534278150,No aplicames,50000.0,10872.93,10873.0,39127.07,-2529.78,-2530.0,-23.0,4.0,4.0,226264.0,234608.0,217350.0,215274.0,8343.0,0.07,0.0,,True
high,534278150,No aplicames,120000.0,10872.929999999993,10873.0,109127.07,-2529.78,-2530.0,-23.0,4.0,4.0,226264.0,234608.0,217350.0,215274.0,8343.0,0.07,0.0,,True
low,902327040,OldTown,18000.0,10872.93,10873.0,7127.07,-2288.72,-2289.0,-21.0,4.0,4.0,194600.0,203184.0,179327.0,175664.0,8584.0,0.06,0.0,,True
mid,902327040,OldTown,50000.0,10872.93,10873.0,39127.07,-2288.72,-2289.0,-21.0,4.0,4.0,194600.0,203184.0,179327.0,175664.0,8584.0,0.06,0.0,,True
high,902327040,OldTown,120000.0,10872.929999999993,10873.0,109127.07,-2288.72,-2289.0,-21.0,4.0,4.0,194600.0,203184.0,179327.0,175664.0,8584.0,0.07,0.0,,True
low,532378200,Sawyer,18000.0,10872.93,10873.0,7127.07,1192.42,1192.0,11.0,6.0,6.0,201510.0,213575.0,212578.0,212653.0,12065.0,0.04,0.0,,True
mid,532378200,Sawyer,50000.0,10872.93,10873.0,39127.07,1192.42,1192.0,11.0,6.0,6.0,201510.0,213575.0,212578.0,212653.0,12065.0,0.06,0.0,,True
high,532378200,Sawyer,120000.0,10872.929999999993,10873.0,109127.07,1192.42,1192.0,11.0,6.0,6.0,201510.0,213575.0,212578.0,212653.0,12065.0,0.08,0.0,,True
low,527146135,StoneBr,18000.0,16625.96,16626.0,1374.04,7745.25,7745.0,47.0,5.0,5.0,483508.0,507879.0,465165.0,452954.0,24371.0,0.05,0.0,,True
mid,527146135,StoneBr,50000.0,38534.229999999996,38534.0,11465.77,20826.23,20826.0,54.0,11.0,12.0,483508.0,542868.0,465165.0,485753.0,59360.0,0.06,0.0,,True
high,527146135,StoneBr,120000.0,66534.23000000001,66534.0,53465.77,21371.06,21371.0,32.0,15.0,18.0,483508.0,571413.0,465165.0,498022.0,87905.0,0.09,0.0,,True
low,902301120,OldTown,18000.0,10872.93,10873.0,7127.07,11580.07,11580.0,107.0,10.0,11.0,206556.0,229009.0,191897.0,203803.0,22453.0,0.04,0.0,,True
mid,902301120,OldTown,50000.0,10872.93,10873.0,39127.07,11580.07,11580.0,107.0,10.0,11.0,206556.0,229009.0,191897.0,203803.0,22453.0,0.11,0.0,,True
high,902301120,OldTown,120000.0,10872.929999999993,10873.0,109127.07,11580.07,11580.0,107.0,10.0,11.0,206556.0,229009.0,191897.0,203803.0,22453.0,0.11,0.0,,True
low,905480150,Edwards,18000.0,10872.93,10873.0,7127.07,2569.13,2569.0,24.0,9.0,10.0,132665.0,146107.0,137315.0,129761.0,13442.0,0.04,0.0,,True
mid,905480150,Edwards,50000.0,10872.93,10873.0,39127.07,2569.13,2569.0,24.0,9.0,10.0,132665.0,146107.0,137315.0,129761.0,13442.0,0.09,0.0,,True
high,905480150,Edwards,120000.0,10872.929999999993,10873.0,109127.07,2569.13,2569.0,24.0,9.0,10.0,132665.0,146107.0,137315.0,129761.0,13442.0,0.09,0.0,,True
low,535352090,No aplicames,18000.0,10872.93,10873.0,7127.07,165.92,166.0,2.0,6.0,7.0,168307.0,179346.0,161835.0,158529.0,11039.0,0.05,0.0,,True
mid,535352090,No aplicames,50000.0,10872.93,10873.0,39127.07,165.92,166.0,2.0,6.0,7.0,168307.0,179346.0,161835.0,158529.0,11039.0,0.06,0.0,,True
high,535352090,No aplicames,120000.0,10872.929999999993,10873.0,109127.07,165.92,166.0,2.0,6.0,7.0,168307.0,179346.0,161835.0,158529.0,11039.0,0.08,0.0,,True
low,906223110,SawyerW,18000.0,7292.219999999999,7292.0,10707.78,-4303.53,-4304.0,-59.0,1.0,1.0,354957.0,357946.0,328614.0,328731.0,2989.0,0.04,0.0,,True
mid,906223110,SawyerW,50000.0,25830.41,25830.0,24169.59,-2974.58,-2975.0,-12.0,6.0,6.0,354957.0,377813.0,328614.0,352229.0,22856.0,0.05,0.0,,True
high,906223110,SawyerW,120000.0,25830.410000000003,25830.0,94169.59,-2974.58,-2975.0,-12.0,6.0,6.0,354957.0,377813.0,328614.0,352229.0,22856.0,0.06,0.0,,True
low,910201130,IDOTRR,18000.0,10872.93,10873.0,7127.07,552.46,552.0,5.0,6.0,7.0,173728.0,185153.0,194513.0,193123.0,11425.0,0.05,0.0,,True
mid,910201130,IDOTRR,50000.0,10872.93,10873.0,39127.07,552.46,552.0,5.0,6.0,7.0,173728.0,185153.0,194513.0,193123.0,11425.0,0.07,0.0,,True
high,910201130,IDOTRR,120000.0,10872.929999999993,10873.0,109127.07,552.46,552.0,5.0,6.0,7.0,173728.0,185153.0,194513.0,193123.0,11425.0,0.08,0.0,,True
low,532353030,Sawyer,18000.0,10872.93,10873.0,7127.07,-3242.12,-3242.0,-30.0,3.0,3.0,232078.0,239709.0,212263.0,212338.0,7631.0,0.05,0.0,,True
mid,532353030,Sawyer,50000.0,10872.93,10873.0,39127.07,-3242.12,-3242.0,-30.0,3.0,3.0,232078.0,239709.0,212263.0,212338.0,7631.0,0.06,0.0,,True
high,532353030,Sawyer,120000.0,10872.929999999993,10873.0,109127.07,-3242.12,-3242.0,-30.0,3.0,3.0,232078.0,239709.0,212263.0,212338.0,7631.0,0.07,0.0,,True
low,907290150,CollgCr,18000.0,12107.619999999999,12108.0,5892.38,-4457.9,-4458.0,-37.0,4.0,4.0,210574.0,218223.0,204726.0,203263.0,7650.0,0.04,0.0,,True
mid,907290150,CollgCr,50000.0,12107.620000000003,12108.0,37892.38,-4457.9,-4458.0,-37.0,4.0,4.0,210574.0,218223.0,204726.0,203263.0,7650.0,0.06,0.0,,True
high,907290150,CollgCr,120000.0,12107.619999999995,12108.0,107892.38,-4457.9,-4458.0,-37.0,4.0,4.0,210574.0,218223.0,204726.0,203263.0,7650.0,0.05,0.0,,True
low,527126030,StoneBr,18000.0,6923.620000000001,6924.0,11076.38,-3793.13,-3793.0,-55.0,1.0,1.0,390238.0,393369.0,363264.0,353115.0,3130.0,0.04,0.0,,True
mid,527126030,StoneBr,50000.0,25461.81,25462.0,24538.19,-3300.56,-3301.0,-13.0,5.0,6.0,390238.0,412400.0,363264.0,378356.0,22161.0,0.05,0.0,,True
high,527126030,StoneBr,120000.0,25461.809999999998,25462.0,94538.19,-3300.56,-3301.0,-13.0,5.0,6.0,390238.0,412400.0,363264.0,378356.0,22161.0,0.08,0.0,,True
low,905226030,Sawyer,18000.0,10872.93,10873.0,7127.07,392.8,393.0,4.0,7.0,7.0,152377.0,163643.0,164245.0,162677.0,11266.0,0.04,0.0,,True
mid,905226030,Sawyer,50000.0,10872.93,10873.0,39127.07,392.8,393.0,4.0,7.0,7.0,152377.0,163643.0,164245.0,162677.0,11266.0,0.07,0.0,,True
high,905226030,Sawyer,120000.0,6923.619999999995,6924.0,113076.38,-5180.38,-5180.0,-75.0,1.0,1.0,152377.0,154120.0,164245.0,162677.0,1743.0,0.07,0.0,,True
low,908225310,Edwards,18000.0,10872.93,10873.0,7127.07,255.19,255.0,2.0,7.0,7.0,159840.0,170968.0,140342.0,137083.0,11128.0,0.05,0.0,,True
mid,908225310,Edwards,50000.0,10872.93,10873.0,39127.07,255.19,255.0,2.0,7.0,7.0,159840.0,170968.0,140342.0,137083.0,11128.0,0.09,0.0,,True
high,908225310,Edwards,120000.0,10872.929999999993,10873.0,109127.07,255.19,255.0,2.0,7.0,7.0,159840.0,170968.0,140342.0,137083.0,11128.0,0.11,0.0,,True
low,904100020,Sawyer,18000.0,6923.620000000001,6924.0,11076.38,-5100.28,-5100.0,-74.0,1.0,1.0,177379.0,179203.0,150921.0,149842.0,1823.0,0.04,0.0,,True
mid,904100020,Sawyer,50000.0,6923.620000000003,6924.0,43076.38,-5100.28,-5100.0,-74.0,1.0,1.0,177379.0,179203.0,150921.0,149842.0,1823.0,0.08,0.0,,True
high,904100020,Sawyer,120000.0,6923.619999999995,6924.0,113076.38,-5100.28,-5100.0,-74.0,1.0,1.0,177379.0,179203.0,150921.0,149842.0,1823.0,0.09,0.0,,True
low,527376090,NWAmes,18000.0,10872.93,10873.0,7127.07,-1129.62,-1130.0,-10.0,4.0,4.0,238012.0,247755.0,208639.0,208713.0,9743.0,0.04,0.0,,True
mid,527376090,NWAmes,50000.0,10872.93,10873.0,39127.07,-1129.62,-1130.0,-10.0,4.0,4.0,238012.0,247755.0,208639.0,208713.0,9743.0,0.05,0.0,,True
high,527376090,NWAmes,120000.0,10872.929999999993,10873.0,109127.07,-1129.62,-1130.0,-10.0,4.0,4.0,238012.0,247755.0,208639.0,208713.0,9743.0,0.05,0.0,,True
low,902328040,OldTown,18000.0,10872.93,10873.0,7127.07,-669.18,-669.0,-6.0,5.0,5.0,203188.0,213392.0,196816.0,190410.0,10204.0,0.04,0.0,,True
mid,902328040,OldTown,50000.0,10872.93,10873.0,39127.07,-669.18,-669.0,-6.0,5.0,5.0,203188.0,213392.0,196816.0,190410.0,10204.0,0.08,0.0,,True
high,902328040,OldTown,120000.0,10872.929999999993,10873.0,109127.07,-669.18,-669.0,-6.0,5.0,5.0,203188.0,213392.0,196816.0,190410.0,10204.0,0.11,0.0,,True
low,923225040,MeadowV,18000.0,10872.93,10873.0,7127.07,1203.14,1203.0,11.0,5.0,6.0,215590.0,227666.0,194741.0,189300.0,12076.0,0.04,0.0,,True
mid,923225040,MeadowV,50000.0,10872.93,10873.0,39127.07,1203.14,1203.0,11.0,5.0,6.0,215590.0,227666.0,194741.0,189300.0,12076.0,0.05,0.0,,True
high,923225040,MeadowV,120000.0,10872.929999999993,10873.0,109127.07,1203.14,1203.0,11.0,5.0,6.0,215590.0,227666.0,194741.0,189300.0,12076.0,0.06,0.0,,True
low,532378110,Sawyer,18000.0,10872.93,10873.0,7127.07,-2521.36,-2521.0,-23.0,4.0,4.0,207851.0,216203.0,222650.0,222729.0,8352.0,0.04,0.0,,True
mid,532378110,Sawyer,50000.0,10872.93,10873.0,39127.07,-2521.36,-2521.0,-23.0,4.0,4.0,207851.0,216203.0,222650.0,222729.0,8352.0,0.08,0.0,,True
high,532378110,Sawyer,120000.0,10872.929999999993,10873.0,109127.07,-2521.36,-2521.0,-23.0,4.0,4.0,207851.0,216203.0,222650.0,222729.0,8352.0,0.08,0.0,,True
low,527325240,NWAmes,18000.0,11372.93,11373.0,6627.07,-128.98,-129.0,-1.0,4.0,5.0,248177.0,259421.0,232822.0,233409.0,11244.0,0.07,0.0,,True
mid,527325240,NWAmes,50000.0,11372.93,11373.0,38627.07,-128.98,-129.0,-1.0,4.0,5.0,248177.0,259421.0,232822.0,233409.0,11244.0,0.09,0.0,,True
high,527325240,NWAmes,120000.0,11372.929999999993,11373.0,108627.07,-128.98,-129.0,-1.0,4.0,5.0,248177.0,259421.0,232822.0,233409.0,11244.0,0.08,0.0,,True
low,527404050,No aplicames,18000.0,11272.93,11273.0,6727.07,-692.63,-693.0,-6.0,5.0,5.0,193279.0,203859.0,169878.0,169939.0,10580.0,0.05,0.0,,True
mid,527404050,No aplicames,50000.0,11272.93,11273.0,38727.07,-692.63,-693.0,-6.0,5.0,5.0,193279.0,203859.0,169878.0,169939.0,10580.0,0.06,0.0,,True
high,527404050,No aplicames,120000.0,11272.929999999993,11273.0,108727.07,-692.63,-693.0,-6.0,5.0,5.0,193279.0,203859.0,169878.0,169939.0,10580.0,0.1,0.0,,True
low,528221100,Gilbert,18000.0,6923.620000000001,6924.0,11076.38,-4099.45,-4099.0,-59.0,1.0,1.0,270437.0,273261.0,267876.0,265963.0,2824.0,0.04,0.0,,True
mid,528221100,Gilbert,50000.0,6923.620000000003,6924.0,43076.38,-4099.45,-4099.0,-59.0,1.0,1.0,270437.0,273261.0,267876.0,265963.0,2824.0,0.09,0.0,,True
high,528221100,Gilbert,120000.0,6923.619999999995,6924.0,113076.38,-4099.45,-4099.0,-59.0,1.0,1.0,270437.0,273261.0,267876.0,265963.0,2824.0,0.11,0.0,,True
low,914476450,Mitchel,18000.0,10872.93,10873.0,7127.07,10189.16,10189.0,94.0,7.0,8.0,278397.0,299459.0,277486.0,277584.0,21062.0,0.06,0.0,,True
mid,914476450,Mitchel,50000.0,10872.93,10873.0,39127.07,10189.16,10189.0,94.0,7.0,8.0,278397.0,299459.0,277486.0,277584.0,21062.0,0.08,0.0,,True
high,914476450,Mitchel,120000.0,10872.929999999993,10873.0,109127.07,10189.16,10189.0,94.0,7.0,8.0,278397.0,299459.0,277486.0,277584.0,21062.0,0.07,0.0,,True
low,908151040,Edwards,18000.0,10872.93,10873.0,7127.07,-4020.18,-4020.0,-37.0,3.0,3.0,224148.0,231001.0,237920.0,237920.0,6853.0,0.05,0.0,,True
mid,908151040,Edwards,50000.0,10872.93,10873.0,39127.07,-4020.18,-4020.0,-37.0,3.0,3.0,224148.0,231001.0,237920.0,237920.0,6853.0,0.06,0.0,,True
high,908151040,Edwards,120000.0,6923.619999999995,6924.0,113076.38,-4909.07,-4909.0,-71.0,1.0,1.0,224148.0,226163.0,237920.0,237920.0,2015.0,0.07,0.0,,True
low,535153140,No aplicames,18000.0,10872.93,10873.0,7127.07,489.54,490.0,5.0,4.0,4.0,261229.0,272592.0,241422.0,241507.0,11362.0,0.06,0.0,,True
mid,535153140,No aplicames,50000.0,10872.93,10873.0,39127.07,489.54,490.0,5.0,4.0,4.0,261229.0,272592.0,241422.0,241507.0,11362.0,0.06,0.0,,True
high,535153140,No aplicames,120000.0,10872.929999999993,10873.0,109127.07,489.54,490.0,5.0,4.0,4.0,261229.0,272592.0,241422.0,241507.0,11362.0,0.06,0.0,,True
low,533254130,Veenker,18000.0,10872.93,10873.0,7127.07,-2133.13,-2133.0,-20.0,3.0,3.0,269069.0,277809.0,262163.0,256807.0,8740.0,0.05,0.0,,True
mid,533254130,Veenker,50000.0,10872.93,10873.0,39127.07,-2133.13,-2133.0,-20.0,3.0,3.0,269069.0,277809.0,262163.0,256807.0,8740.0,0.06,0.0,,True
high,533254130,Veenker,120000.0,6923.619999999995,6924.0,113076.38,-5341.16,-5341.0,-77.0,1.0,1.0,269069.0,270652.0,262163.0,256807.0,1582.0,0.05,0.0,,True
low,527401160,No aplicames,18000.0,10872.93,10873.0,7127.07,5022.08,5022.0,46.0,7.0,8.0,198748.0,214644.0,197857.0,187427.0,15895.0,0.04,0.0,,True
mid,527401160,No aplicames,50000.0,39544.93,39545.0,10455.07,-2964.02,-2964.0,-7.0,16.0,18.0,198748.0,235329.0,197857.0,187427.0,36581.0,0.08,0.0,,True
high,527401160,No aplicames,120000.0,10872.929999999993,10873.0,109127.07,5022.08,5022.0,46.0,7.0,8.0,198748.0,214644.0,197857.0,187427.0,15895.0,0.1,0.0,,True
low,909256060,SWISU,18000.0,10872.93,10873.0,7127.07,-1730.34,-1730.0,-16.0,5.0,5.0,191656.0,200798.0,194764.0,190786.0,9143.0,0.05,0.0,,True
mid,909256060,SWISU,50000.0,10872.93,10873.0,39127.07,-1730.34,-1730.0,-16.0,5.0,5.0,191656.0,200798.0,194764.0,190786.0,9143.0,0.07,0.0,,True
high,909256060,SWISU,120000.0,10872.929999999993,10873.0,109127.07,-1730.34,-1730.0,-16.0,5.0,5.0,191656.0,200798.0,194764.0,190786.0,9143.0,0.08,0.0,,True
low,909254010,Crawfor,18000.0,10872.93,10873.0,7127.07,2290.53,2291.0,21.0,6.0,6.0,222804.0,235967.0,226477.0,224314.0,13163.0,0.04,0.0,,True
mid,909254010,Crawfor,50000.0,10872.93,10873.0,39127.07,2290.53,2291.0,21.0,6.0,6.0,222804.0,235967.0,226477.0,224314.0,13163.0,0.06,0.0,,True
high,909254010,Crawfor,120000.0,10872.929999999993,10873.0,109127.07,2290.53,2291.0,21.0,6.0,6.0,222804.0,235967.0,226477.0,224314.0,13163.0,0.07,0.0,,True
low,528181060,NridgHt,18000.0,6923.620000000001,6924.0,11076.38,-4068.54,-4069.0,-59.0,1.0,1.0,341969.0,344824.0,341515.0,339075.0,2855.0,0.04,0.0,,True
mid,528181060,NridgHt,50000.0,25461.81,25462.0,24538.19,-3942.41,-3942.0,-15.0,6.0,6.0,341969.0,363488.0,341515.0,363312.0,21519.0,0.05,0.0,,True
high,528181060,NridgHt,120000.0,74421.81,74422.0,45578.19,-2999.94,-3000.0,-4.0,17.0,21.0,341969.0,413391.0,341515.0,363312.0,71422.0,0.09,0.0,,True
low,531375120,SawyerW,18000.0,10872.93,10873.0,7127.07,-1065.31,-1065.0,-10.0,4.0,4.0,240977.0,250785.0,226283.0,224667.0,9808.0,0.04,0.0,,True
mid,531375120,SawyerW,50000.0,10872.93,10873.0,39127.07,-1065.31,-1065.0,-10.0,4.0,4.0,240977.0,250785.0,226283.0,224667.0,9808.0,0.05,0.0,,True
high,531375120,SawyerW,120000.0,10872.929999999993,10873.0,109127.07,-1065.31,-1065.0,-10.0,4.0,4.0,240977.0,250785.0,226283.0,224667.0,9808.0,0.07,0.0,,True
low,907410110,CollgCr,18000.0,8250.58,8251.0,9749.42,-1458.64,-1459.0,-18.0,2.0,2.0,349517.0,356309.0,336966.0,334807.0,6792.0,0.04,0.0,,True
mid,907410110,CollgCr,50000.0,26788.77,26789.0,23211.23,197.81,198.0,1.0,7.0,8.0,349517.0,376503.0,336966.0,358739.0,26987.0,0.16,0.0,,True
high,907410110,CollgCr,120000.0,26788.770000000004,26789.0,93211.23,197.81,198.0,1.0,7.0,8.0,349517.0,376503.0,336966.0,358739.0,26987.0,0.08,0.0,,True
low,535375160,OldTown,18000.0,10872.93,10873.0,7127.07,1180.1,1180.0,11.0,7.0,7.0,167344.0,179397.0,175620.0,174365.0,12053.0,0.05,0.0,,True
mid,535375160,OldTown,50000.0,6923.620000000003,6924.0,43076.38,-3708.65,-3709.0,-54.0,2.0,2.0,167344.0,170559.0,175620.0,174365.0,3215.0,0.08,0.0,,True
high,535375160,OldTown,120000.0,6923.619999999995,6924.0,113076.38,-3708.65,-3709.0,-54.0,2.0,2.0,167344.0,170559.0,175620.0,174365.0,3215.0,0.08,0.0,,True
low,535450310,No aplicames,18000.0,10872.93,10873.0,7127.07,3419.9,3420.0,31.0,6.0,6.0,239079.0,253372.0,231154.0,228946.0,14293.0,0.04,0.0,,True
mid,535450310,No aplicames,50000.0,10872.93,10873.0,39127.07,3419.9,3420.0,31.0,6.0,6.0,239079.0,253372.0,231154.0,228946.0,14293.0,0.06,0.0,,True
high,535450310,No aplicames,120000.0,10872.929999999993,10873.0,109127.07,3419.9,3420.0,31.0,6.0,6.0,239079.0,253372.0,231154.0,228946.0,14293.0,0.08,0.0,,True
low,907192040,CollgCr,18000.0,8702.11,8702.0,9297.89,-3284.73,-3285.0,-38.0,2.0,2.0,341462.0,346879.0,328100.0,326081.0,5417.0,0.04,0.0,,True
mid,907192040,CollgCr,50000.0,8702.11,8702.0,41297.89,-3284.73,-3285.0,-38.0,2.0,2.0,341462.0,346879.0,328100.0,326081.0,5417.0,0.05,0.0,,True
high,907192040,CollgCr,120000.0,8702.11,8702.0,111297.89,-3284.73,-3285.0,-38.0,2.0,2.0,341462.0,346879.0,328100.0,326081.0,5417.0,0.06,0.0,,True
low,907290260,CollgCr,18000.0,6923.620000000001,6924.0,11076.38,-1885.65,-1886.0,-27.0,1.0,1.0,388026.0,393064.0,386188.0,383429.0,5038.0,0.04,0.0,,True
mid,907290260,CollgCr,50000.0,25461.81,25462.0,24538.19,2173.01,2173.0,9.0,7.0,7.0,388026.0,415661.0,386188.0,410836.0,27635.0,0.06,0.0,,True
high,907290260,CollgCr,120000.0,25461.809999999998,25462.0,94538.19,2173.01,2173.0,9.0,7.0,7.0,388026.0,415661.0,386188.0,410836.0,27635.0,0.08,0.0,,True
low,904101040,ClearCr,18000.0,10872.93,10873.0,7127.07,-1248.51,-1249.0,-11.0,5.0,5.0,203662.0,213286.0,185477.0,183706.0,9624.0,0.04,0.0,,True
mid,904101040,ClearCr,50000.0,10872.93,10873.0,39127.07,-1248.51,-1249.0,-11.0,5.0,5.0,203662.0,213286.0,185477.0,183706.0,9624.0,0.06,0.0,,True
high,904101040,ClearCr,120000.0,10872.929999999993,10873.0,109127.07,-1248.51,-1249.0,-11.0,5.0,5.0,203662.0,213286.0,185477.0,183706.0,9624.0,0.06,0.0,,True
low,528429060,Somerst,18000.0,11694.42,11694.0,6305.58,-3576.16,-3576.0,-31.0,2.0,2.0,412478.0,420597.0,396781.0,386493.0,8118.0,0.04,0.0,,True
mid,528429060,Somerst,50000.0,30232.61,30233.0,19767.39,3143.45,3143.0,10.0,7.0,8.0,412478.0,445854.0,396781.0,414119.0,33376.0,0.07,0.0,,True
high,528429060,Somerst,120000.0,65432.61,65433.0,54567.39,6284.67,6285.0,10.0,15.0,17.0,412478.0,484196.0,396781.0,414119.0,71717.0,0.08,0.0,,True
low,905476120,Edwards,18000.0,10872.93,10873.0,7127.07,-671.5,-672.0,-6.0,5.0,6.0,184801.0,195003.0,185255.0,181471.0,10201.0,0.04,0.0,,True
mid,905476120,Edwards,50000.0,10872.93,10873.0,39127.07,-671.5,-672.0,-6.0,5.0,6.0,184801.0,195003.0,185255.0,181471.0,10201.0,0.07,0.0,,True
high,905476120,Edwards,120000.0,10872.929999999993,10873.0,109127.07,-671.5,-672.0,-6.0,5.0,6.0,184801.0,195003.0,185255.0,181471.0,10201.0,0.07,0.0,,True
low,902306120,OldTown,18000.0,6923.620000000001,6924.0,11076.38,-4761.59,-4762.0,-69.0,1.0,1.0,192565.0,194727.0,203555.0,194767.0,2162.0,0.05,0.0,,True
mid,902306120,OldTown,50000.0,6923.620000000003,6924.0,43076.38,-4761.59,-4762.0,-69.0,1.0,1.0,192565.0,194727.0,203555.0,194767.0,2162.0,0.05,0.0,,True
high,902306120,OldTown,120000.0,6923.619999999995,6924.0,113076.38,-4761.59,-4762.0,-69.0,1.0,1.0,192565.0,194727.0,203555.0,194767.0,2162.0,0.08,0.0,,True
low,923400040,Mitchel,18000.0,10872.93,10873.0,7127.07,-1238.19,-1238.0,-11.0,4.0,4.0,261326.0,270961.0,251974.0,250174.0,9635.0,0.05,0.0,,True
mid,923400040,Mitchel,50000.0,10872.93,10873.0,39127.07,-1238.19,-1238.0,-11.0,4.0,4.0,261326.0,270961.0,251974.0,250174.0,9635.0,0.06,0.0,,True
high,923400040,Mitchel,120000.0,6923.619999999995,6924.0,113076.38,-4023.84,-4024.0,-58.0,1.0,1.0,261326.0,264226.0,251974.0,250174.0,2900.0,0.06,0.0,,True
low,528142140,NridgHt,18000.0,16267.619999999999,16268.0,1732.38,-730.58,-731.0,-4.0,3.0,3.0,485710.0,501247.0,444355.0,441181.0,15537.0,0.05,0.0,,True
mid,528142140,NridgHt,50000.0,36869.97,36870.0,13130.03,11484.79,11485.0,31.0,9.0,10.0,485710.0,534065.0,444355.0,473264.0,48355.0,0.06,0.0,,True
high,528142140,NridgHt,120000.0,36869.97,36870.0,83130.03,11484.79,11485.0,31.0,9.0,10.0,485710.0,534065.0,444355.0,473264.0,48355.0,0.07,0.0,,True
low,528228270,Blmngtn,18000.0,14221.9,14222.0,3778.1,-3224.26,-3224.0,-23.0,4.0,4.0,288522.0,299520.0,286636.0,283710.0,10998.0,0.04,0.0,,True
mid,528228270,Blmngtn,50000.0,14221.900000000001,14222.0,35778.1,-3224.26,-3224.0,-23.0,4.0,4.0,288522.0,299520.0,286636.0,283710.0,10998.0,0.09,0.0,,True
high,528228270,Blmngtn,120000.0,14221.899999999994,14222.0,105778.1,-3224.26,-3224.0,-23.0,4.0,4.0,288522.0,299520.0,286636.0,283710.0,10998.0,0.08,0.0,,True
low,531382090,SawyerW,18000.0,7398.620000000001,7399.0,10601.38,-4454.78,-4455.0,-60.0,1.0,1.0,272694.0,275638.0,247868.0,246098.0,2944.0,0.04,0.0,,True
mid,531382090,SawyerW,50000.0,7398.620000000003,7399.0,42601.38,-4454.78,-4455.0,-60.0,1.0,1.0,272694.0,275638.0,247868.0,246098.0,2944.0,0.05,0.0,,True
high,531382090,SawyerW,120000.0,7398.619999999995,7399.0,112601.38,-4454.78,-4455.0,-60.0,1.0,1.0,272694.0,275638.0,247868.0,246098.0,2944.0,0.06,0.0,,True
low,903233180,BrkSide,18000.0,10872.93,10873.0,7127.07,360.12,360.0,3.0,5.0,5.0,207879.0,219112.0,189361.0,187553.0,11233.0,0.05,0.0,,True
mid,903233180,BrkSide,50000.0,10872.93,10873.0,39127.07,360.12,360.0,3.0,5.0,5.0,207879.0,219112.0,189361.0,187553.0,11233.0,0.07,0.0,,True
high,903233180,BrkSide,120000.0,10872.929999999993,10873.0,109127.07,360.12,360.0,3.0,5.0,5.0,207879.0,219112.0,189361.0,187553.0,11233.0,0.09,0.0,,True
low,527131030,StoneBr,18000.0,6923.620000000001,6924.0,11076.38,-4002.29,-4002.0,-58.0,1.0,1.0,396007.0,398929.0,381049.0,370403.0,2921.0,0.04,0.0,,True
mid,527131030,StoneBr,50000.0,25461.81,25462.0,24538.19,-624.64,-625.0,-2.0,6.0,6.0,396007.0,420845.0,381049.0,396880.0,24837.0,0.05,0.0,,True
high,527131030,StoneBr,120000.0,25461.809999999998,25462.0,94538.19,-624.64,-625.0,-2.0,6.0,6.0,396007.0,420845.0,381049.0,396880.0,24837.0,0.06,0.0,,True
low,534453150,BrkSide,18000.0,10872.93,10873.0,7127.07,6923.02,6923.0,64.0,9.0,10.0,184551.0,202347.0,184142.0,195567.0,17796.0,0.04,0.0,,True
mid,534453150,BrkSide,50000.0,10872.93,10873.0,39127.07,6923.02,6923.0,64.0,9.0,10.0,184551.0,202347.0,184142.0,195567.0,17796.0,0.07,0.0,,True
high,534453150,BrkSide,120000.0,10872.929999999993,10873.0,109127.07,6923.02,6923.0,64.0,9.0,10.0,184551.0,202347.0,184142.0,195567.0,17796.0,0.08,0.0,,True
low,534127270,NWAmes,18000.0,10872.93,10873.0,7127.07,-3898.95,-3899.0,-36.0,3.0,3.0,269923.0,276897.0,225421.0,225500.0,6974.0,0.05,0.0,,True
mid,534127270,NWAmes,50000.0,10872.93,10873.0,39127.07,-3898.95,-3899.0,-36.0,3.0,3.0,269923.0,276897.0,225421.0,225500.0,6974.0,0.06,0.0,,True
high,534127270,NWAmes,120000.0,10872.929999999993,10873.0,109127.07,-3898.95,-3899.0,-36.0,3.0,3.0,269923.0,276897.0,225421.0,225500.0,6974.0,0.06,0.0,,True
low,527183030,StoneBr,18000.0,6923.620000000001,6924.0,11076.38,-4726.18,-4726.0,-68.0,1.0,1.0,296867.0,299064.0,305340.0,305449.0,2197.0,0.04,0.0,,True
mid,527183030,StoneBr,50000.0,6923.620000000003,6924.0,43076.38,-4726.18,-4726.0,-68.0,1.0,1.0,296867.0,299064.0,305340.0,305449.0,2197.0,0.05,0.0,,True
high,527183030,StoneBr,120000.0,6923.619999999995,6924.0,113076.38,-4726.18,-4726.0,-68.0,1.0,1.0,296867.0,299064.0,305340.0,305449.0,2197.0,0.06,0.0,,True
low,532479120,Sawyer,18000.0,10872.93,10873.0,7127.07,13201.97,13202.0,121.0,8.0,9.0,279819.0,303894.0,271698.0,271794.0,24075.0,0.04,0.0,,True
mid,532479120,Sawyer,50000.0,10872.93,10873.0,39127.07,13201.97,13202.0,121.0,8.0,9.0,279819.0,303894.0,271698.0,271794.0,24075.0,0.07,0.016,,True
high,532479120,Sawyer,120000.0,10872.929999999993,10873.0,109127.07,13201.97,13202.0,121.0,8.0,9.0,279819.0,303894.0,271698.0,271794.0,24075.0,0.08,0.0,,True
low,908102330,Edwards,18000.0,10872.93,10873.0,7127.07,1775.6,1776.0,16.0,7.0,7.0,177543.0,190191.0,160416.0,158884.0,12649.0,0.04,0.0,,True
mid,908102330,Edwards,50000.0,10872.93,10873.0,39127.07,1775.6,1776.0,16.0,7.0,7.0,177543.0,190191.0,160416.0,158884.0,12649.0,0.05,0.0,,True
high,908102330,Edwards,120000.0,10872.929999999993,10873.0,109127.07,1775.6,1776.0,16.0,7.0,7.0,177543.0,190191.0,160416.0,158884.0,12649.0,0.07,0.0,,True
low,902305110,OldTown,18000.0,9688.12,9688.0,8311.88,-2031.99,-2032.0,-21.0,3.0,3.0,231230.0,238886.0,212624.0,210652.0,7656.0,0.05,0.0,,True
mid,902305110,OldTown,50000.0,9688.120000000003,9688.0,40311.88,-2031.99,-2032.0,-21.0,3.0,3.0,231230.0,238886.0,212624.0,210652.0,7656.0,0.08,0.0,,True
high,902305110,OldTown,120000.0,9688.119999999995,9688.0,110311.88,-2031.99,-2032.0,-21.0,3.0,3.0,231230.0,238886.0,212624.0,210652.0,7656.0,0.1,0.0,,True
low,903430060,OldTown,18000.0,11149.380000000001,11149.0,6850.62,4625.19,4625.0,41.0,8.0,9.0,176649.0,192424.0,197521.0,191092.0,15775.0,0.04,0.0,,True
mid,903430060,OldTown,50000.0,11149.379999999997,11149.0,38850.62,4625.19,4625.0,41.0,8.0,9.0,176649.0,192424.0,197521.0,191092.0,15775.0,0.08,0.0,,True
high,903430060,OldTown,120000.0,11149.380000000005,11149.0,108850.62,4625.19,4625.0,41.0,8.0,9.0,176649.0,192424.0,197521.0,191092.0,15775.0,0.07,0.0,,True
low,527110080,Gilbert,18000.0,10872.93,10873.0,7127.07,-2971.44,-2971.0,-27.0,3.0,3.0,260418.0,268319.0,264417.0,262528.0,7901.0,0.04,0.0,,True
mid,527110080,Gilbert,50000.0,22072.93,22073.0,27927.07,-4153.18,-4153.0,-19.0,6.0,7.0,260418.0,278338.0,264417.0,268780.0,17920.0,0.06,0.0,,True
high,527110080,Gilbert,120000.0,38872.92999999999,38873.0,81127.07,-2477.1,-2477.0,-6.0,12.0,14.0,260418.0,296814.0,264417.0,269159.0,36396.0,0.08,0.0,,True
low,914452090,Mitchel,18000.0,11372.93,11373.0,6627.07,1103.57,1104.0,10.0,4.0,5.0,264824.0,277300.0,261988.0,262649.0,12477.0,0.05,0.0,,True
mid,914452090,Mitchel,50000.0,11372.93,11373.0,38627.07,1103.57,1104.0,10.0,4.0,5.0,264824.0,277300.0,261988.0,262649.0,12477.0,0.05,0.0,,True
high,914452090,Mitchel,120000.0,11372.929999999993,11373.0,108627.07,1103.57,1104.0,10.0,4.0,5.0,264824.0,277300.0,261988.0,262649.0,12477.0,0.06,0.0,,True
low,533208020,Somerst,18000.0,6923.620000000001,6924.0,11076.38,-2646.72,-2647.0,-38.0,1.0,1.0,345669.0,349945.0,319973.0,317687.0,4277.0,0.04,0.0,,True
mid,533208020,Somerst,50000.0,6923.620000000003,6924.0,43076.38,-2646.72,-2647.0,-38.0,1.0,1.0,345669.0,349945.0,319973.0,317687.0,4277.0,0.05,0.0,,True
high,533208020,Somerst,120000.0,6923.619999999995,6924.0,113076.38,-2646.72,-2647.0,-38.0,1.0,1.0,345669.0,349945.0,319973.0,317687.0,4277.0,0.06,0.0,,True
low,526301100,,18000.0,,,,,,,,,,,,,,,,,False
mid,526301100,No aplicames,50000.0,24984.93,24985.0,25015.07,-16876.28,-16876.0,-68.0,3.0,3.0,301951.0,310060.0,302068.0,281916.0,8109.0,0.11,0.0,,True
high,526301100,No aplicames,120000.0,24984.929999999993,24985.0,95015.07,-16876.28,-16876.0,-68.0,3.0,3.0,301951.0,310060.0,302068.0,281916.0,8109.0,0.13,0.0,,True
low,907230240,Landmrk,18000.0,10872.93,10873.0,7127.07,957.17,957.0,9.0,5.0,5.0,219585.0,231415.0,209407.0,207911.0,11830.0,0.05,0.0,,True
mid,907230240,Landmrk,50000.0,10872.93,10873.0,39127.07,957.17,957.0,9.0,5.0,5.0,219585.0,231415.0,209407.0,207911.0,11830.0,0.06,0.0,,True
high,907230240,Landmrk,120000.0,6923.619999999995,6924.0,113076.38,-4805.86,-4806.0,-69.0,1.0,1.0,219585.0,221703.0,209407.0,207911.0,2118.0,0.07,0.0,,True
low,527162130,Gilbert,18000.0,10872.93,10873.0,7127.07,3982.09,3982.0,37.0,5.0,5.0,281520.0,296375.0,301582.0,299427.0,14855.0,0.05,0.0,,True
mid,527162130,Gilbert,50000.0,10872.93,10873.0,39127.07,3982.09,3982.0,37.0,5.0,5.0,281520.0,296375.0,301582.0,299427.0,14855.0,0.07,0.0,,True
high,527162130,Gilbert,120000.0,10872.929999999993,10873.0,109127.07,3982.09,3982.0,37.0,5.0,5.0,281520.0,296375.0,301582.0,299427.0,14855.0,0.08,0.0,,True
low,535452060,No aplicames,18000.0,10872.93,10873.0,7127.07,-3951.64,-3952.0,-36.0,3.0,3.0,209281.0,216202.0,196467.0,194591.0,6921.0,0.04,0.0,,True
mid,535452060,No aplicames,50000.0,10872.93,10873.0,39127.07,-3951.64,-3952.0,-36.0,3.0,3.0,209281.0,216202.0,196467.0,194591.0,6921.0,0.07,0.0,,True
high,535452060,No aplicames,120000.0,10872.929999999993,10873.0,109127.07,-3951.64,-3952.0,-36.0,3.0,3.0,209281.0,216202.0,196467.0,194591.0,6921.0,0.07,0.0,,True
low,533241010,Somerst,18000.0,6923.620000000001,6924.0,11076.38,-3849.23,-3849.0,-56.0,1.0,1.0,306864.0,309939.0,281374.0,278688.0,3074.0,0.04,0.0,,True
mid,533241010,Somerst,50000.0,6923.620000000003,6924.0,43076.38,-3849.23,-3849.0,-56.0,1.0,1.0,306864.0,309939.0,281374.0,278688.0,3074.0,0.07,0.0,,True
high,533241010,Somerst,120000.0,6923.619999999995,6924.0,113076.38,-3849.23,-3849.0,-56.0,1.0,1.0,306864.0,309939.0,281374.0,278688.0,3074.0,0.08,0.0,,True
low,907253110,CollgCr,18000.0,6923.620000000001,6924.0,11076.38,-4001.37,-4001.0,-58.0,1.0,1.0,348868.0,351790.0,350575.0,348071.0,2922.0,0.05,0.0,,True
mid,907253110,CollgCr,50000.0,25461.81,25462.0,24538.19,-952.72,-953.0,-4.0,7.0,7.0,348868.0,373377.0,350575.0,372951.0,24509.0,0.07,0.0,,True
high,907253110,CollgCr,120000.0,25461.809999999998,25462.0,94538.19,-952.72,-953.0,-4.0,7.0,7.0,348868.0,373377.0,350575.0,372951.0,24509.0,0.07,0.0,,True
low,531453100,SawyerW,18000.0,10872.93,10873.0,7127.07,-154.81,-155.0,-1.0,4.0,5.0,236641.0,247359.0,248712.0,246936.0,10718.0,0.05,0.0,,True
mid,531453100,SawyerW,50000.0,10872.93,10873.0,39127.07,-154.81,-155.0,-1.0,4.0,5.0,236641.0,247359.0,248712.0,246936.0,10718.0,0.07,0.0,,True
high,531453100,SawyerW,120000.0,10872.929999999993,10873.0,109127.07,-154.81,-155.0,-1.0,4.0,5.0,236641.0,247359.0,248712.0,246936.0,10718.0,0.07,0.0,,True
low,910204090,IDOTRR,18000.0,15198.68,15199.0,2801.32,2245.21,2245.0,15.0,16.0,19.0,90344.0,107788.0,106147.0,105142.0,17444.0,0.04,0.0,,True
mid,910204090,IDOTRR,50000.0,15198.68,15199.0,34801.32,2245.21,2245.0,15.0,16.0,19.0,90344.0,107788.0,106147.0,105142.0,17444.0,0.11,0.0,,True
high,910204090,IDOTRR,120000.0,15198.679999999993,15199.0,104801.32,2245.21,2245.0,15.0,16.0,19.0,90344.0,107788.0,106147.0,105142.0,17444.0,0.11,0.0,,True
low,535106140,No aplicames,18000.0,10872.93,10873.0,7127.07,-174.4,-174.0,-2.0,5.0,6.0,184396.0,195095.0,153405.0,151940.0,10699.0,0.04,0.0,,True
mid,535106140,No aplicames,50000.0,10872.93,10873.0,39127.07,-174.4,-174.0,-2.0,5.0,6.0,184396.0,195095.0,153405.0,151940.0,10699.0,0.07,0.0,,True
high,535106140,No aplicames,120000.0,10872.929999999993,10873.0,109127.07,-174.4,-174.0,-2.0,5.0,6.0,184396.0,195095.0,153405.0,151940.0,10699.0,0.07,0.0,,True
low,528344100,NoRidge,18000.0,6923.620000000001,6924.0,11076.38,-2467.4,-2467.0,-36.0,1.0,1.0,489430.0,493886.0,485888.0,482417.0,4456.0,0.04,0.0,,True
mid,528344100,NoRidge,50000.0,37333.81,37334.0,12666.19,13236.51,13237.0,35.0,9.0,10.0,489430.0,540000.0,485888.0,516900.0,50570.0,0.05,0.0673,,True
high,528344100,NoRidge,120000.0,65333.81,65334.0,54666.19,20782.52,20783.0,32.0,15.0,18.0,489430.0,575546.0,485888.0,529955.0,86116.0,0.06,0.0,,True
low,923225310,MeadowV,18000.0,10872.93,10873.0,7127.07,-829.28,-829.0,-8.0,6.0,6.0,159224.0,169267.0,156089.0,151728.0,10044.0,0.05,0.0,,True
mid,923225310,MeadowV,50000.0,10872.93,10873.0,39127.07,-829.28,-829.0,-8.0,6.0,6.0,159224.0,169267.0,156089.0,151728.0,10044.0,0.07,0.0,,True
high,923225310,MeadowV,120000.0,10872.929999999993,10873.0,109127.07,-829.28,-829.0,-8.0,6.0,6.0,159224.0,169267.0,156089.0,151728.0,10044.0,0.07,0.0,,True
low,527358200,NWAmes,18000.0,10872.93,10873.0,7127.07,-2718.64,-2719.0,-25.0,3.0,3.0,253013.0,261167.0,254137.0,254137.0,8154.0,0.04,0.0,,True
mid,527358200,NWAmes,50000.0,10872.93,10873.0,39127.07,-2718.64,-2719.0,-25.0,3.0,3.0,253013.0,261167.0,254137.0,254137.0,8154.0,0.07,0.0,,True
high,527358200,NWAmes,120000.0,10872.929999999993,10873.0,109127.07,-2718.64,-2719.0,-25.0,3.0,3.0,253013.0,261167.0,254137.0,254137.0,8154.0,0.06,0.0,,True
low,909275080,Crawfor,18000.0,14456.93,14457.0,3543.07,-2495.16,-2495.0,-17.0,4.0,4.0,269344.0,281306.0,262340.0,259835.0,11962.0,0.05,0.0,,True
mid,909275080,Crawfor,50000.0,14456.93,14457.0,35543.07,-2495.16,-2495.0,-17.0,4.0,4.0,269344.0,281306.0,262340.0,259835.0,11962.0,0.06,0.0,,True
high,909275080,Crawfor,120000.0,14456.929999999993,14457.0,105543.07,-2495.16,-2495.0,-17.0,4.0,4.0,269344.0,281306.0,262340.0,259835.0,11962.0,0.06,0.0,,True
low,907192010,CollgCr,18000.0,15181.01,15181.0,2818.99,1565.77,1566.0,10.0,5.0,5.0,336255.0,353002.0,321430.0,319375.0,16747.0,0.05,0.0,,True
mid,907192010,CollgCr,50000.0,33719.2,33719.0,16280.8,4052.14,4052.0,12.0,10.0,11.0,336255.0,374026.0,321430.0,342204.0,37771.0,0.06,0.0,,True
high,907192010,CollgCr,120000.0,33719.2,33719.0,86280.8,4052.14,4052.0,12.0,10.0,11.0,336255.0,374026.0,321430.0,342204.0,37771.0,0.08,0.0,,True
low,906223210,SawyerW,18000.0,8351.94,8352.0,9648.06,-3662.23,-3662.0,-44.0,1.0,1.0,358765.0,363454.0,340746.0,338312.0,4690.0,0.04,0.0,,True
mid,906223210,SawyerW,50000.0,49676.48,49676.0,323.52,11453.31,11453.0,23.0,15.0,17.0,358765.0,419894.0,340746.0,362494.0,61130.0,0.06,0.0,,True
high,906223210,SawyerW,120000.0,49676.479999999996,49676.0,70323.52,11453.31,11453.0,23.0,15.0,17.0,358765.0,419894.0,340746.0,362494.0,61130.0,0.07,0.0,,True
low,906201023,SawyerW,18000.0,12672.380000000001,12672.0,5327.62,-952.45,-952.0,-8.0,3.0,3.0,393160.0,404879.0,327672.0,327788.0,11720.0,0.04,0.0,,True
mid,906201023,SawyerW,50000.0,31210.57,31211.0,18789.43,-651.01,-651.0,-2.0,7.0,8.0,393160.0,423719.0,327672.0,351219.0,30560.0,0.04,0.0,,True
high,906201023,SawyerW,120000.0,31210.570000000007,31211.0,88789.43,-651.01,-651.0,-2.0,7.0,8.0,393160.0,423719.0,327672.0,351219.0,30560.0,0.07,0.0,,True
low,905202190,ClearCr,18000.0,12410.43,12410.0,5589.57,29524.91,29525.0,238.0,9.0,10.0,414658.0,456593.0,368146.0,368146.0,41935.0,0.06,0.0,,True
mid,905202190,ClearCr,50000.0,30948.62,30949.0,19051.38,33717.35,33717.0,109.0,13.0,16.0,414658.0,479324.0,368146.0,394461.0,64666.0,0.08,0.0,,True
high,905202190,ClearCr,120000.0,30948.619999999995,30949.0,89051.38,33717.35,33717.0,109.0,13.0,16.0,414658.0,479324.0,368146.0,394461.0,64666.0,0.08,0.0,,True
low,903231080,BrkSide,18000.0,10872.93,10873.0,7127.07,-1196.54,-1197.0,-11.0,6.0,6.0,163259.0,172935.0,171251.0,167753.0,9676.0,0.05,0.0,,True
mid,903231080,BrkSide,50000.0,10872.93,10873.0,39127.07,-1196.54,-1197.0,-11.0,6.0,6.0,163259.0,172935.0,171251.0,167753.0,9676.0,0.09,0.0,,True
high,903231080,BrkSide,120000.0,10872.929999999993,10873.0,109127.07,-1196.54,-1197.0,-11.0,6.0,6.0,163259.0,172935.0,171251.0,167753.0,9676.0,0.1,0.0,,True
low,907262060,CollgCr,18000.0,6923.620000000001,6924.0,11076.38,-3709.09,-3709.0,-54.0,1.0,1.0,358544.0,361758.0,367544.0,364918.0,3215.0,0.04,0.0,,True
mid,907262060,CollgCr,50000.0,25461.81,25462.0,24538.19,1755.6,1756.0,7.0,7.0,8.0,358544.0,385761.0,367544.0,391003.0,27217.0,0.06,0.0,,True
high,907262060,CollgCr,120000.0,25461.809999999998,25462.0,94538.19,1755.6,1756.0,7.0,7.0,8.0,358544.0,385761.0,367544.0,391003.0,27217.0,0.08,0.0,,True
low,903454090,IDOTRR,18000.0,13878.529999999999,13879.0,4121.47,-251.4,-251.0,-2.0,6.0,6.0,209924.0,223551.0,197305.0,195420.0,13627.0,0.05,0.0,,True
mid,903454090,IDOTRR,50000.0,13878.529999999999,13879.0,36121.47,-251.4,-251.0,-2.0,6.0,6.0,209924.0,223551.0,197305.0,195420.0,13627.0,0.1,0.0,,True
high,903454090,IDOTRR,120000.0,13878.529999999999,13879.0,106121.47,-251.4,-251.0,-2.0,6.0,6.0,209924.0,223551.0,197305.0,195420.0,13627.0,0.11,0.0,,True
low,531363030,SawyerW,18000.0,6923.620000000001,6924.0,11076.38,-4946.03,-4946.0,-71.0,1.0,1.0,259483.0,261461.0,267360.0,265450.0,1978.0,0.05,0.0,,True
mid,531363030,SawyerW,50000.0,6923.620000000003,6924.0,43076.38,-4946.03,-4946.0,-71.0,1.0,1.0,259483.0,261461.0,267360.0,265450.0,1978.0,0.07,0.0,,True
high,531363030,SawyerW,120000.0,6923.619999999995,6924.0,113076.38,-4946.03,-4946.0,-71.0,1.0,1.0,259483.0,261461.0,267360.0,265450.0,1978.0,0.08,0.0,,True
low,902326030,OldTown,18000.0,8591.53,8592.0,9408.47,-1432.6,-1433.0,-17.0,2.0,2.0,383476.0,390635.0,309762.0,303154.0,7159.0,0.05,0.0,,True
mid,902326030,OldTown,50000.0,27129.73,27130.0,22870.27,4646.31,4646.0,17.0,8.0,8.0,383476.0,415252.0,309762.0,324824.0,31776.0,0.08,0.0,,True
high,902326030,OldTown,120000.0,27129.729999999996,27130.0,92870.27,4646.31,4646.0,17.0,8.0,8.0,383476.0,415252.0,309762.0,324824.0,31776.0,0.11,0.0,,True
low,534201260,No aplicames,18000.0,10872.93,10873.0,7127.07,2403.36,2403.0,22.0,5.0,6.0,235922.0,249198.0,207291.0,207365.0,13276.0,0.05,0.0,,True
mid,534201260,No aplicames,50000.0,10872.93,10873.0,39127.07,2403.36,2403.0,22.0,5.0,6.0,235922.0,249198.0,207291.0,207365.0,13276.0,0.07,0.0,,True
high,534201260,No aplicames,120000.0,10872.929999999993,10873.0,109127.07,2403.36,2403.0,22.0,5.0,6.0,235922.0,249198.0,207291.0,207365.0,13276.0,0.07,0.0,,True
low,902100130,OldTown,18000.0,10872.93,10873.0,7127.07,4012.51,4013.0,37.0,9.0,10.0,154497.0,169382.0,132340.0,129637.0,14885.0,0.07,0.0,,True
mid,902100130,OldTown,50000.0,10872.93,10873.0,39127.07,4012.51,4013.0,37.0,9.0,10.0,154497.0,169382.0,132340.0,129637.0,14885.0,0.13,0.0,,True
high,902100130,OldTown,120000.0,6923.619999999995,6924.0,113076.38,-4738.98,-4739.0,-68.0,1.0,1.0,154497.0,156681.0,132340.0,129637.0,2185.0,0.09,0.0,,True
low,905105260,Sawyer,18000.0,10872.93,10873.0,7127.07,75.59,76.0,1.0,5.0,5.0,204534.0,215483.0,198536.0,198606.0,10949.0,0.04,0.0,,True
mid,905105260,Sawyer,50000.0,10872.93,10873.0,39127.07,75.59,76.0,1.0,5.0,5.0,204534.0,215483.0,198536.0,198606.0,10949.0,0.05,0.0,,True
high,905105260,Sawyer,120000.0,10872.929999999993,10873.0,109127.07,75.59,76.0,1.0,5.0,5.0,204534.0,215483.0,198536.0,198606.0,10949.0,0.06,0.0,,True
low,906223040,SawyerW,18000.0,15947.619999999999,15948.0,2052.38,-2155.8,-2156.0,-14.0,4.0,4.0,337820.0,351612.0,335761.0,333362.0,13792.0,0.04,0.0,,True
mid,906223040,SawyerW,50000.0,15947.620000000003,15948.0,34052.38,-2155.8,-2156.0,-14.0,4.0,4.0,337820.0,351612.0,335761.0,333362.0,13792.0,0.05,0.0,,True
high,906223040,SawyerW,120000.0,15947.619999999995,15948.0,104052.38,-2155.8,-2156.0,-14.0,4.0,4.0,337820.0,351612.0,335761.0,333362.0,13792.0,0.06,0.0,,True
low,531369010,SawyerW,18000.0,6923.620000000001,6924.0,11076.38,-4480.33,-4480.0,-65.0,1.0,1.0,295389.0,297832.0,291504.0,289422.0,2443.0,0.04,0.0,,True
mid,531369010,SawyerW,50000.0,25461.81,25462.0,24538.19,-3272.06,-3272.0,-13.0,7.0,8.0,295389.0,317579.0,291504.0,310110.0,22190.0,0.08,0.0,,True
high,531369010,SawyerW,120000.0,25461.809999999998,25462.0,94538.19,-3272.06,-3272.0,-13.0,7.0,8.0,295389.0,317579.0,291504.0,310110.0,22190.0,0.08,0.0,,True
low,906204150,SawyerW,18000.0,12642.21,12642.0,5357.79,22391.75,22392.0,177.0,9.0,9.0,369565.0,404599.0,377213.0,377721.0,35034.0,0.05,0.0,,True
mid,906204150,SawyerW,50000.0,43660.4,43660.0,6339.6,29808.45,29808.0,68.0,17.0,20.0,369565.0,443034.0,377213.0,404721.0,73469.0,0.09,0.0,,True
high,906204150,SawyerW,120000.0,43660.399999999994,43660.0,76339.6,29808.45,29808.0,68.0,17.0,20.0,369565.0,443034.0,377213.0,404721.0,73469.0,0.1,0.0,,True
low,902103100,OldTown,18000.0,10872.93,10873.0,7127.07,4263.06,4263.0,39.0,8.0,9.0,177491.0,192627.0,202917.0,200980.0,15136.0,0.05,0.0,,True
mid,902103100,OldTown,50000.0,10872.93,10873.0,39127.07,4263.06,4263.0,39.0,8.0,9.0,177491.0,192627.0,202917.0,200980.0,15136.0,0.07,0.0,,True
high,902103100,OldTown,120000.0,10872.929999999993,10873.0,109127.07,4263.06,4263.0,39.0,8.0,9.0,177491.0,192627.0,202917.0,200980.0,15136.0,0.11,0.0,,True
low,903457040,IDOTRR,18000.0,10872.93,10873.0,7127.07,13730.28,13730.0,126.0,9.0,10.0,258659.0,283262.0,238370.0,233501.0,24603.0,0.04,0.0,,True
mid,903457040,IDOTRR,50000.0,10872.93,10873.0,39127.07,13730.28,13730.0,126.0,9.0,10.0,258659.0,283262.0,238370.0,233501.0,24603.0,0.08,0.0,,True
high,903457040,IDOTRR,120000.0,10872.929999999993,10873.0,109127.07,13730.28,13730.0,126.0,9.0,10.0,258659.0,283262.0,238370.0,233501.0,24603.0,0.09,0.0,,True
low,923203190,Mitchel,18000.0,10872.93,10873.0,7127.07,-1502.46,-1502.0,-14.0,4.0,4.0,231266.0,240637.0,226119.0,224503.0,9370.0,0.04,0.0,,True
mid,923203190,Mitchel,50000.0,10872.93,10873.0,39127.07,-1502.46,-1502.0,-14.0,4.0,4.0,231266.0,240637.0,226119.0,224503.0,9370.0,0.06,0.0,,True
high,923203190,Mitchel,120000.0,10872.929999999993,10873.0,109127.07,-1502.46,-1502.0,-14.0,4.0,4.0,231266.0,240637.0,226119.0,224503.0,9370.0,0.06,0.0,,True
low,908127050,Edwards,18000.0,10872.93,10873.0,7127.07,-3042.83,-3043.0,-28.0,3.0,4.0,216478.0,224308.0,173431.0,173493.0,7830.0,0.05,0.0,,True
mid,908127050,Edwards,50000.0,10872.93,10873.0,39127.07,-3042.83,-3043.0,-28.0,3.0,4.0,216478.0,224308.0,173431.0,173493.0,7830.0,0.06,0.0,,True
high,908127050,Edwards,120000.0,6923.619999999995,6924.0,113076.38,-5328.17,-5328.0,-77.0,1.0,1.0,216478.0,218074.0,173431.0,173493.0,1595.0,0.06,0.0,,True
low,534275170,No aplicames,18000.0,10872.93,10873.0,7127.07,-2606.71,-2607.0,-24.0,4.0,4.0,213245.0,221511.0,222995.0,218440.0,8266.0,0.05,0.0,,True
mid,534275170,No aplicames,50000.0,10872.93,10873.0,39127.07,-2606.71,-2607.0,-24.0,4.0,4.0,213245.0,221511.0,222995.0,218440.0,8266.0,0.07,0.0,,True
high,534275170,No aplicames,120000.0,10872.929999999993,10873.0,109127.07,-2606.71,-2607.0,-24.0,4.0,4.0,213245.0,221511.0,222995.0,218440.0,8266.0,0.07,0.0,,True
low,532351150,Sawyer,18000.0,10872.93,10873.0,7127.07,7555.45,7555.0,69.0,8.0,9.0,211672.0,230100.0,185861.0,184534.0,18428.0,0.04,0.0,,True
mid,532351150,Sawyer,50000.0,10872.93,10873.0,39127.07,7555.45,7555.0,69.0,8.0,9.0,211672.0,230100.0,185861.0,184534.0,18428.0,0.06,0.0,,True
high,532351150,Sawyer,120000.0,10872.929999999993,10873.0,109127.07,7555.45,7555.0,69.0,8.0,9.0,211672.0,230100.0,185861.0,184534.0,18428.0,0.06,0.0,,True
low,909256020,SWISU,18000.0,10872.93,10873.0,7127.07,4487.51,4488.0,41.0,9.0,9.0,163551.0,178911.0,149371.0,147945.0,15360.0,0.04,0.0,,True
mid,909256020,SWISU,50000.0,10872.93,10873.0,39127.07,4487.51,4488.0,41.0,9.0,9.0,163551.0,178911.0,149371.0,147945.0,15360.0,0.08,0.0,,True
high,909256020,SWISU,120000.0,10872.929999999993,10873.0,109127.07,4487.51,4488.0,41.0,9.0,9.0,163551.0,178911.0,149371.0,147945.0,15360.0,0.1,0.0,,True
low,528427020,Somerst,18000.0,13510.720000000001,13511.0,4489.28,-3445.02,-3445.0,-25.0,3.0,3.0,357764.0,367830.0,359222.0,356656.0,10066.0,0.04,0.0,,True
mid,528427020,Somerst,50000.0,32048.91,32049.0,17951.09,-3166.56,-3167.0,-10.0,7.0,8.0,357764.0,386646.0,359222.0,382150.0,28882.0,0.05,0.0,,True
high,528427020,Somerst,120000.0,32048.910000000003,32049.0,87951.09,-3166.56,-3167.0,-10.0,7.0,8.0,357764.0,386646.0,359222.0,382150.0,28882.0,0.09,0.0,,True
low,531369060,SawyerW,18000.0,6923.620000000001,6924.0,11076.38,-4619.48,-4619.0,-67.0,1.0,1.0,278164.0,280468.0,280389.0,278386.0,2304.0,0.05,0.0,,True
mid,531369060,SawyerW,50000.0,6923.620000000003,6924.0,43076.38,-4353.1,-4353.0,-63.0,1.0,1.0,278164.0,280734.0,280389.0,278386.0,2571.0,0.06,0.0,,True
high,531369060,SawyerW,120000.0,6923.619999999995,6924.0,113076.38,-4353.1,-4353.0,-63.0,1.0,1.0,278164.0,280734.0,280389.0,278386.0,2571.0,0.11,0.0,,True
low,916382110,Timber,18000.0,6923.620000000001,6924.0,11076.38,-2452.61,-2453.0,-35.0,1.0,1.0,490436.0,494907.0,400272.0,389089.0,4471.0,0.04,0.0,,True
mid,916382110,Timber,50000.0,42261.81,42262.0,7738.19,12371.35,12371.0,29.0,10.0,11.0,490436.0,545069.0,400272.0,400612.0,54633.0,0.06,0.0,,True
high,916382110,Timber,120000.0,70261.81,70262.0,49738.19,24310.84,24311.0,35.0,16.0,19.0,490436.0,585008.0,400272.0,410730.0,94573.0,0.09,0.0,,True
low,527107030,Gilbert,18000.0,10872.93,10873.0,7127.07,-4318.41,-4318.0,-40.0,2.0,2.0,299171.0,305726.0,257093.0,257184.0,6555.0,0.04,0.0,,True
mid,527107030,Gilbert,50000.0,10872.93,10873.0,39127.07,-4318.41,-4318.0,-40.0,2.0,2.0,299171.0,305726.0,257093.0,257184.0,6555.0,0.05,0.0,,True
high,527107030,Gilbert,120000.0,10872.929999999993,10873.0,109127.07,-4318.41,-4318.0,-40.0,2.0,2.0,299171.0,305726.0,257093.0,257184.0,6555.0,0.05,0.0,,True
low,528186170,NridgHt,18000.0,6923.620000000001,6924.0,11076.38,-6185.19,-6185.0,-89.0,0.0,0.0,306970.0,307708.0,312517.0,306133.0,738.0,0.04,0.0,,True
mid,528186170,NridgHt,50000.0,6923.620000000003,6924.0,43076.38,-6185.19,-6185.0,-89.0,0.0,0.0,306970.0,307708.0,312517.0,306133.0,738.0,0.07,0.0,,True
high,528186170,NridgHt,120000.0,6923.619999999995,6924.0,113076.38,-6185.19,-6185.0,-89.0,0.0,0.0,306970.0,307708.0,312517.0,306133.0,738.0,0.07,0.0,,True
low,535151040,No aplicames,18000.0,6923.620000000001,6924.0,11076.38,-5181.11,-5181.0,-75.0,1.0,1.0,220090.0,221833.0,210965.0,208951.0,1743.0,0.05,0.0,,True
mid,535151040,No aplicames,50000.0,6923.620000000003,6924.0,43076.38,-5181.11,-5181.0,-75.0,1.0,1.0,220090.0,221833.0,210965.0,208951.0,1743.0,0.06,0.0,,True
high,535151040,No aplicames,120000.0,6923.619999999995,6924.0,113076.38,-5181.11,-5181.0,-75.0,1.0,1.0,220090.0,221833.0,210965.0,208951.0,1743.0,0.06,0.0,,True
low,528102030,NridgHt,18000.0,6923.620000000001,6924.0,11076.38,-1632.77,-1633.0,-24.0,1.0,1.0,540555.0,545846.0,472287.0,468913.0,5291.0,0.04,0.0,,True
mid,528102030,NridgHt,50000.0,25461.81,25462.0,24538.19,8489.34,8489.0,33.0,6.0,6.0,540555.0,574506.0,472287.0,502431.0,33951.0,0.06,0.0,,True
high,528102030,NridgHt,120000.0,25461.809999999998,25462.0,94538.19,8489.34,8489.0,33.0,6.0,6.0,540555.0,574506.0,472287.0,502431.0,33951.0,0.09,0.0,,True
low,528120100,NridgHt,18000.0,6923.620000000001,6924.0,11076.38,-3645.5,-3645.0,-53.0,1.0,1.0,355383.0,358661.0,350085.0,347584.0,3278.0,0.05,0.0,,True
mid,528120100,NridgHt,50000.0,25461.81,25462.0,24538.19,-205.13,-205.0,-1.0,7.0,7.0,355383.0,380639.0,350085.0,372430.0,25257.0,0.05,0.0,,True
high,528120100,NridgHt,120000.0,25461.809999999998,25462.0,94538.19,-205.13,-205.0,-1.0,7.0,7.0,355383.0,380639.0,350085.0,372430.0,25257.0,0.06,0.0,,True
low,533253070,Greens,18000.0,15435.619999999999,15436.0,2564.38,-1898.94,-1899.0,-12.0,4.0,5.0,289671.0,303208.0,302732.0,299842.0,13537.0,0.04,0.0,,True
mid,533253070,Greens,50000.0,15435.620000000003,15436.0,34564.38,-1898.94,-1899.0,-12.0,4.0,5.0,289671.0,303208.0,302732.0,299842.0,13537.0,0.06,0.0,,True
high,533253070,Greens,120000.0,15435.619999999995,15436.0,104564.38,-1898.94,-1899.0,-12.0,4.0,5.0,289671.0,303208.0,302732.0,299842.0,13537.0,0.06,0.0,,True
low,528166090,NridgHt,18000.0,12017.64,12018.0,5982.36,3582.3,3582.0,30.0,2.0,2.0,696760.0,712360.0,620923.0,616487.0,15600.0,0.04,0.0,,True
mid,528166090,NridgHt,50000.0,41890.75,41891.0,8109.25,32116.02,32116.0,77.0,10.0,11.0,696760.0,770767.0,620923.0,660554.0,74007.0,0.06,0.0,,True
high,528166090,NridgHt,120000.0,71588.87,71589.0,48411.13,42127.58,42128.0,59.0,14.0,16.0,696760.0,810477.0,620923.0,677238.0,113716.0,0.06,0.0,,True
low,528458030,Somerst,18000.0,8692.9,8693.0,9307.1,-3534.68,-3535.0,-41.0,2.0,2.0,331790.0,336948.0,335058.0,332994.0,5158.0,0.04,0.0,,True
mid,528458030,Somerst,50000.0,8692.900000000001,8693.0,41307.1,-3534.68,-3535.0,-41.0,2.0,2.0,331790.0,336948.0,335058.0,332994.0,5158.0,0.08,0.0,,True
high,528458030,Somerst,120000.0,8692.899999999994,8693.0,111307.1,-3534.68,-3535.0,-41.0,2.0,2.0,331790.0,336948.0,335058.0,332994.0,5158.0,0.09,0.0,,True
low,923204040,Mitchel,18000.0,10872.93,10873.0,7127.07,-1.08,-1.0,-0.0,4.0,4.0,242038.0,252910.0,212166.0,212241.0,10872.0,0.04,0.0,,True
mid,923204040,Mitchel,50000.0,10872.93,10873.0,39127.07,-1.08,-1.0,-0.0,4.0,4.0,242038.0,252910.0,212166.0,212241.0,10872.0,0.06,0.0,,True
high,923204040,Mitchel,120000.0,10872.929999999993,10873.0,109127.07,-1.08,-1.0,-0.0,4.0,4.0,242038.0,252910.0,212166.0,212241.0,10872.0,0.05,0.0,,True
low,527352150,NWAmes,18000.0,12642.21,12642.0,5357.79,10411.42,10411.0,82.0,8.0,9.0,257424.0,280478.0,253878.0,254219.0,23054.0,0.05,0.0,,True
mid,527352150,NWAmes,50000.0,12642.21,12642.0,37357.79,10411.42,10411.0,82.0,8.0,9.0,257424.0,280478.0,253878.0,254219.0,23054.0,0.09,0.0,,True
high,527352150,NWAmes,120000.0,12642.210000000006,12642.0,107357.79,10411.42,10411.0,82.0,8.0,9.0,257424.0,280478.0,253878.0,254219.0,23054.0,0.08,0.0,,True
low,916384100,Timber,18000.0,17363.2,17363.0,636.8,6060.35,6060.0,35.0,6.0,6.0,375194.0,398617.0,378455.0,375751.0,23424.0,0.04,0.0,,True
mid,916384100,Timber,50000.0,37670.67,37671.0,12329.33,11614.77,11615.0,31.0,12.0,13.0,375194.0,424479.0,378455.0,402610.0,49285.0,0.05,0.0,,True
high,916384100,Timber,120000.0,37670.67,37671.0,82329.33,11614.77,11615.0,31.0,12.0,13.0,375194.0,424479.0,378455.0,402610.0,49285.0,0.07,0.0,,True
low,528250070,Gilbert,18000.0,7123.620000000001,7124.0,10876.38,-3400.76,-3401.0,-48.0,1.0,1.0,323792.0,327515.0,298471.0,296338.0,3723.0,0.04,0.0,,True
mid,528250070,Gilbert,50000.0,7123.620000000003,7124.0,42876.38,-3400.76,-3401.0,-48.0,1.0,1.0,323792.0,327515.0,298471.0,296338.0,3723.0,0.07,0.0,,True
high,528250070,Gilbert,120000.0,7123.619999999995,7124.0,112876.38,-3400.76,-3401.0,-48.0,1.0,1.0,323792.0,327515.0,298471.0,296338.0,3723.0,0.07,0.0,,True
low,528110010,NridgHt,18000.0,14682.65,14683.0,3317.35,4975.29,4975.0,34.0,3.0,3.0,626375.0,646033.0,557869.0,542283.0,19658.0,0.05,0.0,,True
mid,528110010,NridgHt,50000.0,33220.84,33221.0,16779.16,23084.34,23084.0,69.0,8.0,9.0,626375.0,682681.0,557869.0,581046.0,56305.0,0.06,0.0,,True
high,528110010,NridgHt,120000.0,86700.84,86701.0,33299.16,29086.71,29087.0,34.0,16.0,18.0,626375.0,742163.0,557869.0,599026.0,115788.0,0.08,0.0,,True
low,907135050,CollgCr,18000.0,10872.93,10873.0,7127.07,110.49,110.0,1.0,5.0,5.0,226089.0,237073.0,239390.0,237680.0,10983.0,0.04,0.0,,True
mid,907135050,CollgCr,50000.0,10872.93,10873.0,39127.07,110.49,110.0,1.0,5.0,5.0,226089.0,237073.0,239390.0,237680.0,10983.0,0.06,0.0,,True
high,907135050,CollgCr,120000.0,10872.929999999993,10873.0,109127.07,110.49,110.0,1.0,5.0,5.0,226089.0,237073.0,239390.0,237680.0,10983.0,0.08,0.0,,True
low,909252020,SWISU,18000.0,6923.620000000001,6924.0,11076.38,-1003.62,-1004.0,-14.0,3.0,3.0,228622.0,234542.0,245025.0,242685.0,5920.0,0.04,0.0,,True
mid,909252020,SWISU,50000.0,6923.620000000003,6924.0,43076.38,-1003.62,-1004.0,-14.0,3.0,3.0,228622.0,234542.0,245025.0,242685.0,5920.0,0.06,0.0,,True
high,909252020,SWISU,120000.0,6923.619999999995,6924.0,113076.38,-1003.62,-1004.0,-14.0,3.0,3.0,228622.0,234542.0,245025.0,242685.0,5920.0,0.07,0.0,,True
low,908154040,Edwards,18000.0,6923.620000000001,6924.0,11076.38,-4430.7,-4431.0,-64.0,1.0,1.0,465463.0,467956.0,408540.0,397126.0,2493.0,0.05,0.0,,True
mid,908154040,Edwards,50000.0,42261.81,42262.0,7738.19,19937.47,19937.0,47.0,12.0,13.0,465463.0,527663.0,408540.0,408887.0,62199.0,0.08,0.0,,True
high,908154040,Edwards,120000.0,70261.81,70262.0,49738.19,27772.01,27772.0,40.0,17.0,21.0,465463.0,563497.0,408540.0,419215.0,98034.0,0.08,0.0,,True
low,532353020,Sawyer,18000.0,11130.95,11131.0,6869.05,890.66,891.0,8.0,6.0,6.0,185642.0,197664.0,188478.0,188545.0,12022.0,0.04,0.0,,True
mid,532353020,Sawyer,50000.0,11130.949999999997,11131.0,38869.05,890.66,891.0,8.0,6.0,6.0,185642.0,197664.0,188478.0,188545.0,12022.0,0.06,0.0,,True
high,532353020,Sawyer,120000.0,11130.949999999997,11131.0,108869.05,890.66,891.0,8.0,6.0,6.0,185642.0,197664.0,188478.0,188545.0,12022.0,0.08,0.0,,True
low,907265100,CollgCr,18000.0,7190.85,7191.0,10809.15,-3317.97,-3318.0,-46.0,1.0,1.0,317291.0,321164.0,322169.0,319867.0,3873.0,0.06,0.0,,True
mid,907265100,CollgCr,50000.0,25729.04,25729.0,24270.96,-564.83,-565.0,-2.0,7.0,8.0,317291.0,342455.0,322169.0,342731.0,25164.0,0.1,0.0,,True
high,907265100,CollgCr,120000.0,25729.039999999994,25729.0,94270.96,-564.83,-565.0,-2.0,7.0,8.0,317291.0,342455.0,322169.0,342731.0,25164.0,0.08,0.0,,True
low,526355190,No aplicames,18000.0,6923.620000000001,6924.0,11076.38,-5916.58,-5917.0,-85.0,0.0,0.0,524618.0,525625.0,436722.0,432551.0,1007.0,0.05,0.0,,True
mid,526355190,No aplicames,50000.0,40299.62,40300.0,9700.38,9509.94,9510.0,24.0,9.0,9.0,524618.0,574428.0,436722.0,432551.0,49810.0,0.08,0.0,,True
high,526355190,No aplicames,120000.0,86837.81,86838.0,33162.19,18653.0,18653.0,21.0,17.0,20.0,524618.0,630109.0,436722.0,475176.0,105491.0,0.08,0.0,,True
low,528112040,NridgHt,18000.0,15438.28,15438.0,2561.72,-3661.11,-3661.0,-24.0,2.0,3.0,462283.0,474060.0,423895.0,420866.0,11777.0,0.04,0.0,,True
mid,528112040,NridgHt,50000.0,33976.47,33976.0,16023.53,4631.06,4631.0,14.0,8.0,8.0,462283.0,500891.0,423895.0,450950.0,38608.0,0.06,0.0,,True
high,528112040,NridgHt,120000.0,109843.16,109843.0,10156.84,15940.84,15941.0,15.0,21.0,27.0,462283.0,588067.0,423895.0,462340.0,125784.0,0.13,0.0,,True
low,535150070,No aplicames,18000.0,10872.93,10873.0,7127.07,928.7,929.0,9.0,6.0,7.0,179929.0,191731.0,164545.0,163369.0,11802.0,0.07,0.0,,True
mid,535150070,No aplicames,50000.0,10872.93,10873.0,39127.07,928.7,929.0,9.0,6.0,7.0,179929.0,191731.0,164545.0,163369.0,11802.0,0.08,0.0,,True
high,535150070,No aplicames,120000.0,6923.619999999995,6924.0,113076.38,-4650.46,-4650.0,-67.0,1.0,1.0,179929.0,182202.0,164545.0,163369.0,2273.0,0.07,0.0,,True
low,535477180,No aplicames,18000.0,10872.93,10873.0,7127.07,-1114.89,-1115.0,-10.0,5.0,5.0,178185.0,187943.0,164446.0,162876.0,9758.0,0.06,0.0,,True
mid,535477180,No aplicames,50000.0,10872.93,10873.0,39127.07,-1114.89,-1115.0,-10.0,5.0,5.0,178185.0,187943.0,164446.0,162876.0,9758.0,0.07,0.0,,True
high,535477180,No aplicames,120000.0,10872.929999999993,10873.0,109127.07,-1114.89,-1115.0,-10.0,5.0,5.0,178185.0,187943.0,164446.0,162876.0,9758.0,0.08,0.0,,True
low,904101070,ClearCr,18000.0,10872.93,10873.0,7127.07,21862.05,21862.0,201.0,9.0,10.0,327696.0,360431.0,390894.0,365333.0,32735.0,0.04,0.0,,True
mid,904101070,ClearCr,50000.0,10872.93,10873.0,39127.07,21862.05,21862.0,201.0,9.0,10.0,327696.0,360431.0,390894.0,365333.0,32735.0,0.08,0.0,,True
high,904101070,ClearCr,120000.0,10872.929999999993,10873.0,109127.07,22092.84,22093.0,203.0,9.0,10.0,327696.0,360662.0,390894.0,365333.0,32966.0,0.08,0.0,,True
low,527184020,StoneBr,18000.0,10143.91,10144.0,7856.09,-2862.25,-2862.0,-28.0,3.0,3.0,283530.0,290812.0,291822.0,283669.0,7282.0,0.05,0.0,,True
mid,527184020,StoneBr,50000.0,10143.910000000003,10144.0,39856.09,-2862.25,-2862.0,-28.0,3.0,3.0,283530.0,290812.0,291822.0,283669.0,7282.0,0.07,0.0,,True
high,527184020,StoneBr,120000.0,6923.619999999995,6924.0,113076.38,-4648.74,-4649.0,-67.0,1.0,1.0,283530.0,285805.0,291822.0,283669.0,2275.0,0.06,0.0,,True
low,535379060,OldTown,18000.0,10872.93,10873.0,7127.07,6721.87,6722.0,62.0,11.0,12.0,143504.0,161099.0,134800.0,133513.0,17595.0,0.05,0.0,,True
mid,535379060,OldTown,50000.0,10872.93,10873.0,39127.07,6721.87,6722.0,62.0,11.0,12.0,143504.0,161099.0,134800.0,133513.0,17595.0,0.13,0.0,,True
high,535379060,OldTown,120000.0,10872.929999999993,10873.0,109127.07,6721.87,6722.0,62.0,11.0,12.0,143504.0,161099.0,134800.0,133513.0,17595.0,0.09,0.0,,True
low,906385020,CollgCr,18000.0,12590.84,12591.0,5409.16,-4799.34,-4799.0,-38.0,3.0,3.0,273836.0,281627.0,269218.0,267295.0,7792.0,0.04,0.0,,True
mid,906385020,CollgCr,50000.0,12590.839999999997,12591.0,37409.16,-4799.34,-4799.0,-38.0,3.0,3.0,273836.0,281627.0,269218.0,267295.0,7792.0,0.07,0.0,,True
high,906385020,CollgCr,120000.0,12590.850000000006,12591.0,107409.15,-4799.34,-4799.0,-38.0,3.0,3.0,273836.0,281627.0,269218.0,267295.0,7792.0,0.12,0.0,,True
low,903425110,OldTown,18000.0,10872.93,10873.0,7127.07,-185.54,-186.0,-2.0,5.0,5.0,207771.0,218459.0,212641.0,207910.0,10687.0,0.06,0.0,,True
mid,903425110,OldTown,50000.0,10872.93,10873.0,39127.07,-185.54,-186.0,-2.0,5.0,5.0,207771.0,218459.0,212641.0,207910.0,10687.0,0.08,0.0,,True
high,903425110,OldTown,120000.0,10872.929999999993,10873.0,109127.07,-185.54,-186.0,-2.0,5.0,5.0,207771.0,218459.0,212641.0,207910.0,10687.0,0.09,0.0,,True
low,903458110,IDOTRR,18000.0,15198.68,15199.0,2801.32,1300.68,1301.0,9.0,10.0,11.0,156281.0,172781.0,167196.0,161769.0,16499.0,0.06,0.0,,True
mid,903458110,IDOTRR,50000.0,15198.68,15199.0,34801.32,1300.68,1301.0,9.0,10.0,11.0,156281.0,172781.0,167196.0,161769.0,16499.0,0.13,0.0,,True
high,903458110,IDOTRR,120000.0,15198.679999999993,15199.0,104801.32,1300.68,1301.0,9.0,10.0,11.0,156281.0,172781.0,167196.0,161769.0,16499.0,0.12,0.0,,True
low,908102270,Edwards,18000.0,10872.93,10873.0,7127.07,1937.07,1937.0,18.0,5.0,5.0,243639.0,256449.0,263438.0,258057.0,12810.0,0.04,0.0,,True
mid,908102270,Edwards,50000.0,10872.93,10873.0,39127.07,1937.07,1937.0,18.0,5.0,5.0,243639.0,256449.0,263438.0,258057.0,12810.0,0.06,0.0,,True
high,908102270,Edwards,120000.0,10872.929999999993,10873.0,109127.07,1937.07,1937.0,18.0,5.0,5.0,243639.0,256449.0,263438.0,258057.0,12810.0,0.07,0.0,,True
low,534451020,BrkSide,18000.0,10872.93,10873.0,7127.07,6185.47,6185.0,57.0,15.0,17.0,100094.0,117152.0,123972.0,118620.0,17058.0,0.05,0.0,,True
mid,534451020,BrkSide,50000.0,10872.93,10873.0,39127.07,6185.47,6185.0,57.0,15.0,17.0,100094.0,117152.0,123972.0,118620.0,17058.0,0.07,0.0,,True
high,534451020,BrkSide,120000.0,10872.929999999993,10873.0,109127.07,6185.47,6185.0,57.0,15.0,17.0,100094.0,117152.0,123972.0,118620.0,17058.0,0.07,0.0,,True
low,908275290,Edwards,18000.0,10872.93,10873.0,7127.07,-4096.3,-4096.0,-38.0,3.0,4.0,191262.0,198038.0,175105.0,173433.0,6777.0,0.05,0.0,,True
mid,908275290,Edwards,50000.0,10872.93,10873.0,39127.07,-4096.3,-4096.0,-38.0,3.0,4.0,191262.0,198038.0,175105.0,173433.0,6777.0,0.06,0.0,,True
high,908275290,Edwards,120000.0,10872.929999999993,10873.0,109127.07,-4096.3,-4096.0,-38.0,3.0,4.0,191262.0,198038.0,175105.0,173433.0,6777.0,0.09,0.0,,True
low,907202100,CollgCr,18000.0,10872.93,10873.0,7127.07,-367.28,-367.0,-3.0,5.0,6.0,182767.0,193273.0,176616.0,176678.0,10506.0,0.05,0.0,,True
mid,907202100,CollgCr,50000.0,10872.93,10873.0,39127.07,-367.28,-367.0,-3.0,5.0,6.0,182767.0,193273.0,176616.0,176678.0,10506.0,0.08,0.0,,True
high,907202100,CollgCr,120000.0,10872.929999999993,10873.0,109127.07,-367.28,-367.0,-3.0,5.0,6.0,182767.0,193273.0,176616.0,176678.0,10506.0,0.08,0.0,,True
low,527182020,StoneBr,18000.0,10872.93,10873.0,7127.07,-341.96,-342.0,-3.0,4.0,4.0,258192.0,268723.0,270310.0,270406.0,10531.0,0.05,0.0,,True
mid,527182020,StoneBr,50000.0,10872.93,10873.0,39127.07,-341.96,-342.0,-3.0,4.0,4.0,258192.0,268723.0,270310.0,270406.0,10531.0,0.09,0.0,,True
high,527182020,StoneBr,120000.0,10872.929999999993,10873.0,109127.07,-341.96,-342.0,-3.0,4.0,4.0,258192.0,268723.0,270310.0,270406.0,10531.0,0.1,0.0,,True
low,907192030,CollgCr,18000.0,6923.620000000001,6924.0,11076.38,-4249.62,-4250.0,-61.0,1.0,1.0,279026.0,281700.0,284292.0,282261.0,2674.0,0.04,0.0,,True
mid,907192030,CollgCr,50000.0,6923.620000000003,6924.0,43076.38,-3983.24,-3983.0,-58.0,1.0,1.0,279026.0,281967.0,284292.0,282261.0,2940.0,0.07,0.0,,True
high,907192030,CollgCr,120000.0,6923.619999999995,6924.0,113076.38,-3983.24,-3983.0,-58.0,1.0,1.0,279026.0,281967.0,284292.0,282261.0,2940.0,0.07,0.0,,True
low,527451640,BrDale,18000.0,10872.93,10873.0,7127.07,-148.57,-149.0,-1.0,6.0,6.0,168535.0,179260.0,172917.0,172978.0,10724.0,0.05,0.0,,True
mid,527451640,BrDale,50000.0,10872.93,10873.0,39127.07,-148.57,-149.0,-1.0,6.0,6.0,168535.0,179260.0,172917.0,172978.0,10724.0,0.06,0.0,,True
high,527451640,BrDale,120000.0,10872.929999999993,10873.0,109127.07,-148.57,-149.0,-1.0,6.0,6.0,168535.0,179260.0,172917.0,172978.0,10724.0,0.07,0.0,,True
low,906200230,SawyerW,18000.0,11372.93,11373.0,6627.07,8839.12,8839.0,78.0,6.0,7.0,301133.0,321345.0,265893.0,263925.0,20212.0,0.04,0.0,,True
mid,906200230,SawyerW,50000.0,11372.93,11373.0,38627.07,8839.12,8839.0,78.0,6.0,7.0,301133.0,321345.0,265893.0,263925.0,20212.0,0.07,0.0,,True
high,906200230,SawyerW,120000.0,11372.929999999993,11373.0,108627.07,8839.12,8839.0,78.0,6.0,7.0,301133.0,321345.0,265893.0,263925.0,20212.0,0.1,0.0,,True
low,532377060,Sawyer,18000.0,10872.93,10873.0,7127.07,-2834.43,-2834.0,-26.0,4.0,5.0,178058.0,186096.0,173682.0,170134.0,8039.0,0.05,0.0,,True
mid,532377060,Sawyer,50000.0,10872.93,10873.0,39127.07,-2834.43,-2834.0,-26.0,4.0,5.0,178058.0,186096.0,173682.0,170134.0,8039.0,0.06,0.0,,True
high,532377060,Sawyer,120000.0,10872.929999999993,10873.0,109127.07,-2834.43,-2834.0,-26.0,4.0,5.0,178058.0,186096.0,173682.0,170134.0,8039.0,0.07,0.0,,True
low,528456200,Somerst,18000.0,6923.620000000001,6924.0,11076.38,-2863.93,-2864.0,-41.0,1.0,1.0,320381.0,324441.0,322949.0,320641.0,4060.0,0.04,0.0,,True
mid,528456200,Somerst,50000.0,6923.620000000003,6924.0,43076.38,-2863.93,-2864.0,-41.0,1.0,1.0,320381.0,324441.0,322949.0,320641.0,4060.0,0.07,0.0,,True
high,528456200,Somerst,120000.0,6923.619999999995,6924.0,113076.38,-2863.93,-2864.0,-41.0,1.0,1.0,320381.0,324441.0,322949.0,320641.0,4060.0,0.09,0.0,,True
low,903226170,BrkSide,18000.0,6923.620000000001,6924.0,11076.38,-5137.85,-5138.0,-74.0,1.0,1.0,201366.0,203152.0,224682.0,220092.0,1786.0,0.04,0.0,,True
mid,903226170,BrkSide,50000.0,6923.620000000003,6924.0,43076.38,-5137.85,-5138.0,-74.0,1.0,1.0,201366.0,203152.0,224682.0,220092.0,1786.0,0.06,0.0,,True
high,903226170,BrkSide,120000.0,6923.619999999995,6924.0,113076.38,-5137.85,-5138.0,-74.0,1.0,1.0,201366.0,203152.0,224682.0,220092.0,1786.0,0.06,0.0,,True
low,535453210,No aplicames,18000.0,10872.93,10873.0,7127.07,-9205.08,-9205.0,-85.0,1.0,1.0,222237.0,223904.0,219116.0,204498.0,1668.0,0.06,0.0,,True
mid,535453210,No aplicames,50000.0,10872.93,10873.0,39127.07,-9205.08,-9205.0,-85.0,1.0,1.0,222237.0,223904.0,219116.0,204498.0,1668.0,0.09,0.0,,True
high,535453210,No aplicames,120000.0,10872.929999999993,10873.0,109127.07,-9205.08,-9205.0,-85.0,1.0,1.0,222237.0,223904.0,219116.0,204498.0,1668.0,0.07,0.0,,True
low,906475070,ClearCr,18000.0,10872.93,10873.0,7127.07,8185.28,8185.0,75.0,7.0,7.0,257601.0,276659.0,295456.0,295456.0,19058.0,0.05,0.0,,True
mid,906475070,ClearCr,50000.0,10872.93,10873.0,39127.07,8185.28,8185.0,75.0,7.0,7.0,257601.0,276659.0,295456.0,295456.0,19058.0,0.07,0.0,,True
high,906475070,ClearCr,120000.0,10872.929999999993,10873.0,109127.07,8185.28,8185.0,75.0,7.0,7.0,257601.0,276659.0,295456.0,295456.0,19058.0,0.06,0.0,,True
low,527210060,StoneBr,18000.0,6923.620000000001,6924.0,11076.38,-4518.01,-4518.0,-65.0,0.0,0.0,589568.0,591973.0,501708.0,498124.0,2406.0,0.04,0.0,,True
mid,527210060,StoneBr,50000.0,42261.81,42262.0,7738.19,16020.07,16020.0,38.0,9.0,10.0,589568.0,647850.0,501708.0,512876.0,58282.0,0.07,0.0,,True
high,527210060,StoneBr,120000.0,70261.81,70262.0,49738.19,26751.05,26751.0,38.0,14.0,16.0,589568.0,686581.0,501708.0,525830.0,97013.0,0.08,0.0,,True
low,528188090,,18000.0,,,,,,,,,,,,,,,,,False
mid,528188090,NridgHt,50000.0,33047.68,33048.0,16952.32,-26353.89,-26354.0,-80.0,3.0,3.0,247297.0,253991.0,258246.0,257824.0,6694.0,0.05,0.0589,,True
high,528188090,NridgHt,120000.0,33047.67999999999,33048.0,86952.32,-26353.89,-26354.0,-80.0,3.0,3.0,247297.0,253991.0,258246.0,257824.0,6694.0,0.07,0.0,,True
low,528110020,,18000.0,,,,,,,,,,,,,,,,,False
mid,528110020,NridgHt,50000.0,32403.62,32404.0,17596.38,-24194.96,-24195.0,-75.0,1.0,1.0,725158.0,733367.0,788517.0,787227.0,8209.0,0.05,0.0,,True
high,528110020,NridgHt,120000.0,50941.81,50942.0,69058.19,-5025.87,-5026.0,-10.0,6.0,6.0,725158.0,771074.0,788517.0,843498.0,45916.0,0.05,0.0,,True
low,532354160,Sawyer,18000.0,10872.93,10873.0,7127.07,-538.25,-538.0,-5.0,5.0,5.0,191157.0,201492.0,181616.0,177906.0,10335.0,0.04,0.0,,True
mid,532354160,Sawyer,50000.0,10872.93,10873.0,39127.07,-538.25,-538.0,-5.0,5.0,5.0,191157.0,201492.0,181616.0,177906.0,10335.0,0.07,0.0,,True
high,532354160,Sawyer,120000.0,10872.929999999993,10873.0,109127.07,-538.25,-538.0,-5.0,5.0,5.0,191157.0,201492.0,181616.0,177906.0,10335.0,0.06,0.0,,True
low,907131070,CollgCr,18000.0,10872.93,10873.0,7127.07,11771.2,11771.0,108.0,7.0,7.0,308225.0,330869.0,302274.0,300115.0,22644.0,0.05,0.0,,True
mid,907131070,CollgCr,50000.0,10872.93,10873.0,39127.07,11771.2,11771.0,108.0,7.0,7.0,308225.0,330869.0,302274.0,300115.0,22644.0,0.07,0.0,,True
high,907131070,CollgCr,120000.0,10872.929999999993,10873.0,109127.07,11771.2,11771.0,108.0,7.0,7.0,308225.0,330869.0,302274.0,300115.0,22644.0,0.07,0.0,,True
low,527452070,NPkVill,18000.0,11372.93,11373.0,6627.07,3191.88,3192.0,28.0,6.0,6.0,232810.0,247375.0,207876.0,208326.0,14565.0,0.05,0.0,,True
mid,527452070,NPkVill,50000.0,11372.93,11373.0,38627.07,3191.88,3192.0,28.0,6.0,6.0,232810.0,247375.0,207876.0,208326.0,14565.0,0.06,0.0,,True
high,527452070,NPkVill,120000.0,11372.929999999993,11373.0,108627.07,3191.88,3192.0,28.0,6.0,6.0,232810.0,247375.0,207876.0,208326.0,14565.0,0.06,0.0,,True
low,907255010,,18000.0,,,,,,,,,,,,,,,,,False
mid,907255010,CollgCr,50000.0,36363.38,36363.0,13636.62,-19307.95,-19308.0,-53.0,5.0,5.0,342460.0,359515.0,332133.0,326546.0,17055.0,0.06,0.0,,True
high,907255010,CollgCr,120000.0,70133.57,70134.0,49866.43,-18506.09,-18506.0,-26.0,13.0,15.0,342460.0,394087.0,332133.0,349888.0,51627.0,0.06,0.0,,True
low,534226120,No aplicames,18000.0,10872.93,10873.0,7127.07,-761.36,-761.0,-7.0,5.0,5.0,185700.0,195812.0,181972.0,180672.0,10112.0,0.04,0.0,,True
mid,534226120,No aplicames,50000.0,10872.93,10873.0,39127.07,-761.36,-761.0,-7.0,5.0,5.0,185700.0,195812.0,181972.0,180672.0,10112.0,0.06,0.0,,True
high,534226120,No aplicames,120000.0,6923.619999999995,6924.0,113076.38,-3754.05,-3754.0,-54.0,2.0,2.0,185700.0,188870.0,181972.0,180672.0,3170.0,0.05,0.0,,True
low,908228040,Edwards,18000.0,10872.93,10873.0,7127.07,14528.84,14529.0,134.0,12.0,14.0,184720.0,210121.0,167635.0,178036.0,25402.0,0.05,0.0,,True
mid,908228040,Edwards,50000.0,10872.93,10873.0,39127.07,14528.84,14529.0,134.0,12.0,14.0,184720.0,210121.0,167635.0,178036.0,25402.0,0.06,0.0,,True
high,908228040,Edwards,120000.0,6923.619999999995,6924.0,113076.38,9229.31,9229.0,133.0,8.0,9.0,184720.0,200873.0,167635.0,178036.0,16153.0,0.06,0.0,,True
low,527357020,NWAmes,18000.0,13167.470000000001,13167.0,4832.53,7075.16,7075.0,54.0,8.0,8.0,247072.0,267314.0,248815.0,248904.0,20243.0,0.05,0.0,,True
mid,527357020,NWAmes,50000.0,13167.46,13167.0,36832.54,7075.16,7075.0,54.0,8.0,8.0,247072.0,267314.0,248815.0,248904.0,20243.0,0.07,0.0,,True
high,527357020,NWAmes,120000.0,13167.460000000006,13167.0,106832.54,7075.16,7075.0,54.0,8.0,8.0,247072.0,267314.0,248815.0,248904.0,20243.0,0.07,0.0,,True
low,527358140,NWAmes,18000.0,10872.93,10873.0,7127.07,10840.93,10841.0,100.0,7.0,7.0,290098.0,311811.0,291362.0,291362.0,21714.0,0.04,0.0,,True
mid,527358140,NWAmes,50000.0,29411.12,29411.0,20588.88,12906.33,12906.0,44.0,13.0,15.0,290098.0,332415.0,291362.0,312189.0,42317.0,0.07,0.0,,True
high,527358140,NWAmes,120000.0,29411.119999999995,29411.0,90588.88,12906.33,12906.0,44.0,13.0,15.0,290098.0,332415.0,291362.0,312189.0,42317.0,0.08,0.0,,True
low,903476110,OldTown,18000.0,10872.93,10873.0,7127.07,-3267.75,-3268.0,-30.0,5.0,5.0,145633.0,153239.0,159271.0,152395.0,7605.0,0.04,0.0,,True
mid,903476110,OldTown,50000.0,10872.93,10873.0,39127.07,-3267.75,-3268.0,-30.0,5.0,5.0,145633.0,153239.0,159271.0,152395.0,7605.0,0.07,0.0,,True
high,903476110,OldTown,120000.0,10872.929999999993,10873.0,109127.07,-3267.75,-3268.0,-30.0,5.0,5.0,145633.0,153239.0,159271.0,152395.0,7605.0,0.08,0.0,,True
low,532478020,Veenker,18000.0,6923.620000000001,6924.0,11076.38,1176.88,1177.0,17.0,2.0,2.0,453180.0,461280.0,503162.0,499567.0,8101.0,0.05,0.0,,True
mid,532478020,Veenker,50000.0,33423.57,33424.0,16576.43,2736.11,2736.0,8.0,7.0,8.0,453180.0,489339.0,503162.0,535277.0,36160.0,0.05,0.0,,True
high,532478020,Veenker,120000.0,33423.57000000001,33424.0,86576.43,2736.11,2736.0,8.0,7.0,8.0,453180.0,489339.0,503162.0,535277.0,36160.0,0.11,0.0,,True
low,527453010,NPkVill,18000.0,10872.93,10873.0,7127.07,-4290.98,-4291.0,-39.0,3.0,3.0,240797.0,247379.0,222833.0,222833.0,6582.0,0.05,0.0,,True
mid,527453010,NPkVill,50000.0,18808.93,18809.0,31191.07,-3865.49,-3865.0,-21.0,6.0,6.0,240797.0,255741.0,222833.0,222833.0,14943.0,0.06,0.0,,True
high,527453010,NPkVill,120000.0,18808.929999999993,18809.0,101191.07,-3865.49,-3865.0,-21.0,6.0,6.0,240797.0,255741.0,222833.0,222833.0,14943.0,0.06,0.0,,True
low,904100160,Sawyer,18000.0,10872.93,10873.0,7127.07,339.75,340.0,3.0,6.0,6.0,190950.0,202163.0,188512.0,186711.0,11213.0,0.04,0.0,,True
mid,904100160,Sawyer,50000.0,10872.93,10873.0,39127.07,339.75,340.0,3.0,6.0,6.0,190950.0,202163.0,188512.0,186711.0,11213.0,0.08,0.0,,True
high,904100160,Sawyer,120000.0,10872.929999999993,10873.0,109127.07,339.75,340.0,3.0,6.0,6.0,190950.0,202163.0,188512.0,186711.0,11213.0,0.1,0.0,,True
low,527325160,NWAmes,18000.0,11297.93,11298.0,6702.07,17057.28,17057.0,151.0,7.0,7.0,385465.0,413820.0,358901.0,358901.0,28355.0,0.05,0.0,,True
mid,527325160,NWAmes,50000.0,29836.12,29836.0,20163.88,21516.84,21517.0,72.0,12.0,13.0,385465.0,436818.0,358901.0,384555.0,51353.0,0.05,0.0,,True
high,527325160,NWAmes,120000.0,29836.119999999995,29836.0,90163.88,21516.84,21517.0,72.0,12.0,13.0,385465.0,436818.0,358901.0,384555.0,51353.0,0.06,0.0,,True
low,527453150,NPkVill,18000.0,11149.380000000001,11149.0,6850.62,-1325.77,-1326.0,-12.0,5.0,5.0,180215.0,190038.0,181893.0,181893.0,9824.0,0.06,0.0,,True
mid,527453150,NPkVill,50000.0,6923.620000000003,6924.0,43076.38,-5278.24,-5278.0,-76.0,1.0,1.0,180215.0,181860.0,181893.0,181893.0,1645.0,0.07,0.0,,True
high,527453150,NPkVill,120000.0,6923.619999999995,6924.0,113076.38,-5278.24,-5278.0,-76.0,1.0,1.0,180215.0,181860.0,181893.0,181893.0,1645.0,0.08,0.0,,True
low,535125010,No aplicames,18000.0,10872.93,10873.0,7127.07,25954.1,25954.0,239.0,9.0,10.0,385166.0,421993.0,378937.0,378937.0,36827.0,0.05,0.0,,True
mid,535125010,No aplicames,50000.0,10872.93,10873.0,39127.07,25954.1,25954.0,239.0,9.0,10.0,385166.0,421993.0,378937.0,378937.0,36827.0,0.08,0.0,,True
high,535125010,No aplicames,120000.0,10872.929999999993,10873.0,109127.07,25954.1,25954.0,239.0,9.0,10.0,385166.0,421993.0,378937.0,378937.0,36827.0,0.08,0.0,,True
low,902401090,OldTown,18000.0,13231.970000000001,13232.0,4768.03,564.24,564.0,4.0,8.0,8.0,162407.0,176203.0,141630.0,137020.0,13796.0,0.05,0.0,,True
mid,902401090,OldTown,50000.0,13231.970000000001,13232.0,36768.03,564.24,564.0,4.0,8.0,8.0,162407.0,176203.0,141630.0,137020.0,13796.0,0.12,0.0,,True
high,902401090,OldTown,120000.0,13231.970000000001,13232.0,106768.03,564.24,564.0,4.0,8.0,8.0,162407.0,176203.0,141630.0,137020.0,13796.0,0.13,0.0,,True
low,903430090,OldTown,18000.0,10872.93,10873.0,7127.07,1267.32,1267.0,12.0,6.0,6.0,198201.0,210341.0,185380.0,184055.0,12140.0,0.04,0.0,,True
mid,903430090,OldTown,50000.0,10872.93,10873.0,39127.07,1267.32,1267.0,12.0,6.0,6.0,198201.0,210341.0,185380.0,184055.0,12140.0,0.08,0.0,,True
high,903430090,OldTown,120000.0,10872.929999999993,10873.0,109127.07,1267.32,1267.0,12.0,6.0,6.0,198201.0,210341.0,185380.0,184055.0,12140.0,0.08,0.0,,True
low,526352090,No aplicames,18000.0,11372.93,11373.0,6627.07,4576.85,4577.0,40.0,6.0,6.0,271249.0,287199.0,258034.0,258593.0,15950.0,0.06,0.0,,True
mid,526352090,No aplicames,50000.0,11372.93,11373.0,38627.07,4576.85,4577.0,40.0,6.0,6.0,271249.0,287199.0,258034.0,258593.0,15950.0,0.06,0.0,,True
high,526352090,No aplicames,120000.0,11372.929999999993,11373.0,108627.07,4576.85,4577.0,40.0,6.0,6.0,271249.0,287199.0,258034.0,258593.0,15950.0,0.11,0.0,,True
low,528482030,Somerst,18000.0,8702.11,8702.0,9297.89,-4561.01,-4561.0,-52.0,1.0,1.0,367673.0,371814.0,389900.0,387500.0,4141.0,0.05,0.0,,True
mid,528482030,Somerst,50000.0,8702.11,8702.0,41297.89,-4561.01,-4561.0,-52.0,1.0,1.0,367673.0,371814.0,389900.0,387500.0,4141.0,0.08,0.0,,True
high,528482030,Somerst,120000.0,8702.11,8702.0,111297.89,-4561.01,-4561.0,-52.0,1.0,1.0,367673.0,371814.0,389900.0,387500.0,4141.0,0.08,0.0,,True
low,527405180,No aplicames,18000.0,10872.93,10873.0,7127.07,-2081.58,-2082.0,-19.0,5.0,5.0,175946.0,184737.0,183047.0,179308.0,8791.0,0.07,0.0,,True
mid,527405180,No aplicames,50000.0,10872.93,10873.0,39127.07,-2081.58,-2082.0,-19.0,5.0,5.0,175946.0,184737.0,183047.0,179308.0,8791.0,0.08,0.0,,True
high,527405180,No aplicames,120000.0,10872.929999999993,10873.0,109127.07,-2081.58,-2082.0,-19.0,5.0,5.0,175946.0,184737.0,183047.0,179308.0,8791.0,0.08,0.0,,True
low,905476170,Edwards,18000.0,10872.93,10873.0,7127.07,-404.0,-404.0,-4.0,7.0,7.0,140327.0,150796.0,134618.0,127213.0,10469.0,0.06,0.0,,True
mid,905476170,Edwards,50000.0,10872.93,10873.0,39127.07,-404.0,-404.0,-4.0,7.0,7.0,140327.0,150796.0,134618.0,127213.0,10469.0,0.06,0.0,,True
high,905476170,Edwards,120000.0,10872.929999999993,10873.0,109127.07,-404.0,-404.0,-4.0,7.0,7.0,140327.0,150796.0,134618.0,127213.0,10469.0,0.07,0.0,,True
low,907405020,CollgCr,18000.0,8692.9,8693.0,9307.1,-3795.03,-3795.0,-44.0,1.0,1.0,335529.0,340427.0,315281.0,313339.0,4898.0,0.04,0.0,,True
mid,907405020,CollgCr,50000.0,8692.900000000001,8693.0,41307.1,-3795.03,-3795.0,-44.0,1.0,1.0,335529.0,340427.0,315281.0,313339.0,4898.0,0.06,0.0,,True
high,907405020,CollgCr,120000.0,8692.899999999994,8693.0,111307.1,-3795.03,-3795.0,-44.0,1.0,1.0,335529.0,340427.0,315281.0,313339.0,4898.0,0.06,0.0,,True
low,902329090,OldTown,18000.0,10872.93,10873.0,7127.07,8326.36,8326.0,77.0,7.0,8.0,250913.0,270113.0,238016.0,235743.0,19199.0,0.04,0.0,,True
mid,902329090,OldTown,50000.0,10872.93,10873.0,39127.07,8326.36,8326.0,77.0,7.0,8.0,250913.0,270113.0,238016.0,235743.0,19199.0,0.07,0.0,,True
high,902329090,OldTown,120000.0,10872.929999999993,10873.0,109127.07,8326.36,8326.0,77.0,7.0,8.0,250913.0,270113.0,238016.0,235743.0,19199.0,0.06,0.0,,True
low,528228290,Blmngtn,18000.0,6923.620000000001,6924.0,11076.38,-5019.59,-5020.0,-72.0,1.0,1.0,298743.0,300647.0,303564.0,301395.0,1904.0,0.04,0.0,,True
mid,528228290,Blmngtn,50000.0,6923.620000000003,6924.0,43076.38,-5019.59,-5020.0,-72.0,1.0,1.0,298743.0,300647.0,303564.0,301395.0,1904.0,0.05,0.0,,True
high,528228290,Blmngtn,120000.0,6923.619999999995,6924.0,113076.38,-5019.59,-5020.0,-72.0,1.0,1.0,298743.0,300647.0,303564.0,301395.0,1904.0,0.07,0.0,,True
low,528235200,Gilbert,18000.0,6923.620000000001,6924.0,11076.38,-4528.73,-4529.0,-65.0,1.0,1.0,253184.0,255579.0,254038.0,251258.0,2395.0,0.05,0.0,,True
mid,528235200,Gilbert,50000.0,6923.620000000003,6924.0,43076.38,-4528.73,-4529.0,-65.0,1.0,1.0,253184.0,255579.0,254038.0,251258.0,2395.0,0.06,0.0,,True
high,528235200,Gilbert,120000.0,6923.619999999995,6924.0,113076.38,-4528.73,-4529.0,-65.0,1.0,1.0,253184.0,255579.0,254038.0,251258.0,2395.0,0.06,0.0,,True
low,528120010,NridgHt,18000.0,6923.620000000001,6924.0,11076.38,-3528.73,-3529.0,-51.0,1.0,1.0,417346.0,420740.0,457290.0,454023.0,3395.0,0.04,0.0,,True
mid,528120010,NridgHt,50000.0,25461.81,25462.0,24538.19,2531.55,2532.0,10.0,6.0,7.0,417346.0,445339.0,457290.0,486477.0,27993.0,0.06,0.0,,True
high,528120010,NridgHt,120000.0,25461.809999999998,25462.0,94538.19,2531.55,2532.0,10.0,6.0,7.0,417346.0,445339.0,457290.0,486477.0,27993.0,0.11,0.0,,True
low,906380160,CollgCr,18000.0,6923.620000000001,6924.0,11076.38,-4367.15,-4367.0,-63.0,1.0,1.0,299758.0,302314.0,283524.0,281499.0,2556.0,0.04,0.0,,True
mid,906380160,CollgCr,50000.0,6923.620000000003,6924.0,43076.38,-4367.15,-4367.0,-63.0,1.0,1.0,299758.0,302314.0,283524.0,281499.0,2556.0,0.08,0.0,,True
high,906380160,CollgCr,120000.0,6923.619999999995,6924.0,113076.38,-4367.15,-4367.0,-63.0,1.0,1.0,299758.0,302314.0,283524.0,281499.0,2556.0,0.08,0.0,,True
low,907201230,CollgCr,18000.0,10872.93,10873.0,7127.07,2763.42,2763.0,25.0,5.0,5.0,248747.0,262384.0,254246.0,254336.0,13636.0,0.04,0.0,,True
mid,907201230,CollgCr,50000.0,10872.93,10873.0,39127.07,2763.42,2763.0,25.0,5.0,5.0,248747.0,262384.0,254246.0,254336.0,13636.0,0.05,0.0,,True
high,907201230,CollgCr,120000.0,10872.929999999993,10873.0,109127.07,2763.42,2763.0,25.0,5.0,5.0,248747.0,262384.0,254246.0,254336.0,13636.0,0.08,0.0,,True
low,907285020,CollgCr,18000.0,16816.6,16817.0,1183.4,12221.38,12221.0,73.0,8.0,9.0,327589.0,356627.0,343827.0,341370.0,29038.0,0.05,0.0,,True
mid,907285020,CollgCr,50000.0,16816.61,16817.0,33183.39,12221.38,12221.0,73.0,8.0,9.0,327589.0,356627.0,343827.0,341370.0,29038.0,0.06,0.0,,True
high,907285020,CollgCr,120000.0,16816.600000000006,16817.0,103183.4,12221.38,12221.0,73.0,8.0,9.0,327589.0,356627.0,343827.0,341370.0,29038.0,0.06,0.0,,True
low,531450120,SawyerW,18000.0,6923.620000000001,6924.0,11076.38,-4522.1,-4522.0,-65.0,1.0,1.0,289779.0,292181.0,271719.0,271815.0,2402.0,0.04,0.0,,True
mid,531450120,SawyerW,50000.0,6923.620000000003,6924.0,43076.38,-4522.1,-4522.0,-65.0,1.0,1.0,289779.0,292181.0,271719.0,271815.0,2402.0,0.07,0.0,,True
high,531450120,SawyerW,120000.0,6923.619999999995,6924.0,113076.38,-4522.1,-4522.0,-65.0,1.0,1.0,289779.0,292181.0,271719.0,271815.0,2402.0,0.05,0.0,,True
low,534277070,No aplicames,18000.0,10872.93,10873.0,7127.07,-2407.81,-2408.0,-22.0,4.0,5.0,181075.0,189540.0,172813.0,171579.0,8465.0,0.04,0.0,,True
mid,534277070,No aplicames,50000.0,10872.93,10873.0,39127.07,-2407.81,-2408.0,-22.0,4.0,5.0,181075.0,189540.0,172813.0,171579.0,8465.0,0.07,0.0,,True
high,534277070,No aplicames,120000.0,10872.929999999993,10873.0,109127.07,-2407.81,-2408.0,-22.0,4.0,5.0,181075.0,189540.0,172813.0,171579.0,8465.0,0.09,0.0,,True
low,533244030,Somerst,18000.0,8619.18,8619.0,9380.82,-1259.28,-1259.0,-15.0,2.0,2.0,353400.0,360760.0,369691.0,367050.0,7360.0,0.04,0.0,,True
mid,533244030,Somerst,50000.0,42869.37,42869.0,7130.63,1729.2,1729.0,4.0,11.0,13.0,353400.0,397999.0,369691.0,393287.0,44599.0,0.06,0.0,,True
high,533244030,Somerst,120000.0,42869.369999999995,42869.0,77130.63,1729.2,1729.0,4.0,11.0,13.0,353400.0,397999.0,369691.0,393287.0,44599.0,0.08,0.0,,True
low,528435020,Somerst,18000.0,14155.619999999999,14156.0,3844.38,1752.88,1753.0,12.0,4.0,4.0,409989.0,425897.0,418468.0,415479.0,15909.0,0.04,0.0,,True
mid,528435020,Somerst,50000.0,32693.81,32694.0,17306.19,6066.29,6066.0,19.0,9.0,9.0,409989.0,448749.0,418468.0,445177.0,38760.0,0.05,0.0,,True
high,528435020,Somerst,120000.0,32693.809999999998,32694.0,87306.19,6066.29,6066.0,19.0,9.0,9.0,409989.0,448749.0,418468.0,445177.0,38760.0,0.07,0.0,,True
low,532377020,Sawyer,18000.0,10872.93,10873.0,7127.07,-2481.06,-2481.0,-23.0,5.0,5.0,159814.0,168206.0,146471.0,145072.0,8392.0,0.05,0.0,,True
mid,532377020,Sawyer,50000.0,10872.93,10873.0,39127.07,-2481.06,-2481.0,-23.0,5.0,5.0,159814.0,168206.0,146471.0,145072.0,8392.0,0.09,0.0,,True
high,532377020,Sawyer,120000.0,10872.929999999993,10873.0,109127.07,-2481.06,-2481.0,-23.0,5.0,5.0,159814.0,168206.0,146471.0,145072.0,8392.0,0.08,0.0,,True
low,534225110,No aplicames,18000.0,10872.93,10873.0,7127.07,8372.18,8372.0,77.0,8.0,9.0,209064.0,228310.0,211922.0,211997.0,19245.0,0.06,0.0,,True
mid,534225110,No aplicames,50000.0,10872.93,10873.0,39127.07,8372.18,8372.0,77.0,8.0,9.0,209064.0,228310.0,211922.0,211997.0,19245.0,0.06,0.0,,True
high,534225110,No aplicames,120000.0,10872.929999999993,10873.0,109127.07,8372.18,8372.0,77.0,8.0,9.0,209064.0,228310.0,211922.0,211997.0,19245.0,0.1,0.0,,True
low,528170070,NridgHt,18000.0,6923.620000000001,6924.0,11076.38,-3560.94,-3561.0,-51.0,1.0,1.0,394430.0,397793.0,393498.0,390687.0,3363.0,0.03,0.0,,True
mid,528170070,NridgHt,50000.0,25461.81,25462.0,24538.19,-29.68,-30.0,-0.0,6.0,6.0,394430.0,419863.0,393498.0,418614.0,25432.0,0.04,0.0,,True
high,528170070,NridgHt,120000.0,25461.809999999998,25462.0,94538.19,-29.68,-30.0,-0.0,6.0,6.0,394430.0,419863.0,393498.0,418614.0,25432.0,0.05,0.0,,True
low,535383100,OldTown,18000.0,10872.93,10873.0,7127.07,-289.42,-289.0,-3.0,6.0,7.0,157128.0,167711.0,136153.0,127250.0,10584.0,0.05,0.0,,True
mid,535383100,OldTown,50000.0,10872.93,10873.0,39127.07,-289.42,-289.0,-3.0,6.0,7.0,157128.0,167711.0,136153.0,127250.0,10584.0,0.08,0.0,,True
high,535383100,OldTown,120000.0,10872.929999999993,10873.0,109127.07,-289.42,-289.0,-3.0,6.0,7.0,157128.0,167711.0,136153.0,127250.0,10584.0,0.08,0.0,,True
low,908152270,Edwards,18000.0,10872.93,10873.0,7127.07,-1280.03,-1280.0,-12.0,4.0,4.0,224464.0,234057.0,220416.0,218842.0,9593.0,0.04,0.0,,True
mid,908152270,Edwards,50000.0,10872.93,10873.0,39127.07,-1280.03,-1280.0,-12.0,4.0,4.0,224464.0,234057.0,220416.0,218842.0,9593.0,0.06,0.0,,True
high,908152270,Edwards,120000.0,10872.929999999993,10873.0,109127.07,-1280.03,-1280.0,-12.0,4.0,4.0,224464.0,234057.0,220416.0,218842.0,9593.0,0.07,0.0,,True
low,906226070,SawyerW,18000.0,15198.68,15199.0,2801.32,2675.15,2675.0,18.0,9.0,10.0,176166.0,194039.0,168138.0,170080.0,17874.0,0.05,0.0,,True
mid,906226070,SawyerW,50000.0,15198.68,15199.0,34801.32,2675.15,2675.0,18.0,9.0,10.0,176166.0,194039.0,168138.0,170080.0,17874.0,0.06,0.0,,True
high,906226070,SawyerW,120000.0,15198.679999999993,15199.0,104801.32,2675.15,2675.0,18.0,9.0,10.0,176166.0,194039.0,168138.0,170080.0,17874.0,0.06,0.0,,True
low,528108150,NridgHt,18000.0,6923.620000000001,6924.0,11076.38,-2350.99,-2351.0,-34.0,1.0,1.0,418979.0,423552.0,408319.0,405402.0,4573.0,0.05,0.0,,True
mid,528108150,NridgHt,50000.0,25461.81,25462.0,24538.19,2631.35,2631.0,10.0,6.0,7.0,418979.0,447073.0,408319.0,434381.0,28093.0,0.08,0.0,,True
high,528108150,NridgHt,120000.0,100727.3,100727.0,19272.7,4528.03,4528.0,4.0,20.0,25.0,418979.0,524235.0,408319.0,431255.0,105255.0,0.09,0.0,,True
low,907254050,CollgCr,18000.0,17304.93,17305.0,695.07,6745.6,6746.0,39.0,7.0,8.0,302806.0,326856.0,309422.0,307211.0,24051.0,0.05,0.0,,True
mid,907254050,CollgCr,50000.0,17304.93,17305.0,32695.07,6745.6,6746.0,39.0,7.0,8.0,302806.0,326856.0,309422.0,307211.0,24051.0,0.08,0.0,,True
high,907254050,CollgCr,120000.0,17304.929999999993,17305.0,102695.07,6745.6,6746.0,39.0,7.0,8.0,302806.0,326856.0,309422.0,307211.0,24051.0,0.06,0.0,,True
low,908275280,Edwards,18000.0,10872.93,10873.0,7127.07,-2075.65,-2076.0,-19.0,4.0,4.0,201293.0,210090.0,215703.0,211296.0,8797.0,0.05,0.0,,True
mid,908275280,Edwards,50000.0,10872.93,10873.0,39127.07,-2075.65,-2076.0,-19.0,4.0,4.0,201293.0,210090.0,215703.0,211296.0,8797.0,0.1,0.0,,True
high,908275280,Edwards,120000.0,10872.929999999993,10873.0,109127.07,-2075.65,-2076.0,-19.0,4.0,4.0,201293.0,210090.0,215703.0,211296.0,8797.0,0.1,0.0,,True
low,908186070,Edwards,18000.0,10872.93,10873.0,7127.07,587.02,587.0,5.0,5.0,5.0,222750.0,234210.0,213688.0,212161.0,11460.0,0.04,0.0,,True
mid,908186070,Edwards,50000.0,10872.93,10873.0,39127.07,587.02,587.0,5.0,5.0,5.0,222750.0,234210.0,213688.0,212161.0,11460.0,0.06,0.0,,True
high,908186070,Edwards,120000.0,10872.929999999993,10873.0,109127.07,587.02,587.0,5.0,5.0,5.0,222750.0,234210.0,213688.0,212161.0,11460.0,0.06,0.0,,True
low,533250160,,18000.0,,,,,,,,,,,,,,,,,False
mid,533250160,,50000.0,,,,,,,,,,,,,,,,,False
high,533250160,Veenker,120000.0,51218.259999999995,51218.0,68781.74,-28711.2,-28711.0,-56.0,5.0,5.0,452686.0,475193.0,457532.0,460070.0,22507.0,0.06,0.0,,True
low,535450210,No aplicames,18000.0,10872.93,10873.0,7127.07,833.69,834.0,8.0,6.0,6.0,191576.0,203283.0,214110.0,211766.0,11707.0,0.05,0.0,,True
mid,535450210,No aplicames,50000.0,10872.93,10873.0,39127.07,833.69,834.0,8.0,6.0,6.0,191576.0,203283.0,214110.0,211766.0,11707.0,0.07,0.0,,True
high,535450210,No aplicames,120000.0,10872.929999999993,10873.0,109127.07,833.69,834.0,8.0,6.0,6.0,191576.0,203283.0,214110.0,211766.0,11707.0,0.1,0.0,,True
low,906382060,CollgCr,18000.0,8250.58,8251.0,9749.42,-4121.02,-4121.0,-50.0,1.0,1.0,342420.0,346550.0,324713.0,322634.0,4130.0,0.04,0.0,,True
mid,906382060,CollgCr,50000.0,26788.77,26789.0,23211.23,-3906.42,-3906.0,-15.0,6.0,7.0,342420.0,365302.0,324713.0,345696.0,22882.0,0.06,0.0,,True
high,906382060,CollgCr,120000.0,26788.770000000004,26789.0,93211.23,-3906.42,-3906.0,-15.0,6.0,7.0,342420.0,365302.0,324713.0,345696.0,22882.0,0.1,0.0,,True
low,907135040,CollgCr,18000.0,10872.93,10873.0,7127.07,-146.52,-147.0,-1.0,5.0,5.0,222652.0,233379.0,224531.0,222927.0,10726.0,0.05,0.0,,True
mid,907135040,CollgCr,50000.0,10872.93,10873.0,39127.07,-146.52,-147.0,-1.0,5.0,5.0,222652.0,233379.0,224531.0,222927.0,10726.0,0.08,0.0,,True
high,907135040,CollgCr,120000.0,10872.929999999993,10873.0,109127.07,-146.52,-147.0,-1.0,5.0,5.0,222652.0,233379.0,224531.0,222927.0,10726.0,0.12,0.0,,True
low,533251110,Veenker,18000.0,11217.34,11217.0,6782.66,11574.58,11575.0,103.0,5.0,5.0,446811.0,469603.0,433543.0,431247.0,22792.0,0.05,0.0,,True
mid,533251110,Veenker,50000.0,29755.53,29756.0,20244.47,16230.68,16231.0,55.0,9.0,10.0,446811.0,492797.0,433543.0,462072.0,45986.0,0.05,0.0,,True
high,533251110,Veenker,120000.0,29755.53,29756.0,90244.47,16230.68,16231.0,55.0,9.0,10.0,446811.0,492797.0,433543.0,462072.0,45986.0,0.05,0.0,,True
low,923225490,Mitchel,18000.0,10872.93,10873.0,7127.07,-980.65,-981.0,-9.0,5.0,6.0,179160.0,189053.0,181460.0,181524.0,9892.0,0.05,0.0,,True
mid,923225490,Mitchel,50000.0,10872.93,10873.0,39127.07,-980.65,-981.0,-9.0,5.0,6.0,179160.0,189053.0,181460.0,181524.0,9892.0,0.14,0.0,,True
high,923225490,Mitchel,120000.0,10872.929999999993,10873.0,109127.07,-980.65,-981.0,-9.0,5.0,6.0,179160.0,189053.0,181460.0,181524.0,9892.0,0.08,0.0,,True
low,903201030,BrkSide,18000.0,7423.620000000001,7424.0,10576.38,521.69,522.0,7.0,4.0,4.0,200049.0,207994.0,186099.0,184461.0,7945.0,0.05,0.0,,True
mid,903201030,BrkSide,50000.0,7423.620000000003,7424.0,42576.38,521.69,522.0,7.0,4.0,4.0,200049.0,207994.0,186099.0,184461.0,7945.0,0.06,0.0,,True
high,903201030,BrkSide,120000.0,7423.619999999995,7424.0,112576.38,521.69,522.0,7.0,4.0,4.0,200049.0,207994.0,186099.0,184461.0,7945.0,0.06,0.0,,True
low,531451290,SawyerW,18000.0,9419.62,9420.0,8580.38,-5710.11,-5710.0,-61.0,1.0,1.0,316695.0,320405.0,273822.0,273919.0,3710.0,0.05,0.0,,True
mid,531451290,SawyerW,50000.0,9419.620000000003,9420.0,40580.38,-5710.11,-5710.0,-61.0,1.0,1.0,316695.0,320405.0,273822.0,273919.0,3710.0,0.07,0.0,,True
high,531451290,SawyerW,120000.0,9419.619999999995,9420.0,110580.38,-5710.11,-5710.0,-61.0,1.0,1.0,316695.0,320405.0,273822.0,273919.0,3710.0,0.05,0.0,,True
low,533212140,Somerst,18000.0,6923.620000000001,6924.0,11076.38,-4687.89,-4688.0,-68.0,1.0,1.0,233662.0,235898.0,218889.0,217325.0,2236.0,0.04,0.0,,True
mid,533212140,Somerst,50000.0,6923.620000000003,6924.0,43076.38,-4687.89,-4688.0,-68.0,1.0,1.0,233662.0,235898.0,218889.0,217325.0,2236.0,0.06,0.0,,True
high,533212140,Somerst,120000.0,6923.619999999995,6924.0,113076.38,-4687.89,-4688.0,-68.0,1.0,1.0,233662.0,235898.0,218889.0,217325.0,2236.0,0.06,0.0,,True
low,527106150,Gilbert,18000.0,11779.380000000001,11779.0,6220.62,996.47,996.0,8.0,4.0,4.0,295299.0,308075.0,290131.0,288058.0,12776.0,0.05,0.0,,True
mid,527106150,Gilbert,50000.0,11779.379999999997,11779.0,38220.62,996.47,996.0,8.0,4.0,4.0,295299.0,308075.0,290131.0,288058.0,12776.0,0.05,0.0,,True
high,527106150,Gilbert,120000.0,11779.380000000005,11779.0,108220.62,996.47,996.0,8.0,4.0,4.0,295299.0,308075.0,290131.0,288058.0,12776.0,0.06,0.0,,True
low,905200260,Sawyer,18000.0,10872.93,10873.0,7127.07,1719.69,1720.0,16.0,5.0,6.0,217603.0,230195.0,215731.0,215807.0,12593.0,0.04,0.0,,True
mid,905200260,Sawyer,50000.0,28536.93,28537.0,21463.07,1813.06,1813.0,6.0,12.0,14.0,217603.0,247953.0,215731.0,215807.0,30350.0,0.06,0.0,,True
high,905200260,Sawyer,120000.0,28536.929999999993,28537.0,91463.07,1813.06,1813.0,6.0,12.0,14.0,217603.0,247953.0,215731.0,215807.0,30350.0,0.1,0.0,,True
low,527226010,Gilbert,18000.0,10872.93,10873.0,7127.07,10721.12,10721.0,99.0,8.0,8.0,263432.0,285026.0,234430.0,234430.0,21594.0,0.04,0.0,,True
mid,527226010,Gilbert,50000.0,10872.93,10873.0,39127.07,10721.12,10721.0,99.0,8.0,8.0,263432.0,285026.0,234430.0,234430.0,21594.0,0.05,0.0,,True
high,527226010,Gilbert,120000.0,10872.929999999993,10873.0,109127.07,10905.41,10905.0,100.0,8.0,8.0,263432.0,285210.0,234430.0,234430.0,21778.0,0.07,0.0,,True
low,527216080,StoneBr,18000.0,6923.620000000001,6924.0,11076.38,2375.4,2375.0,34.0,1.0,1.0,798616.0,807915.0,744614.0,739295.0,9299.0,0.04,0.0,,True
mid,527216080,StoneBr,50000.0,25461.81,25462.0,24538.19,26164.1,26164.0,103.0,6.0,6.0,798616.0,850242.0,744614.0,792140.0,51626.0,0.05,0.0,,True
high,527216080,StoneBr,120000.0,53461.81,53462.0,66538.19,30466.28,30466.0,57.0,10.0,11.0,798616.0,882544.0,744614.0,812147.0,83928.0,0.06,0.0,,True
low,528108120,NridgHt,18000.0,6923.620000000001,6924.0,11076.38,-2975.59,-2976.0,-43.0,1.0,1.0,552294.0,556242.0,525545.0,521791.0,3948.0,0.04,0.0,,True
mid,528108120,NridgHt,50000.0,26687.41,26687.0,23312.59,12679.2,12679.0,48.0,7.0,7.0,552294.0,591661.0,525545.0,559088.0,39367.0,0.06,0.0,,True
high,528108120,NridgHt,120000.0,77567.4,77567.0,42432.6,20861.83,20862.0,27.0,15.0,18.0,552294.0,650723.0,525545.0,559088.0,98429.0,0.1,0.0,,True
low,531451150,SawyerW,18000.0,10872.93,10873.0,7127.07,-1632.63,-1633.0,-15.0,4.0,5.0,201812.0,211052.0,190782.0,190782.0,9240.0,0.04,0.0,,True
mid,531451150,SawyerW,50000.0,6923.620000000003,6924.0,43076.38,-5368.19,-5368.0,-78.0,1.0,1.0,201812.0,203367.0,190782.0,190782.0,1555.0,0.06,0.0,,True
high,531451150,SawyerW,120000.0,10872.929999999993,10873.0,109127.07,-1632.63,-1633.0,-15.0,4.0,5.0,201812.0,211052.0,190782.0,190782.0,9240.0,0.08,0.0,,True
low,908102060,Edwards,18000.0,10872.93,10873.0,7127.07,3903.37,3903.0,36.0,12.0,14.0,106255.0,121032.0,104852.0,104103.0,14776.0,0.04,0.0,,True
mid,908102060,Edwards,50000.0,10872.93,10873.0,39127.07,3903.37,3903.0,36.0,12.0,14.0,106255.0,121032.0,104852.0,104103.0,14776.0,0.08,0.0,,True
high,908102060,Edwards,120000.0,10872.929999999993,10873.0,109127.07,3903.37,3903.0,36.0,12.0,14.0,106255.0,121032.0,104852.0,104103.0,14776.0,0.08,0.0,,True
low,532351140,Sawyer,18000.0,10872.93,10873.0,7127.07,8360.01,8360.0,77.0,9.0,10.0,196828.0,216061.0,189746.0,188390.0,19233.0,0.06,0.0,,True
mid,532351140,Sawyer,50000.0,10872.93,10873.0,39127.07,8360.01,8360.0,77.0,9.0,10.0,196828.0,216061.0,189746.0,188390.0,19233.0,0.05,0.0,,True
high,532351140,Sawyer,120000.0,10872.929999999993,10873.0,109127.07,8360.01,8360.0,77.0,9.0,10.0,196828.0,216061.0,189746.0,188390.0,19233.0,0.06,0.0,,True
low,905325030,,18000.0,,,,,,,,,,,,,,,,,False
mid,905325030,,50000.0,,,,,,,,,,,,,,,,,False
high,905325030,,120000.0,,,,,,,,,,,,,,,,,False
low,907202010,CollgCr,18000.0,10872.93,10873.0,7127.07,1048.32,1048.0,10.0,5.0,5.0,233083.0,245004.0,219772.0,219850.0,11921.0,0.04,0.0,,True
mid,907202010,CollgCr,50000.0,10872.93,10873.0,39127.07,1048.32,1048.0,10.0,5.0,5.0,233083.0,245004.0,219772.0,219850.0,11921.0,0.06,0.0,,True
high,907202010,CollgCr,120000.0,10872.929999999993,10873.0,109127.07,1048.32,1048.0,10.0,5.0,5.0,233083.0,245004.0,219772.0,219850.0,11921.0,0.06,0.0,,True
low,534252110,No aplicames,18000.0,10872.93,10873.0,7127.07,-1818.41,-1818.0,-17.0,4.0,4.0,207646.0,216700.0,203173.0,201233.0,9055.0,0.07,0.0,,True
mid,534252110,No aplicames,50000.0,10872.93,10873.0,39127.07,-1818.41,-1818.0,-17.0,4.0,4.0,207646.0,216700.0,203173.0,201233.0,9055.0,0.09,0.0,,True
high,534252110,No aplicames,120000.0,10872.929999999993,10873.0,109127.07,-1818.41,-1818.0,-17.0,4.0,4.0,207646.0,216700.0,203173.0,201233.0,9055.0,0.1,0.0,,True
low,528431060,Somerst,18000.0,10872.93,10873.0,7127.07,13811.15,13811.0,127.0,7.0,7.0,342378.0,367062.0,369359.0,366720.0,24684.0,0.04,0.0,,True
mid,528431060,Somerst,50000.0,29411.12,29411.0,20588.88,17773.15,17773.0,60.0,12.0,14.0,342378.0,389563.0,369359.0,392933.0,47184.0,0.06,0.0,,True
high,528431060,Somerst,120000.0,29411.119999999995,29411.0,90588.88,17773.15,17773.0,60.0,12.0,14.0,342378.0,389563.0,369359.0,392933.0,47184.0,0.12,0.0,,True
low,923275140,Mitchel,18000.0,10872.93,10873.0,7127.07,-1728.45,-1728.0,-16.0,5.0,5.0,179671.0,188816.0,181581.0,177427.0,9144.0,0.05,0.0,,True
mid,923275140,Mitchel,50000.0,10872.93,10873.0,39127.07,-1728.45,-1728.0,-16.0,5.0,5.0,179671.0,188816.0,181581.0,177427.0,9144.0,0.07,0.0,,True
high,923275140,Mitchel,120000.0,10872.929999999993,10873.0,109127.07,-1728.45,-1728.0,-16.0,5.0,5.0,179671.0,188816.0,181581.0,177427.0,9144.0,0.07,0.0,,True
low,916326090,Timber,18000.0,12144.6,12145.0,5855.4,22672.35,22672.0,187.0,9.0,10.0,365536.0,400353.0,344884.0,345006.0,34817.0,0.04,0.0,,True
mid,916326090,Timber,50000.0,30682.79,30683.0,19317.21,27044.09,27044.0,88.0,14.0,16.0,365536.0,423263.0,344884.0,369667.0,57727.0,0.07,0.0,,True
high,916326090,Timber,120000.0,30682.789999999994,30683.0,89317.21,27044.09,27044.0,88.0,14.0,16.0,365536.0,423263.0,344884.0,369667.0,57727.0,0.07,0.0,,True
low,528363020,NoRidge,18000.0,8692.9,8693.0,9307.1,-1434.09,-1434.0,-16.0,2.0,2.0,468796.0,476055.0,488694.0,485684.0,7259.0,0.04,0.0,,True
mid,528363020,NoRidge,50000.0,27231.09,27231.0,22768.91,9690.61,9691.0,36.0,7.0,8.0,468796.0,505718.0,488694.0,520401.0,36922.0,0.07,0.0,,True
high,528363020,NoRidge,120000.0,27231.089999999997,27231.0,92768.91,9690.61,9691.0,36.0,7.0,8.0,468796.0,505718.0,488694.0,520401.0,36922.0,0.07,0.0,,True
low,535402330,No aplicames,18000.0,10872.93,10873.0,7127.07,17934.4,17934.0,165.0,10.0,11.0,253457.0,282265.0,304922.0,298694.0,28807.0,0.04,0.0,,True
mid,535402330,No aplicames,50000.0,10872.93,10873.0,39127.07,17934.4,17934.0,165.0,10.0,11.0,253457.0,282265.0,304922.0,298694.0,28807.0,0.07,0.0,,True
high,535402330,No aplicames,120000.0,10872.929999999993,10873.0,109127.07,17934.4,17934.0,165.0,10.0,11.0,253457.0,282265.0,304922.0,298694.0,28807.0,0.06,0.0,,True
low,905106140,Sawyer,18000.0,10872.93,10873.0,7127.07,-2559.01,-2559.0,-24.0,4.0,4.0,213981.0,222295.0,219133.0,219210.0,8314.0,0.05,0.0,,True
mid,905106140,Sawyer,50000.0,10872.93,10873.0,39127.07,-2559.01,-2559.0,-24.0,4.0,4.0,213981.0,222295.0,219133.0,219210.0,8314.0,0.06,0.0,,True
high,905106140,Sawyer,120000.0,6923.619999999995,6924.0,113076.38,-5200.92,-5201.0,-75.0,1.0,1.0,213981.0,215704.0,219133.0,219210.0,1723.0,0.06,0.0,,True
low,906380120,CollgCr,18000.0,6923.620000000001,6924.0,11076.38,-3831.99,-3832.0,-55.0,1.0,1.0,316131.0,319222.0,303283.0,301116.0,3092.0,0.04,0.0,,True
mid,906380120,CollgCr,50000.0,6923.620000000003,6924.0,43076.38,-3831.99,-3832.0,-55.0,1.0,1.0,316131.0,319222.0,303283.0,301116.0,3092.0,0.07,0.0,,True
high,906380120,CollgCr,120000.0,6923.619999999995,6924.0,113076.38,-3831.99,-3832.0,-55.0,1.0,1.0,316131.0,319222.0,303283.0,301116.0,3092.0,0.06,0.0,,True
low,903481120,IDOTRR,18000.0,10872.93,10873.0,7127.07,2166.54,2167.0,20.0,6.0,7.0,188260.0,201299.0,197047.0,193022.0,13039.0,0.04,0.0,,True
mid,903481120,IDOTRR,50000.0,10872.93,10873.0,39127.07,2166.54,2167.0,20.0,6.0,7.0,188260.0,201299.0,197047.0,193022.0,13039.0,0.1,0.0,,True
high,903481120,IDOTRR,120000.0,10872.929999999993,10873.0,109127.07,2166.54,2167.0,20.0,6.0,7.0,188260.0,201299.0,197047.0,193022.0,13039.0,0.1,0.0,,True
low,924151040,Mitchel,18000.0,12219.21,12219.0,5780.79,711.59,712.0,6.0,3.0,3.0,419761.0,432692.0,395577.0,392751.0,12931.0,0.04,0.0,,True
mid,924151040,Mitchel,50000.0,30757.4,30757.0,19242.6,7006.85,7007.0,23.0,8.0,9.0,419761.0,457526.0,395577.0,420825.0,37764.0,0.05,0.0,,True
high,924151040,Mitchel,120000.0,30757.399999999994,30757.0,89242.6,7006.85,7007.0,23.0,8.0,9.0,419761.0,457526.0,395577.0,420825.0,37764.0,0.07,0.0,,True
low,534201300,No aplicames,18000.0,10872.93,10873.0,7127.07,-329.59,-330.0,-3.0,5.0,5.0,206207.0,216750.0,181640.0,181704.0,10543.0,0.05,0.0,,True
mid,534201300,No aplicames,50000.0,10872.93,10873.0,39127.07,-329.59,-330.0,-3.0,5.0,5.0,206207.0,216750.0,181640.0,181704.0,10543.0,0.06,0.0,,True
high,534201300,No aplicames,120000.0,10872.929999999993,10873.0,109127.07,-329.59,-330.0,-3.0,5.0,5.0,206207.0,216750.0,181640.0,181704.0,10543.0,0.06,0.0,,True
low,528150110,NridgHt,18000.0,8711.33,8711.0,9288.67,1063.36,1063.0,12.0,2.0,2.0,551817.0,561592.0,545622.0,542267.0,9775.0,0.04,0.0,,True
mid,528150110,NridgHt,50000.0,27249.52,27250.0,22750.48,16151.82,16152.0,59.0,7.0,8.0,551817.0,595219.0,545622.0,581029.0,43401.0,0.06,0.0,,True
high,528150110,NridgHt,120000.0,98661.13,98661.0,21338.87,30300.97,30301.0,31.0,19.0,23.0,551817.0,680779.0,545622.0,614502.0,128962.0,0.12,0.0,,True
low,907290080,CollgCr,18000.0,6923.620000000001,6924.0,11076.38,-3663.49,-3663.0,-53.0,1.0,1.0,364821.0,368081.0,349726.0,347227.0,3260.0,0.04,0.0,,True
mid,907290080,CollgCr,50000.0,25461.81,25462.0,24538.19,-2294.47,-2294.0,-9.0,6.0,6.0,364821.0,387988.0,349726.0,372047.0,23167.0,0.05,0.0,,True
high,907290080,CollgCr,120000.0,25461.809999999998,25462.0,94538.19,-2294.47,-2294.0,-9.0,6.0,6.0,364821.0,387988.0,349726.0,372047.0,23167.0,0.09,0.0,,True
low,916402115,Timber,18000.0,12642.21,12642.0,5357.79,14226.0,14226.0,113.0,9.0,9.0,287214.0,314082.0,297763.0,295929.0,26868.0,0.05,0.0,,True
mid,916402115,Timber,50000.0,12642.21,12642.0,37357.79,14226.0,14226.0,113.0,9.0,9.0,287214.0,314082.0,297763.0,295929.0,26868.0,0.08,0.0,,True
high,916402115,Timber,120000.0,12642.210000000006,12642.0,107357.79,14226.0,14226.0,113.0,9.0,9.0,287214.0,314082.0,297763.0,295929.0,26868.0,0.09,0.0,,True
low,528315110,NoRidge,18000.0,6923.620000000001,6924.0,11076.38,-3937.18,-3937.0,-57.0,1.0,1.0,468958.0,471945.0,489645.0,486147.0,2986.0,0.05,0.0,,True
mid,528315110,NoRidge,50000.0,34923.62,34924.0,15076.38,5893.98,5894.0,17.0,8.0,9.0,468958.0,509776.0,489645.0,498426.0,40818.0,0.07,0.0,,True
high,528315110,NoRidge,120000.0,53461.81,53462.0,66538.19,14702.12,14702.0,28.0,13.0,15.0,468958.0,537122.0,489645.0,534053.0,68164.0,0.06,0.0,,True
low,903481010,IDOTRR,18000.0,10872.93,10873.0,7127.07,-416.99,-417.0,-4.0,8.0,8.0,125755.0,136211.0,136262.0,134961.0,10456.0,0.04,0.0,,True
mid,903481010,IDOTRR,50000.0,10872.93,10873.0,39127.07,-416.99,-417.0,-4.0,8.0,8.0,125755.0,136211.0,136262.0,134961.0,10456.0,0.07,0.0,,True
high,903481010,IDOTRR,120000.0,6923.619999999995,6924.0,113076.38,-5291.26,-5291.0,-76.0,1.0,1.0,125755.0,127388.0,136262.0,134961.0,1632.0,0.08,0.0,,True
low,534425015,No aplicames,18000.0,12572.93,12573.0,5427.07,16281.03,16281.0,129.0,8.0,8.0,343220.0,372074.0,313758.0,307349.0,28854.0,0.05,0.0535,,True
mid,534425015,No aplicames,50000.0,12572.93,12573.0,37427.07,16281.03,16281.0,129.0,8.0,8.0,343220.0,372074.0,313758.0,307349.0,28854.0,0.06,0.0535,,True
high,534425015,No aplicames,120000.0,12572.929999999993,12573.0,107427.07,16281.03,16281.0,129.0,8.0,8.0,343220.0,372074.0,313758.0,307349.0,28854.0,0.06,0.0,,True
low,902401120,,18000.0,,,,,,,,,,,,,,,,,False
mid,902401120,OldTown,50000.0,34908.29,34908.0,15091.71,-29400.53,-29401.0,-84.0,1.0,1.0,432259.0,437767.0,436998.0,435698.0,5508.0,0.05,0.0,,True
high,902401120,OldTown,120000.0,53446.479999999996,53446.0,66553.52,-23962.49,-23962.0,-45.0,6.0,7.0,432259.0,461743.0,436998.0,466842.0,29484.0,0.06,0.0,,True
low,902207220,OldTown,18000.0,10872.93,10873.0,7127.07,54643.37,54643.0,503.0,12.0,14.0,466469.0,531986.0,498662.0,484731.0,65516.0,0.04,0.0,,True
mid,902207220,OldTown,50000.0,37428.17,37428.0,12571.83,67346.01,67346.0,180.0,18.0,22.0,466469.0,571244.0,498662.0,519379.0,104774.0,0.05,0.0,,True
high,902207220,OldTown,120000.0,37428.17,37428.0,82571.83,67346.01,67346.0,180.0,18.0,22.0,466469.0,571244.0,498662.0,519379.0,104774.0,0.1,0.0,,True
low,528144030,NridgHt,18000.0,8554.67,8555.0,9445.33,-1821.81,-1822.0,-21.0,1.0,1.0,456553.0,463286.0,412890.0,410315.0,6733.0,0.05,0.0,,True
mid,528144030,NridgHt,50000.0,29683.97,29684.0,20316.03,9655.02,9655.0,33.0,8.0,9.0,456553.0,495892.0,412890.0,440046.0,39339.0,0.08,0.0,,True
high,528144030,NridgHt,120000.0,64403.97,64404.0,55596.03,9735.41,9735.0,15.0,14.0,16.0,456553.0,530693.0,412890.0,440046.0,74139.0,0.09,0.0,,True
low,905108170,Sawyer,18000.0,10872.93,10873.0,7127.07,1120.96,1121.0,10.0,5.0,6.0,216887.0,228880.0,237607.0,235910.0,11994.0,0.05,0.0,,True
mid,905108170,Sawyer,50000.0,10872.93,10873.0,39127.07,1120.96,1121.0,10.0,5.0,6.0,216887.0,228880.0,237607.0,235910.0,11994.0,0.07,0.0,,True
high,905108170,Sawyer,120000.0,10872.929999999993,10873.0,109127.07,1120.96,1121.0,10.0,5.0,6.0,216887.0,228880.0,237607.0,235910.0,11994.0,0.06,0.0,,True
low,903202120,BrkSide,18000.0,10872.93,10873.0,7127.07,-3583.89,-3584.0,-33.0,3.0,3.0,220013.0,227302.0,210500.0,206200.0,7289.0,0.05,0.0,,True
mid,903202120,BrkSide,50000.0,10872.93,10873.0,39127.07,-3583.89,-3584.0,-33.0,3.0,3.0,220013.0,227302.0,210500.0,206200.0,7289.0,0.1,0.0,,True
high,903202120,BrkSide,120000.0,10872.929999999993,10873.0,109127.07,-3583.89,-3584.0,-33.0,3.0,3.0,220013.0,227302.0,210500.0,206200.0,7289.0,0.08,0.0,,True
low,909254070,Crawfor,18000.0,10872.93,10873.0,7127.07,11680.97,11681.0,107.0,7.0,8.0,298628.0,321182.0,261313.0,255500.0,22554.0,0.04,0.0,,True
mid,909254070,Crawfor,50000.0,10872.93,10873.0,39127.07,11680.97,11681.0,107.0,7.0,8.0,298628.0,321182.0,261313.0,255500.0,22554.0,0.06,0.0,,True
high,909254070,Crawfor,120000.0,10872.929999999993,10873.0,109127.07,11680.97,11681.0,107.0,7.0,8.0,298628.0,321182.0,261313.0,255500.0,22554.0,0.07,0.0,,True
low,532378240,Sawyer,18000.0,10872.93,10873.0,7127.07,-661.05,-661.0,-6.0,5.0,5.0,192372.0,202584.0,176523.0,176586.0,10212.0,0.05,0.0,,True
mid,532378240,Sawyer,50000.0,10872.93,10873.0,39127.07,-661.05,-661.0,-6.0,5.0,5.0,192372.0,202584.0,176523.0,176586.0,10212.0,0.06,0.0,,True
high,532378240,Sawyer,120000.0,10872.929999999993,10873.0,109127.07,-661.05,-661.0,-6.0,5.0,5.0,192372.0,202584.0,176523.0,176586.0,10212.0,0.07,0.0,,True
low,535300120,No aplicames,18000.0,13195.11,13195.0,4804.89,6534.68,6535.0,50.0,7.0,8.0,251143.0,270873.0,235211.0,232964.0,19730.0,0.04,0.0,,True
mid,535300120,No aplicames,50000.0,13195.11,13195.0,36804.89,6534.68,6535.0,50.0,7.0,8.0,251143.0,270873.0,235211.0,232964.0,19730.0,0.05,0.0,,True
high,535300120,No aplicames,120000.0,13195.11,13195.0,106804.89,6534.68,6535.0,50.0,7.0,8.0,251143.0,270873.0,235211.0,232964.0,19730.0,0.07,0.0,,True
low,533251130,Veenker,18000.0,12531.630000000001,12532.0,5468.37,5302.38,5302.0,42.0,6.0,6.0,298906.0,316740.0,268779.0,268779.0,17834.0,0.05,0.0,,True
mid,533251130,Veenker,50000.0,12531.629999999997,12532.0,37468.37,5302.38,5302.0,42.0,6.0,6.0,298906.0,316740.0,268779.0,268779.0,17834.0,0.07,0.0,,True
high,533251130,Veenker,120000.0,12531.630000000005,12532.0,107468.37,5302.38,5302.0,42.0,6.0,6.0,298906.0,316740.0,268779.0,268779.0,17834.0,0.08,0.0,,True
low,528108140,NridgHt,18000.0,6923.620000000001,6924.0,11076.38,-2528.99,-2529.0,-37.0,1.0,1.0,614004.0,618399.0,569220.0,553317.0,4395.0,0.04,0.0,,True
mid,528108140,NridgHt,50000.0,43701.81,43702.0,6298.19,21277.2,21277.0,49.0,10.0,11.0,614004.0,678983.0,569220.0,592868.0,64979.0,0.05,0.0,,True
high,528108140,NridgHt,120000.0,97181.81,97182.0,22818.19,24942.06,24942.0,26.0,17.0,20.0,614004.0,736128.0,569220.0,611214.0,122124.0,0.06,0.0,,True
low,528172080,NridgHt,18000.0,7591.530000000001,7592.0,10408.47,-3790.21,-3790.0,-50.0,1.0,1.0,398378.0,402179.0,402681.0,399804.0,3801.0,0.04,0.0,,True
mid,528172080,NridgHt,50000.0,26129.72,26130.0,23870.28,1983.03,1983.0,8.0,7.0,7.0,398378.0,426490.0,402681.0,428382.0,28113.0,0.05,0.0,,True
high,528172080,NridgHt,120000.0,26129.72,26130.0,93870.28,1983.03,1983.0,8.0,7.0,7.0,398378.0,426490.0,402681.0,428382.0,28113.0,0.06,0.0,,True
low,907280040,CollgCr,18000.0,7830.07,7830.0,10169.93,-3701.63,-3702.0,-47.0,1.0,1.0,326879.0,331008.0,331605.0,329236.0,4128.0,0.04,0.0,,True
mid,907280040,CollgCr,50000.0,32090.78,32091.0,17909.22,-3610.73,-3611.0,-11.0,8.0,9.0,326879.0,355359.0,331605.0,352770.0,28480.0,0.1,0.0,,True
high,907280040,CollgCr,120000.0,32090.78,32091.0,87909.22,-3610.73,-3611.0,-11.0,8.0,9.0,326879.0,355359.0,331605.0,352770.0,28480.0,0.11,0.0,,True
low,535376010,OldTown,18000.0,10872.93,10873.0,7127.07,-2464.5,-2464.0,-23.0,5.0,6.0,152190.0,160598.0,161817.0,154831.0,8408.0,0.05,0.0,,True
mid,535376010,OldTown,50000.0,10872.93,10873.0,39127.07,-2464.5,-2464.0,-23.0,5.0,6.0,152190.0,160598.0,161817.0,154831.0,8408.0,0.08,0.0,,True
high,535376010,OldTown,120000.0,10872.929999999993,10873.0,109127.07,-2464.5,-2464.0,-23.0,5.0,6.0,152190.0,160598.0,161817.0,154831.0,8408.0,0.07,0.0,,True
low,906340130,CollgCr,18000.0,11885.25,11885.0,6114.75,-2301.23,-2301.0,-19.0,2.0,2.0,520781.0,530365.0,412508.0,410442.0,9584.0,0.04,0.0,,True
mid,906340130,CollgCr,50000.0,49419.33,49419.0,580.67,12692.64,12693.0,26.0,11.0,12.0,520781.0,582893.0,412508.0,450253.0,62112.0,0.06,0.0,,True
high,906340130,CollgCr,120000.0,66219.33,66219.0,53780.67,16698.95,16699.0,25.0,14.0,16.0,520781.0,603699.0,412508.0,450888.0,82918.0,0.1,0.0,,True
low,924100020,Mitchel,18000.0,13114.560000000001,13115.0,4885.44,4891.44,4891.0,37.0,7.0,7.0,256364.0,274370.0,240529.0,241136.0,18006.0,0.04,0.0,,True
mid,924100020,Mitchel,50000.0,13114.559999999998,13115.0,36885.44,4891.44,4891.0,37.0,7.0,7.0,256364.0,274370.0,240529.0,241136.0,18006.0,0.06,0.0,,True
high,924100020,Mitchel,120000.0,13114.559999999998,13115.0,106885.44,4891.44,4891.0,37.0,7.0,7.0,256364.0,274370.0,240529.0,241136.0,18006.0,0.06,0.0,,True
low,902207170,OldTown,18000.0,6923.620000000001,6924.0,11076.38,-4139.28,-4139.0,-60.0,2.0,2.0,147755.0,150539.0,148960.0,145647.0,2784.0,0.05,0.0,,True
mid,902207170,OldTown,50000.0,6923.620000000003,6924.0,43076.38,-4139.28,-4139.0,-60.0,2.0,2.0,147755.0,150539.0,148960.0,145647.0,2784.0,0.08,0.0,,True
high,902207170,OldTown,120000.0,6923.619999999995,6924.0,113076.38,-5092.86,-5093.0,-74.0,1.0,1.0,147755.0,149585.0,148960.0,145647.0,1831.0,0.11,0.0,,True
low,528120170,NridgHt,18000.0,8619.18,8619.0,9380.82,-3905.48,-3905.0,-45.0,1.0,1.0,440095.0,444809.0,416722.0,414138.0,4714.0,0.04,0.0,,True
mid,528120170,NridgHt,50000.0,40405.81,40406.0,9594.19,5477.77,5478.0,14.0,9.0,10.0,440095.0,485979.0,416722.0,443320.0,45884.0,0.07,0.0,,True
high,528120170,NridgHt,120000.0,40405.81,40406.0,79594.19,5477.77,5478.0,14.0,9.0,10.0,440095.0,485979.0,416722.0,443320.0,45884.0,0.07,0.0,,True
low,909252170,Crawfor,18000.0,10872.93,10873.0,7127.07,2433.26,2433.0,22.0,6.0,6.0,218319.0,231625.0,217578.0,216024.0,13306.0,0.05,0.0,,True
mid,909252170,Crawfor,50000.0,10872.93,10873.0,39127.07,2433.26,2433.0,22.0,6.0,6.0,218319.0,231625.0,217578.0,216024.0,13306.0,0.1,0.0,,True
high,909252170,Crawfor,120000.0,10872.929999999993,10873.0,109127.07,2433.26,2433.0,22.0,6.0,6.0,218319.0,231625.0,217578.0,216024.0,13306.0,0.08,0.0,,True
low,916475110,Timber,18000.0,6923.620000000001,6924.0,11076.38,-3741.97,-3742.0,-54.0,1.0,1.0,330266.0,333448.0,332810.0,330433.0,3182.0,0.05,0.0,,True
mid,916475110,Timber,50000.0,25461.81,25462.0,24538.19,-1567.22,-1567.0,-6.0,7.0,7.0,330266.0,354161.0,332810.0,354052.0,23895.0,0.07,0.0,,True
high,916475110,Timber,120000.0,25461.809999999998,25462.0,94538.19,-1567.22,-1567.0,-6.0,7.0,7.0,330266.0,354161.0,332810.0,354052.0,23895.0,0.08,0.0,,True
low,908276140,Edwards,18000.0,10872.93,10873.0,7127.07,-3876.19,-3876.0,-36.0,4.0,4.0,159124.0,166121.0,140990.0,139643.0,6997.0,0.05,0.0,,True
mid,908276140,Edwards,50000.0,10872.93,10873.0,39127.07,-3876.19,-3876.0,-36.0,4.0,4.0,159124.0,166121.0,140990.0,139643.0,6997.0,0.06,0.0,,True
high,908276140,Edwards,120000.0,10872.929999999993,10873.0,109127.07,-3876.19,-3876.0,-36.0,4.0,4.0,159124.0,166121.0,140990.0,139643.0,6997.0,0.1,0.0,,True
low,535354200,No aplicames,18000.0,10872.93,10873.0,7127.07,11260.89,11261.0,104.0,9.0,10.0,215845.0,237979.0,219124.0,217032.0,22134.0,0.05,0.0,,True
mid,535354200,No aplicames,50000.0,10872.93,10873.0,39127.07,11260.89,11261.0,104.0,9.0,10.0,215845.0,237979.0,219124.0,217032.0,22134.0,0.05,0.0,,True
high,535354200,No aplicames,120000.0,6923.619999999995,6924.0,113076.38,-4518.28,-4518.0,-65.0,1.0,1.0,215845.0,218250.0,219124.0,217032.0,2405.0,0.09,0.0,,True
low,535325130,No aplicames,18000.0,11832.93,11833.0,6167.07,-790.75,-791.0,-7.0,5.0,5.0,207488.0,218530.0,179896.0,178611.0,11042.0,0.05,0.0,,True
mid,535325130,No aplicames,50000.0,11832.93,11833.0,38167.07,-790.75,-791.0,-7.0,5.0,5.0,207488.0,218530.0,179896.0,178611.0,11042.0,0.05,0.0,,True
high,535325130,No aplicames,120000.0,11832.929999999993,11833.0,108167.07,-790.75,-791.0,-7.0,5.0,5.0,207488.0,218530.0,179896.0,178611.0,11042.0,0.05,0.0,,True
low,534250010,NWAmes,18000.0,10872.93,10873.0,7127.07,9577.54,9578.0,88.0,9.0,10.0,210470.0,230920.0,202628.0,202628.0,20450.0,0.05,0.0,,True
mid,534250010,NWAmes,50000.0,10872.93,10873.0,39127.07,9577.54,9578.0,88.0,9.0,10.0,210470.0,230920.0,202628.0,202628.0,20450.0,0.06,0.0,,True
high,534250010,NWAmes,120000.0,10872.929999999993,10873.0,109127.07,9577.54,9578.0,88.0,9.0,10.0,210470.0,230920.0,202628.0,202628.0,20450.0,0.1,0.0,,True
low,905475150,Edwards,18000.0,17880.93,17881.0,119.07,1954.85,1955.0,11.0,9.0,10.0,200774.0,220610.0,190745.0,188923.0,19836.0,0.05,0.0,,True
mid,905475150,Edwards,50000.0,17880.93,17881.0,32119.07,1954.85,1955.0,11.0,9.0,10.0,200774.0,220610.0,190745.0,188923.0,19836.0,0.07,0.0,,True
high,905475150,Edwards,120000.0,6923.619999999995,6924.0,113076.38,-3892.97,-3893.0,-56.0,1.0,2.0,200774.0,203805.0,190745.0,188923.0,3031.0,0.06,0.0,,True
low,527182110,StoneBr,18000.0,12811.619999999999,12812.0,5188.38,-1987.75,-1988.0,-16.0,4.0,4.0,292921.0,303745.0,277165.0,277264.0,10824.0,0.05,0.0,,True
mid,527182110,StoneBr,50000.0,12811.620000000003,12812.0,37188.38,-1987.75,-1988.0,-16.0,4.0,4.0,292921.0,303745.0,277165.0,277264.0,10824.0,0.05,0.0,,True
high,527182110,StoneBr,120000.0,12811.619999999995,12812.0,107188.38,-1987.75,-1988.0,-16.0,4.0,4.0,292921.0,303745.0,277165.0,277264.0,10824.0,0.05,0.0,,True
low,533253050,Greens,18000.0,6923.620000000001,6924.0,11076.38,-4364.35,-4364.0,-63.0,1.0,1.0,277279.0,279838.0,267589.0,265034.0,2559.0,0.05,0.0,,True
mid,533253050,Greens,50000.0,6923.620000000003,6924.0,43076.38,-4364.35,-4364.0,-63.0,1.0,1.0,277279.0,279838.0,267589.0,265034.0,2559.0,0.05,0.0,,True
high,533253050,Greens,120000.0,6923.619999999995,6924.0,113076.38,-4364.35,-4364.0,-63.0,1.0,1.0,277279.0,279838.0,267589.0,265034.0,2559.0,0.05,0.0,,True
low,924100040,Mitchel,18000.0,10872.93,10873.0,7127.07,9813.7,9814.0,90.0,7.0,7.0,296713.0,317399.0,294948.0,294948.0,20687.0,0.04,0.0,,True
mid,924100040,Mitchel,50000.0,29411.12,29411.0,20588.88,10436.46,10436.0,35.0,12.0,13.0,296713.0,336560.0,294948.0,316031.0,39848.0,0.06,0.0,,True
high,924100040,Mitchel,120000.0,29411.119999999995,29411.0,90588.88,10436.46,10436.0,35.0,12.0,13.0,296713.0,336560.0,294948.0,316031.0,39848.0,0.07,0.0,,True
low,534451170,BrkSide,18000.0,6923.620000000001,6924.0,11076.38,-4522.39,-4522.0,-65.0,2.0,2.0,106038.0,108439.0,127088.0,123250.0,2401.0,0.05,0.0,,True
mid,534451170,BrkSide,50000.0,6923.620000000003,6924.0,43076.38,-4522.39,-4522.0,-65.0,2.0,2.0,106038.0,108439.0,127088.0,123250.0,2401.0,0.09,0.0,,True
high,534451170,BrkSide,120000.0,6923.619999999995,6924.0,113076.38,-4522.39,-4522.0,-65.0,2.0,2.0,106038.0,108439.0,127088.0,123250.0,2401.0,0.09,0.0,,True
low,906226080,,18000.0,,,,,,,,,,,,,,,,,False
mid,906226080,,50000.0,,,,,,,,,,,,,,,,,False
high,906226080,SawyerW,120000.0,64352.93,64353.0,55647.07,-47927.04,-47927.0,-74.0,7.0,8.0,210829.0,227255.0,201559.0,207796.0,16426.0,0.05,0.0,,True
low,905107110,Sawyer,18000.0,10872.93,10873.0,7127.07,3284.19,3284.0,30.0,5.0,6.0,245718.0,259875.0,230927.0,230927.0,14157.0,0.04,0.0,,True
mid,905107110,Sawyer,50000.0,6923.620000000003,6924.0,43076.38,-4844.94,-4845.0,-70.0,1.0,1.0,245718.0,247797.0,230927.0,230927.0,2079.0,0.05,0.0,,True
high,905107110,Sawyer,120000.0,10872.929999999993,10873.0,109127.07,3284.19,3284.0,30.0,5.0,6.0,245718.0,259875.0,230927.0,230927.0,14157.0,0.07,0.0,,True
low,909451040,Blueste,18000.0,10872.93,10873.0,7127.07,-1351.12,-1351.0,-12.0,5.0,6.0,168525.0,178047.0,179398.0,175733.0,9522.0,0.05,0.0,,True
mid,909451040,Blueste,50000.0,10872.93,10873.0,39127.07,-1351.12,-1351.0,-12.0,5.0,6.0,168525.0,178047.0,179398.0,175733.0,9522.0,0.1,0.0,,True
high,909451040,Blueste,120000.0,10872.929999999993,10873.0,109127.07,-1351.12,-1351.0,-12.0,5.0,6.0,168525.0,178047.0,179398.0,175733.0,9522.0,0.09,0.0,,True
low,531452100,SawyerW,18000.0,6923.620000000001,6924.0,11076.38,-5283.34,-5283.0,-76.0,1.0,1.0,247767.0,249408.0,219703.0,219703.0,1640.0,0.05,0.0,,True
mid,531452100,SawyerW,50000.0,6923.620000000003,6924.0,43076.38,-5283.34,-5283.0,-76.0,1.0,1.0,247767.0,249408.0,219703.0,219703.0,1640.0,0.07,0.0,,True
high,531452100,SawyerW,120000.0,6923.619999999995,6924.0,113076.38,-5283.34,-5283.0,-76.0,1.0,1.0,247767.0,249408.0,219703.0,219703.0,1640.0,0.07,0.0,,True
low,527105050,Gilbert,18000.0,17912.93,17913.0,87.07,-3593.72,-3594.0,-20.0,5.0,5.0,268179.0,282498.0,269519.0,267594.0,14319.0,0.05,0.0,,True
mid,527105050,Gilbert,50000.0,17912.93,17913.0,32087.07,-3593.72,-3594.0,-20.0,5.0,5.0,268179.0,282498.0,269519.0,267594.0,14319.0,0.06,0.0,,True
high,527105050,Gilbert,120000.0,17912.929999999993,17913.0,102087.07,-3593.72,-3594.0,-20.0,5.0,5.0,268179.0,282498.0,269519.0,267594.0,14319.0,0.07,0.0,,True
low,534476100,No aplicames,18000.0,10872.93,10873.0,7127.07,-120.7,-121.0,-1.0,5.0,5.0,213003.0,223755.0,187532.0,187598.0,10752.0,0.04,0.0,,True
mid,534476100,No aplicames,50000.0,10872.93,10873.0,39127.07,-120.7,-121.0,-1.0,5.0,5.0,213003.0,223755.0,187532.0,187598.0,10752.0,0.05,0.0,,True
high,534476100,No aplicames,120000.0,10872.929999999993,10873.0,109127.07,-120.7,-121.0,-1.0,5.0,5.0,213003.0,223755.0,187532.0,187598.0,10752.0,0.07,0.0,,True
low,528456230,Somerst,18000.0,6923.620000000001,6924.0,11076.38,-3418.2,-3418.0,-49.0,1.0,1.0,317039.0,320545.0,307908.0,305709.0,3505.0,0.04,0.0,,True
mid,528456230,Somerst,50000.0,6923.620000000003,6924.0,43076.38,-3418.2,-3418.0,-49.0,1.0,1.0,317039.0,320545.0,307908.0,305709.0,3505.0,0.07,0.0,,True
high,528456230,Somerst,120000.0,6923.619999999995,6924.0,113076.38,-3418.2,-3418.0,-49.0,1.0,1.0,317039.0,320545.0,307908.0,305709.0,3505.0,0.09,0.0,,True
low,904302010,SWISU,18000.0,10872.93,10873.0,7127.07,357.58,358.0,3.0,6.0,6.0,178229.0,189460.0,179508.0,179508.0,11231.0,0.06,0.0,,True
mid,904302010,SWISU,50000.0,10872.93,10873.0,39127.07,357.58,358.0,3.0,6.0,6.0,178229.0,189460.0,179508.0,179508.0,11231.0,0.09,0.0,,True
high,904302010,SWISU,120000.0,10872.929999999993,10873.0,109127.07,357.58,358.0,3.0,6.0,6.0,178229.0,189460.0,179508.0,179508.0,11231.0,0.08,0.0,,True
low,534129080,NWAmes,18000.0,10872.93,10873.0,7127.07,10990.17,10990.0,101.0,7.0,8.0,280800.0,302663.0,288603.0,288705.0,21863.0,0.04,0.0,,True
mid,534129080,NWAmes,50000.0,29411.12,29411.0,20588.88,12119.85,12120.0,41.0,13.0,15.0,280800.0,322331.0,288603.0,309342.0,41531.0,0.09,0.0,,True
high,534129080,NWAmes,120000.0,29411.119999999995,29411.0,90588.88,12119.85,12120.0,41.0,13.0,15.0,280800.0,322331.0,288603.0,309342.0,41531.0,0.09,0.0,,True
low,535178100,No aplicames,18000.0,6923.620000000001,6924.0,11076.38,-4611.46,-4611.0,-67.0,1.0,1.0,240003.0,242315.0,220382.0,218278.0,2312.0,0.05,0.0,,True
mid,535178100,No aplicames,50000.0,6923.620000000003,6924.0,43076.38,-4611.46,-4611.0,-67.0,1.0,1.0,240003.0,242315.0,220382.0,218278.0,2312.0,0.09,0.0,,True
high,535178100,No aplicames,120000.0,6923.619999999995,6924.0,113076.38,-4611.46,-4611.0,-67.0,1.0,1.0,240003.0,242315.0,220382.0,218278.0,2312.0,0.06,0.0,,True
low,923228150,MeadowV,18000.0,10872.93,10873.0,7127.07,-754.47,-754.0,-7.0,6.0,7.0,154244.0,164363.0,148948.0,141425.0,10118.0,0.04,0.0,,True
mid,923228150,MeadowV,50000.0,10872.93,10873.0,39127.07,-754.47,-754.0,-7.0,6.0,7.0,154244.0,164363.0,148948.0,141425.0,10118.0,0.07,0.0,,True
high,923228150,MeadowV,120000.0,10872.929999999993,10873.0,109127.07,-754.47,-754.0,-7.0,6.0,7.0,154244.0,164363.0,148948.0,141425.0,10118.0,0.08,0.0,,True
low,905102060,Sawyer,18000.0,10872.93,10873.0,7127.07,-1776.33,-1776.0,-16.0,4.0,5.0,197892.0,206989.0,201222.0,201222.0,9097.0,0.05,0.0,,True
mid,905102060,Sawyer,50000.0,10872.93,10873.0,39127.07,-1776.33,-1776.0,-16.0,4.0,5.0,197892.0,206989.0,201222.0,201222.0,9097.0,0.05,0.0,,True
high,905102060,Sawyer,120000.0,6923.619999999995,6924.0,113076.38,-5218.27,-5218.0,-75.0,1.0,1.0,197892.0,199597.0,201222.0,201222.0,1705.0,0.05,0.0,,True
low,528120140,NridgHt,18000.0,8711.33,8711.0,9288.67,1490.31,1490.0,17.0,2.0,2.0,553864.0,564066.0,499458.0,489745.0,10202.0,0.04,0.0,,True
mid,528120140,NridgHt,50000.0,27249.52,27250.0,22750.48,14029.95,14030.0,51.0,7.0,7.0,553864.0,595143.0,499458.0,524752.0,41279.0,0.05,0.0,,True
high,528120140,NridgHt,120000.0,27249.520000000004,27250.0,92750.48,14029.95,14030.0,51.0,7.0,7.0,553864.0,595143.0,499458.0,524752.0,41279.0,0.07,0.0,,True
low,533213070,Somerst,18000.0,10872.93,10873.0,7127.07,-2313.68,-2314.0,-21.0,3.0,3.0,255269.0,263828.0,244342.0,239350.0,8559.0,0.04,0.0,,True
mid,533213070,Somerst,50000.0,10872.93,10873.0,39127.07,-2313.68,-2314.0,-21.0,3.0,3.0,255269.0,263828.0,244342.0,239350.0,8559.0,0.05,0.0,,True
high,533213070,Somerst,120000.0,10872.929999999993,10873.0,109127.07,-2313.68,-2314.0,-21.0,3.0,3.0,255269.0,263828.0,244342.0,239350.0,8559.0,0.05,0.0,,True
low,907201280,CollgCr,18000.0,11372.93,11373.0,6627.07,1499.75,1500.0,13.0,6.0,6.0,198883.0,211756.0,217799.0,217876.0,12873.0,0.05,0.0,,True
mid,907201280,CollgCr,50000.0,11372.93,11373.0,38627.07,1499.75,1500.0,13.0,6.0,6.0,198883.0,211756.0,217799.0,217876.0,12873.0,0.06,0.0,,True
high,907201280,CollgCr,120000.0,11372.929999999993,11373.0,108627.07,1499.75,1500.0,13.0,6.0,6.0,198883.0,211756.0,217799.0,217876.0,12873.0,0.07,0.0,,True
low,527182040,StoneBr,18000.0,6923.620000000001,6924.0,11076.38,-5088.09,-5088.0,-73.0,1.0,1.0,260256.0,262092.0,255639.0,255729.0,1836.0,0.04,0.0,,True
mid,527182040,StoneBr,50000.0,6923.620000000003,6924.0,43076.38,-5088.09,-5088.0,-73.0,1.0,1.0,260256.0,262092.0,255639.0,255729.0,1836.0,0.06,0.0,,True
high,527182040,StoneBr,120000.0,6923.619999999995,6924.0,113076.38,-5088.09,-5088.0,-73.0,1.0,1.0,260256.0,262092.0,255639.0,255729.0,1836.0,0.07,0.0,,True
low,923225510,Mitchel,18000.0,10872.93,10873.0,7127.07,-1279.04,-1279.0,-12.0,4.0,5.0,207344.0,216937.0,195040.0,195040.0,9594.0,0.05,0.0,,True
mid,923225510,Mitchel,50000.0,10872.93,10873.0,39127.07,-1279.04,-1279.0,-12.0,4.0,5.0,207344.0,216937.0,195040.0,195040.0,9594.0,0.07,0.0,,True
high,923225510,Mitchel,120000.0,10872.929999999993,10873.0,109127.07,-1279.04,-1279.0,-12.0,4.0,5.0,207344.0,216937.0,195040.0,195040.0,9594.0,0.08,0.0,,True
low,528386040,NoRidge,18000.0,13060.810000000001,13061.0,4939.19,1993.83,1994.0,15.0,2.0,3.0,588130.0,603184.0,658104.0,653403.0,15055.0,0.04,0.0,,True
mid,528386040,NoRidge,50000.0,31599.0,31599.0,18401.0,20370.31,20370.0,64.0,8.0,9.0,588130.0,640099.0,658104.0,700108.0,51969.0,0.06,0.0,,True
high,528386040,NoRidge,120000.0,59599.0,59599.0,60401.0,23061.27,23061.0,39.0,12.0,14.0,588130.0,670790.0,658104.0,717791.0,82660.0,0.06,0.0,,True
low,528431080,Somerst,18000.0,6923.620000000001,6924.0,11076.38,-3692.92,-3693.0,-53.0,1.0,1.0,328268.0,331499.0,315984.0,313727.0,3231.0,0.04,0.0,,True
mid,528431080,Somerst,50000.0,25461.81,25462.0,24538.19,-2261.72,-2262.0,-9.0,7.0,7.0,328268.0,351468.0,315984.0,336152.0,23200.0,0.05,0.0,,True
high,528431080,Somerst,120000.0,25461.809999999998,25462.0,94538.19,-2261.72,-2262.0,-9.0,7.0,7.0,328268.0,351468.0,315984.0,336152.0,23200.0,0.08,0.0,,True
low,533130160,NoRidge,18000.0,9024.64,9025.0,8975.36,-2022.65,-2023.0,-22.0,2.0,2.0,443413.0,450415.0,428361.0,428951.0,7002.0,0.04,0.0,,True
mid,533130160,NoRidge,50000.0,27562.83,27563.0,22437.17,4878.6,4879.0,18.0,7.0,7.0,443413.0,475854.0,428361.0,459613.0,32441.0,0.05,0.0,,True
high,533130160,NoRidge,120000.0,27562.83,27563.0,92437.17,4878.6,4879.0,18.0,7.0,7.0,443413.0,475854.0,428361.0,459613.0,32441.0,0.07,0.0,,True
low,909425140,Crawfor,18000.0,11674.630000000001,11675.0,6325.37,24290.94,24291.0,208.0,8.0,9.0,393906.0,429872.0,382472.0,371786.0,35966.0,0.04,0.0,,True
mid,909425140,Crawfor,50000.0,30212.82,30213.0,19787.18,27333.98,27334.0,90.0,13.0,15.0,393906.0,451453.0,382472.0,398362.0,57547.0,0.07,0.0,,True
high,909425140,Crawfor,120000.0,30212.820000000007,30213.0,89787.18,27333.98,27334.0,90.0,13.0,15.0,393906.0,451453.0,382472.0,398362.0,57547.0,0.08,0.0,,True
low,906380220,CollgCr,18000.0,6923.620000000001,6924.0,11076.38,-4151.26,-4151.0,-60.0,1.0,1.0,342059.0,344831.0,326157.0,323827.0,2772.0,0.04,0.0,,True
mid,906380220,CollgCr,50000.0,25461.81,25462.0,24538.19,-2277.02,-2277.0,-9.0,6.0,7.0,342059.0,365244.0,326157.0,346974.0,23185.0,0.06,0.0,,True
high,906380220,CollgCr,120000.0,25461.809999999998,25462.0,94538.19,-2277.02,-2277.0,-9.0,6.0,7.0,342059.0,365244.0,326157.0,346974.0,23185.0,0.06,0.0,,True
low,527180100,Gilbert,18000.0,10872.93,10873.0,7127.07,8243.96,8244.0,76.0,7.0,7.0,258241.0,277358.0,270082.0,270178.0,19117.0,0.04,0.0,,True
mid,527180100,Gilbert,50000.0,10872.93,10873.0,39127.07,8243.96,8244.0,76.0,7.0,7.0,258241.0,277358.0,270082.0,270178.0,19117.0,0.07,0.0,,True
high,527180100,Gilbert,120000.0,10872.929999999993,10873.0,109127.07,8243.96,8244.0,76.0,7.0,7.0,258241.0,277358.0,270082.0,270178.0,19117.0,0.12,0.0,,True
low,924100050,Mitchel,18000.0,6923.620000000001,6924.0,11076.38,-4362.7,-4363.0,-63.0,1.0,1.0,216282.0,218843.0,198846.0,198917.0,2561.0,0.05,0.0,,True
mid,924100050,Mitchel,50000.0,6923.620000000003,6924.0,43076.38,-4362.7,-4363.0,-63.0,1.0,1.0,216282.0,218843.0,198846.0,198917.0,2561.0,0.07,0.0,,True
high,924100050,Mitchel,120000.0,6923.619999999995,6924.0,113076.38,-4362.7,-4363.0,-63.0,1.0,1.0,216282.0,218843.0,198846.0,198917.0,2561.0,0.07,0.0,,True
low,907285010,CollgCr,18000.0,10872.93,10873.0,7127.07,15587.52,15588.0,143.0,7.0,7.0,361746.0,388206.0,346170.0,343697.0,26460.0,0.04,0.0,,True
mid,907285010,CollgCr,50000.0,29411.12,29411.0,20588.88,21390.64,21391.0,73.0,12.0,14.0,361746.0,412547.0,346170.0,368264.0,50802.0,0.06,0.0,,True
high,907285010,CollgCr,120000.0,29411.119999999995,29411.0,90588.88,21390.64,21391.0,73.0,12.0,14.0,361746.0,412547.0,346170.0,368264.0,50802.0,0.07,0.0,,True
low,534202130,No aplicames,18000.0,10872.93,10873.0,7127.07,2108.67,2109.0,19.0,6.0,6.0,220255.0,233237.0,215396.0,213857.0,12982.0,0.04,0.0,,True
mid,534202130,No aplicames,50000.0,10872.93,10873.0,39127.07,2108.67,2109.0,19.0,6.0,6.0,220255.0,233237.0,215396.0,213857.0,12982.0,0.06,0.0,,True
high,534202130,No aplicames,120000.0,10872.929999999993,10873.0,109127.07,2108.67,2109.0,19.0,6.0,6.0,220255.0,233237.0,215396.0,213857.0,12982.0,0.06,0.0,,True
low,908250040,Edwards,18000.0,10872.93,10873.0,7127.07,-1254.07,-1254.0,-12.0,6.0,6.0,164409.0,174027.0,178199.0,170505.0,9619.0,0.04,0.0,,True
mid,908250040,Edwards,50000.0,10872.93,10873.0,39127.07,-1254.07,-1254.0,-12.0,6.0,6.0,164409.0,174027.0,178199.0,170505.0,9619.0,0.05,0.0,,True
high,908250040,Edwards,120000.0,10872.929999999993,10873.0,109127.07,-1254.07,-1254.0,-12.0,6.0,6.0,164409.0,174027.0,178199.0,170505.0,9619.0,0.07,0.0,,True
low,906380210,CollgCr,18000.0,6923.620000000001,6924.0,11076.38,-4663.74,-4664.0,-67.0,1.0,1.0,311588.0,313848.0,300176.0,298032.0,2260.0,0.04,0.0,,True
mid,906380210,CollgCr,50000.0,6923.620000000003,6924.0,43076.38,-4663.74,-4664.0,-67.0,1.0,1.0,311588.0,313848.0,300176.0,298032.0,2260.0,0.06,0.0,,True
high,906380210,CollgCr,120000.0,6923.619999999995,6924.0,113076.38,-4663.74,-4664.0,-67.0,1.0,1.0,311588.0,313848.0,300176.0,298032.0,2260.0,0.06,0.0,,True
low,527108070,Gilbert,18000.0,11718.27,11718.0,6281.73,-1423.04,-1423.0,-12.0,2.0,2.0,562719.0,573014.0,417724.0,415601.0,10295.0,0.05,0.0,,True
mid,527108070,Gilbert,50000.0,30256.46,30256.0,19743.54,14120.35,14120.0,47.0,7.0,8.0,562719.0,607095.0,417724.0,445309.0,44377.0,0.07,0.0,,True
high,527108070,Gilbert,120000.0,30256.460000000006,30256.0,89743.54,14120.35,14120.0,47.0,7.0,8.0,562719.0,607095.0,417724.0,445309.0,44377.0,0.08,0.0,,True
low,903202170,BrkSide,18000.0,10872.93,10873.0,7127.07,413.76,414.0,4.0,5.0,6.0,195234.0,206521.0,209852.0,207556.0,11287.0,0.05,0.0,,True
mid,903202170,BrkSide,50000.0,10872.93,10873.0,39127.07,413.76,414.0,4.0,5.0,6.0,195234.0,206521.0,209852.0,207556.0,11287.0,0.08,0.0,,True
high,903202170,BrkSide,120000.0,10872.929999999993,10873.0,109127.07,413.76,414.0,4.0,5.0,6.0,195234.0,206521.0,209852.0,207556.0,11287.0,0.07,0.0,,True
low,528477080,Somerst,18000.0,6923.620000000001,6924.0,11076.38,-4124.35,-4124.0,-60.0,1.0,1.0,341384.0,344184.0,344311.0,341852.0,2799.0,0.04,0.0,,True
mid,528477080,Somerst,50000.0,25461.81,25462.0,24538.19,-1524.64,-1525.0,-6.0,7.0,7.0,341384.0,365322.0,344311.0,366287.0,23937.0,0.06,0.0,,True
high,528477080,Somerst,120000.0,25461.809999999998,25462.0,94538.19,-1524.64,-1525.0,-6.0,7.0,7.0,341384.0,365322.0,344311.0,366287.0,23937.0,0.07,0.0,,True
low,916460060,Timber,18000.0,6923.620000000001,6924.0,11076.38,-4015.11,-4015.0,-58.0,1.0,1.0,322822.0,325730.0,312773.0,310539.0,2909.0,0.05,0.0,,True
mid,916460060,Timber,50000.0,25461.81,25462.0,24538.19,-3498.84,-3499.0,-14.0,6.0,7.0,322822.0,344785.0,312773.0,332736.0,21963.0,0.06,0.0,,True
high,916460060,Timber,120000.0,25461.809999999998,25462.0,94538.19,-3498.84,-3499.0,-14.0,6.0,7.0,322822.0,344785.0,312773.0,332736.0,21963.0,0.07,0.0,,True
low,904300150,ClearCr,18000.0,13158.25,13158.0,4841.75,5460.09,5460.0,41.0,12.0,13.0,139744.0,158363.0,136002.0,133271.0,18618.0,0.05,0.0,,True
mid,904300150,ClearCr,50000.0,13158.25,13158.0,36841.75,5460.09,5460.0,41.0,12.0,13.0,139744.0,158363.0,136002.0,134704.0,18618.0,0.09,0.0,,True
high,904300150,ClearCr,120000.0,13158.25,13158.0,106841.75,5460.09,5460.0,41.0,12.0,13.0,139744.0,158363.0,136002.0,134704.0,18618.0,0.1,0.0,,True
low,907425010,CollgCr,18000.0,11755.619999999999,11756.0,6244.38,-4664.71,-4665.0,-40.0,3.0,3.0,218708.0,225799.0,214184.0,212654.0,7091.0,0.04,0.0,,True
mid,907425010,CollgCr,50000.0,11755.620000000003,11756.0,38244.38,-4664.71,-4665.0,-40.0,3.0,3.0,218708.0,225799.0,214184.0,212654.0,7091.0,0.05,0.0,,True
high,907425010,CollgCr,120000.0,11755.619999999995,11756.0,108244.38,-4664.71,-4665.0,-40.0,3.0,3.0,218708.0,225799.0,214184.0,212654.0,7091.0,0.06,0.0,,True
low,528280150,Gilbert,18000.0,10872.93,10873.0,7127.07,-1395.96,-1396.0,-13.0,4.0,4.0,257465.0,266942.0,258083.0,256240.0,9477.0,0.05,0.0,,True
mid,528280150,Gilbert,50000.0,10872.93,10873.0,39127.07,-1395.96,-1396.0,-13.0,4.0,4.0,257465.0,266942.0,258083.0,256240.0,9477.0,0.05,0.0,,True
high,528280150,Gilbert,120000.0,10872.929999999993,10873.0,109127.07,-1395.96,-1396.0,-13.0,4.0,4.0,257465.0,266942.0,258083.0,256240.0,9477.0,0.07,0.0,,True
low,923251160,Mitchel,18000.0,11223.1,11223.0,6776.9,10112.44,10112.0,90.0,12.0,14.0,150206.0,171541.0,154160.0,154160.0,21336.0,0.05,0.0,,True
mid,923251160,Mitchel,50000.0,11223.099999999999,11223.0,38776.9,10112.44,10112.0,90.0,12.0,14.0,150206.0,171541.0,154160.0,154160.0,21336.0,0.07,0.0,,True
high,923251160,Mitchel,120000.0,11223.100000000006,11223.0,108776.9,10112.44,10112.0,90.0,12.0,14.0,150206.0,171541.0,154160.0,154160.0,21336.0,0.07,0.0,,True
low,527327050,NWAmes,18000.0,10872.93,10873.0,7127.07,13541.21,13541.0,125.0,8.0,8.0,287547.0,311961.0,275910.0,275910.0,24414.0,0.05,0.0,,True
mid,527327050,NWAmes,50000.0,33016.93,33017.0,16983.07,17876.57,17877.0,54.0,15.0,18.0,287547.0,338441.0,275910.0,275910.0,50894.0,0.08,0.0,,True
high,527327050,NWAmes,120000.0,51555.119999999995,51555.0,68444.88,19523.02,19523.0,38.0,20.0,25.0,287547.0,358625.0,275910.0,295632.0,71078.0,0.08,0.0,,True
low,532376090,Sawyer,18000.0,10872.93,10873.0,7127.07,2384.62,2385.0,22.0,6.0,6.0,211243.0,224501.0,217655.0,217732.0,13258.0,0.06,0.0,,True
mid,532376090,Sawyer,50000.0,10872.93,10873.0,39127.07,2384.62,2385.0,22.0,6.0,6.0,211243.0,224501.0,217655.0,217732.0,13258.0,0.13,0.0,,True
high,532376090,Sawyer,120000.0,6923.619999999995,6924.0,113076.38,-5826.41,-5826.0,-84.0,1.0,1.0,211243.0,212341.0,217655.0,217732.0,1097.0,0.12,0.0,,True
low,528488110,Somerst,18000.0,6923.620000000001,6924.0,11076.38,-3537.53,-3538.0,-51.0,1.0,1.0,288751.0,292137.0,282570.0,280552.0,3386.0,0.04,0.0,,True
mid,528488110,Somerst,50000.0,6923.620000000003,6924.0,43076.38,-3537.53,-3538.0,-51.0,1.0,1.0,288751.0,292137.0,282570.0,280552.0,3386.0,0.09,0.0,,True
high,528488110,Somerst,120000.0,6923.619999999995,6924.0,113076.38,-3537.53,-3538.0,-51.0,1.0,1.0,288751.0,292137.0,282570.0,280552.0,3386.0,0.06,0.0,,True
low,905102010,Sawyer,18000.0,7423.620000000001,7424.0,10576.38,1311.26,1311.0,18.0,4.0,4.0,232566.0,241300.0,233024.0,233612.0,8735.0,0.05,0.0,,True
mid,905102010,Sawyer,50000.0,7423.620000000003,7424.0,42576.38,1311.26,1311.0,18.0,4.0,4.0,232566.0,241300.0,233024.0,233612.0,8735.0,0.06,0.0,,True
high,905102010,Sawyer,120000.0,7423.619999999995,7424.0,112576.38,1311.26,1311.0,18.0,4.0,4.0,232566.0,241300.0,233024.0,233612.0,8735.0,0.06,0.0,,True
low,909254130,Crawfor,18000.0,13878.529999999999,13879.0,4121.47,4888.27,4888.0,35.0,7.0,7.0,263488.0,282255.0,271518.0,265972.0,18767.0,0.04,0.0,,True
mid,909254130,Crawfor,50000.0,13878.529999999999,13879.0,36121.47,5000.51,5001.0,36.0,7.0,7.0,263488.0,282367.0,271518.0,265972.0,18879.0,0.08,0.0,,True
high,909254130,Crawfor,120000.0,41878.53,41879.0,78121.47,-6346.35,-6346.0,-15.0,12.0,13.0,263488.0,299020.0,271518.0,261666.0,35532.0,0.09,0.0,,True
low,902128160,OldTown,18000.0,10872.93,10873.0,7127.07,3838.16,3838.0,35.0,7.0,8.0,185174.0,199885.0,180084.0,178797.0,14711.0,0.04,0.0,,True
mid,902128160,OldTown,50000.0,6923.620000000003,6924.0,43076.38,-4293.08,-4293.0,-62.0,1.0,1.0,185174.0,187805.0,180084.0,178797.0,2631.0,0.07,0.0,,True
high,902128160,OldTown,120000.0,10872.929999999993,10873.0,109127.07,3838.16,3838.0,35.0,7.0,8.0,185174.0,199885.0,180084.0,178797.0,14711.0,0.08,0.0,,True
low,909282030,Crawfor,18000.0,10872.93,10873.0,7127.07,57431.84,57432.0,528.0,11.0,12.0,572933.0,641238.0,629367.0,615367.0,68305.0,0.03,0.0,,True
mid,909282030,Crawfor,50000.0,29411.12,29411.0,20588.88,79622.79,79623.0,271.0,16.0,19.0,572933.0,681967.0,629367.0,659353.0,109034.0,0.05,0.0,,True
high,909282030,Crawfor,120000.0,29411.119999999995,29411.0,90588.88,79622.79,79623.0,271.0,16.0,19.0,572933.0,681967.0,629367.0,659353.0,109034.0,0.05,0.0,,True
low,528218030,Gilbert,18000.0,6923.620000000001,6924.0,11076.38,-3588.32,-3588.0,-52.0,1.0,1.0,277449.0,280784.0,267666.0,265753.0,3335.0,0.04,0.0,,True
mid,528218030,Gilbert,50000.0,6923.620000000003,6924.0,43076.38,-3588.32,-3588.0,-52.0,1.0,1.0,277449.0,280784.0,267666.0,265753.0,3335.0,0.08,0.0,,True
high,528218030,Gilbert,120000.0,6923.619999999995,6924.0,113076.38,-3588.32,-3588.0,-52.0,1.0,1.0,277449.0,280784.0,267666.0,265753.0,3335.0,0.1,0.0,,True
low,902306130,OldTown,18000.0,10872.93,10873.0,7127.07,636.43,636.0,6.0,5.0,5.0,235554.0,247064.0,248973.0,243887.0,11509.0,0.05,0.0,,True
mid,902306130,OldTown,50000.0,10872.93,10873.0,39127.07,636.43,636.0,6.0,5.0,5.0,235554.0,247064.0,248973.0,243887.0,11509.0,0.1,0.0,,True
high,902306130,OldTown,120000.0,10872.929999999993,10873.0,109127.07,636.43,636.0,6.0,5.0,5.0,235554.0,247064.0,248973.0,243887.0,11509.0,0.07,0.0,,True
low,916477010,Timber,18000.0,11026.51,11027.0,6973.49,-1543.16,-1543.0,-14.0,2.0,2.0,553804.0,563287.0,466505.0,463996.0,9483.0,0.05,0.0,,True
mid,916477010,Timber,50000.0,42476.83,42477.0,7523.17,21795.87,21796.0,51.0,10.0,12.0,553804.0,618076.0,466505.0,476138.0,64273.0,0.06,0.0,,True
high,916477010,Timber,120000.0,73111.01999999999,73111.0,46888.98,36050.19,36050.0,49.0,16.0,20.0,553804.0,662965.0,466505.0,510172.0,109161.0,0.06,0.0,,True
low,909253190,SWISU,18000.0,10872.93,10873.0,7127.07,9173.69,9174.0,84.0,12.0,14.0,142448.0,162495.0,128602.0,127374.0,20047.0,0.06,0.0,,True
mid,909253190,SWISU,50000.0,10872.93,10873.0,39127.07,9173.69,9174.0,84.0,12.0,14.0,142448.0,162495.0,128602.0,127374.0,20047.0,0.06,0.0,,True
high,909253190,SWISU,120000.0,10872.929999999993,10873.0,109127.07,9173.69,9174.0,84.0,12.0,14.0,142448.0,162495.0,128602.0,127374.0,20047.0,0.11,0.0,,True
low,905351150,ClearCr,18000.0,10872.93,10873.0,7127.07,11976.04,11976.0,110.0,7.0,7.0,319143.0,341992.0,282248.0,279553.0,22849.0,0.04,0.0,,True
mid,905351150,ClearCr,50000.0,39544.93,39545.0,10455.07,12630.99,12631.0,32.0,14.0,16.0,319143.0,371319.0,282248.0,268630.0,52176.0,0.07,0.0,,True
high,905351150,ClearCr,120000.0,39544.92999999999,39545.0,80455.07,12630.99,12631.0,32.0,14.0,16.0,319143.0,371319.0,282248.0,268630.0,52176.0,0.08,0.0,,True
low,527165230,Gilbert,18000.0,10872.93,10873.0,7127.07,-715.44,-715.0,-7.0,4.0,4.0,254956.0,265114.0,276667.0,276765.0,10157.0,0.04,0.0,,True
mid,527165230,Gilbert,50000.0,10872.93,10873.0,39127.07,-715.44,-715.0,-7.0,4.0,4.0,254956.0,265114.0,276667.0,276765.0,10157.0,0.05,0.0,,True
high,527165230,Gilbert,120000.0,10872.929999999993,10873.0,109127.07,-715.44,-715.0,-7.0,4.0,4.0,254956.0,265114.0,276667.0,276765.0,10157.0,0.06,0.0,,True
low,527254020,StoneBr,18000.0,14608.93,14609.0,3391.07,-3127.56,-3128.0,-21.0,2.0,2.0,493935.0,505417.0,514829.0,511151.0,11481.0,0.04,0.0,,True
mid,527254020,StoneBr,50000.0,33147.119999999995,33147.0,16852.88,10319.27,10319.0,31.0,8.0,9.0,493935.0,537402.0,514829.0,547688.0,43466.0,0.05,0.0,,True
high,527254020,StoneBr,120000.0,33147.119999999995,33147.0,86852.88,10319.27,10319.0,31.0,8.0,9.0,493935.0,537402.0,514829.0,547688.0,43466.0,0.09,0.0,,True
low,905451320,Edwards,18000.0,10872.93,10873.0,7127.07,-3917.8,-3918.0,-36.0,3.0,3.0,200210.0,207165.0,193504.0,191656.0,6955.0,0.04,0.0,,True
mid,905451320,Edwards,50000.0,10872.93,10873.0,39127.07,-3917.8,-3918.0,-36.0,3.0,3.0,200210.0,207165.0,193504.0,191656.0,6955.0,0.06,0.0,,True
high,905451320,Edwards,120000.0,6923.619999999995,6924.0,113076.38,-5315.63,-5316.0,-77.0,1.0,1.0,200210.0,201818.0,193504.0,191656.0,1608.0,0.05,0.0,,True
low,916455110,Timber,18000.0,6923.620000000001,6924.0,11076.38,-4307.26,-4307.0,-62.0,1.0,1.0,289796.0,292412.0,270689.0,268755.0,2616.0,0.04,0.0,,True
mid,916455110,Timber,50000.0,6923.620000000003,6924.0,43076.38,-4307.26,-4307.0,-62.0,1.0,1.0,289796.0,292412.0,270689.0,268755.0,2616.0,0.05,0.0,,True
high,916455110,Timber,120000.0,6923.619999999995,6924.0,113076.38,-4307.26,-4307.0,-62.0,1.0,1.0,289796.0,292412.0,270689.0,268755.0,2616.0,0.06,0.0,,True
low,906201200,SawyerW,18000.0,8775.83,8776.0,9224.17,-1836.38,-1836.0,-21.0,2.0,2.0,437004.0,443944.0,416008.0,416440.0,6939.0,0.04,0.0,,True
mid,906201200,SawyerW,50000.0,27314.02,27314.0,22685.98,5721.11,5721.0,21.0,7.0,8.0,437004.0,470039.0,416008.0,446208.0,33035.0,0.07,0.0,,True
high,906201200,SawyerW,120000.0,27314.020000000004,27314.0,92685.98,5721.11,5721.0,21.0,7.0,8.0,437004.0,470039.0,416008.0,446208.0,33035.0,0.06,0.0,,True
low,902301130,OldTown,18000.0,10872.93,10873.0,7127.07,2957.43,2957.0,27.0,7.0,8.0,172789.0,186620.0,164916.0,161547.0,13830.0,0.05,0.0,,True
mid,902301130,OldTown,50000.0,10872.93,10873.0,39127.07,2957.43,2957.0,27.0,7.0,8.0,172789.0,186620.0,164916.0,161547.0,13830.0,0.09,0.0,,True
high,902301130,OldTown,120000.0,10872.929999999993,10873.0,109127.07,2957.43,2957.0,27.0,7.0,8.0,172789.0,186620.0,164916.0,161547.0,13830.0,0.1,0.0,,True
low,921126030,Timber,18000.0,6923.620000000001,6924.0,11076.38,-3021.02,-3021.0,-44.0,1.0,1.0,406348.0,410251.0,394067.0,391252.0,3903.0,0.03,0.0,,True
mid,921126030,Timber,50000.0,25461.81,25462.0,24538.19,2863.59,2864.0,11.0,7.0,7.0,406348.0,434674.0,394067.0,419219.0,28325.0,0.07,0.0,,True
high,921126030,Timber,120000.0,53461.81,53462.0,66538.19,4453.69,4454.0,8.0,12.0,14.0,406348.0,464264.0,394067.0,429807.0,57915.0,0.07,0.0,,True
low,906394020,CollgCr,18000.0,6923.620000000001,6924.0,11076.38,-3864.31,-3864.0,-56.0,1.0,1.0,318162.0,321221.0,300193.0,298049.0,3059.0,0.04,0.0,,True
mid,906394020,CollgCr,50000.0,6923.620000000003,6924.0,43076.38,-3864.31,-3864.0,-56.0,1.0,1.0,318162.0,321221.0,300193.0,298049.0,3059.0,0.07,0.0,,True
high,906394020,CollgCr,120000.0,6923.619999999995,6924.0,113076.38,-3864.31,-3864.0,-56.0,1.0,1.0,318162.0,321221.0,300193.0,298049.0,3059.0,0.07,0.0,,True
low,905427030,Edwards,18000.0,10872.93,10873.0,7127.07,15529.17,15529.0,143.0,4.0,5.0,579434.0,605836.0,590879.0,551461.0,26402.0,0.04,0.0,,True
mid,905427030,Edwards,50000.0,37114.86,37115.0,12885.14,34684.04,34684.0,93.0,11.0,12.0,579434.0,651233.0,590879.0,590879.0,71799.0,0.05,0.0,,True
high,905427030,Edwards,120000.0,37114.86,37115.0,82885.14,34684.04,34684.0,93.0,11.0,12.0,579434.0,651233.0,590879.0,590879.0,71799.0,0.08,0.0,,True
low,906226060,SawyerW,18000.0,6923.620000000001,6924.0,11076.38,-6422.85,-6423.0,-93.0,0.0,0.0,227364.0,227864.0,199051.0,199121.0,501.0,0.13,0.0,,True
mid,906226060,SawyerW,50000.0,6923.620000000003,6924.0,43076.38,-6422.85,-6423.0,-93.0,0.0,0.0,227364.0,227864.0,199051.0,199121.0,501.0,0.05,0.0,,True
high,906226060,SawyerW,120000.0,6923.619999999995,6924.0,113076.38,-6422.85,-6423.0,-93.0,0.0,0.0,227364.0,227864.0,199051.0,199121.0,501.0,0.05,0.0,,True
low,534251280,NWAmes,18000.0,10872.93,10873.0,7127.07,-83.28,-83.0,-1.0,4.0,4.0,248455.0,259244.0,244904.0,244991.0,10790.0,0.04,0.0,,True
mid,534251280,NWAmes,50000.0,10872.93,10873.0,39127.07,-83.28,-83.0,-1.0,4.0,4.0,248455.0,259244.0,244904.0,244991.0,10790.0,0.08,0.0,,True
high,534251280,NWAmes,120000.0,10872.929999999993,10873.0,109127.07,-83.28,-83.0,-1.0,4.0,4.0,248455.0,259244.0,244904.0,244991.0,10790.0,0.05,0.0,,True
low,528250060,Gilbert,18000.0,6923.620000000001,6924.0,11076.38,-4299.87,-4300.0,-62.0,1.0,1.0,290941.0,293565.0,268791.0,266871.0,2624.0,0.04,0.0,,True
mid,528250060,Gilbert,50000.0,6923.620000000003,6924.0,43076.38,-4299.87,-4300.0,-62.0,1.0,1.0,290941.0,293565.0,268791.0,266871.0,2624.0,0.06,0.0,,True
high,528250060,Gilbert,120000.0,6923.619999999995,6924.0,113076.38,-4299.87,-4300.0,-62.0,1.0,1.0,290941.0,293565.0,268791.0,266871.0,2624.0,0.07,0.0,,True
low,534276040,No aplicames,18000.0,10872.93,10873.0,7127.07,269.66,270.0,2.0,6.0,6.0,185778.0,196921.0,189122.0,187316.0,11143.0,0.05,0.0,,True
mid,534276040,No aplicames,50000.0,10872.93,10873.0,39127.07,269.66,270.0,2.0,6.0,6.0,185778.0,196921.0,189122.0,187316.0,11143.0,0.06,0.0,,True
high,534276040,No aplicames,120000.0,10872.929999999993,10873.0,109127.07,269.66,270.0,2.0,6.0,6.0,185778.0,196921.0,189122.0,187316.0,11143.0,0.07,0.0,,True
low,533236060,Somerst,18000.0,6923.620000000001,6924.0,11076.38,-4501.64,-4502.0,-65.0,1.0,1.0,291176.0,293598.0,288034.0,282150.0,2422.0,0.04,0.0,,True
mid,533236060,Somerst,50000.0,18059.62,18060.0,31940.38,-2920.95,-2921.0,-16.0,5.0,5.0,291176.0,306315.0,288034.0,282150.0,15139.0,0.05,0.0,,True
high,533236060,Somerst,120000.0,18059.619999999995,18060.0,101940.38,-2920.95,-2921.0,-16.0,5.0,5.0,291176.0,306315.0,288034.0,282150.0,15139.0,0.06,0.0,,True
low,534426110,No aplicames,18000.0,10872.93,10873.0,7127.07,-2971.77,-2972.0,-27.0,4.0,4.0,208642.0,216544.0,196591.0,192575.0,7901.0,0.03,0.0,,True
mid,534426110,No aplicames,50000.0,10872.93,10873.0,39127.07,-2971.77,-2972.0,-27.0,4.0,4.0,208642.0,216544.0,196591.0,192575.0,7901.0,0.05,0.0,,True
high,534426110,No aplicames,120000.0,10872.929999999993,10873.0,109127.07,-2971.77,-2972.0,-27.0,4.0,4.0,208642.0,216544.0,196591.0,192575.0,7901.0,0.07,0.0,,True
low,535380010,OldTown,18000.0,10872.93,10873.0,7127.07,-1652.54,-1653.0,-15.0,3.0,4.0,258029.0,267250.0,237632.0,232778.0,9220.0,0.05,0.0,,True
mid,535380010,OldTown,50000.0,10872.93,10873.0,39127.07,-1652.54,-1653.0,-15.0,3.0,4.0,258029.0,267250.0,237632.0,232778.0,9220.0,0.06,0.0,,True
high,535380010,OldTown,120000.0,10872.929999999993,10873.0,109127.07,-1652.54,-1653.0,-15.0,3.0,4.0,258029.0,267250.0,237632.0,232778.0,9220.0,0.07,0.0,,True
low,528390210,NoRidge,18000.0,6923.620000000001,6924.0,11076.38,-2474.44,-2474.0,-36.0,1.0,1.0,346931.0,351380.0,346180.0,346303.0,4449.0,0.05,0.0,,True
mid,528390210,NoRidge,50000.0,37557.81,37558.0,12442.19,5204.53,5205.0,14.0,11.0,12.0,346931.0,389693.0,346180.0,371057.0,42762.0,0.05,0.0,,True
high,528390210,NoRidge,120000.0,37557.81,37558.0,82442.19,5204.53,5205.0,14.0,11.0,12.0,346931.0,389693.0,346180.0,371057.0,42762.0,0.07,0.0,,True
low,916125425,Timber,18000.0,10872.93,10873.0,7127.07,21170.53,21171.0,195.0,9.0,10.0,327953.0,359996.0,446346.0,446346.0,32043.0,0.04,0.0,,True
mid,916125425,Timber,50000.0,29411.12,29411.0,20588.88,24559.53,24560.0,84.0,14.0,16.0,327953.0,381924.0,446346.0,478251.0,53971.0,0.06,0.0,,True
high,916125425,Timber,120000.0,29411.119999999995,29411.0,90588.88,24559.53,24560.0,84.0,14.0,16.0,327953.0,381924.0,446346.0,478251.0,53971.0,0.06,0.0,,True
low,907200270,CollgCr,18000.0,10872.93,10873.0,7127.07,-1233.21,-1233.0,-11.0,4.0,5.0,209772.0,219412.0,198489.0,192944.0,9640.0,0.05,0.0,,True
mid,907200270,CollgCr,50000.0,10872.93,10873.0,39127.07,-1233.21,-1233.0,-11.0,4.0,5.0,209772.0,219412.0,198489.0,192944.0,9640.0,0.07,0.0,,True
high,907200270,CollgCr,120000.0,6923.619999999995,6924.0,113076.38,-5020.43,-5020.0,-73.0,1.0,1.0,209772.0,211675.0,198489.0,192944.0,1903.0,0.05,0.0,,True
low,905107320,Sawyer,18000.0,10872.93,10873.0,7127.07,-3000.1,-3000.0,-28.0,4.0,4.0,209540.0,217413.0,218344.0,218422.0,7873.0,0.05,0.0,,True
mid,905107320,Sawyer,50000.0,10872.93,10873.0,39127.07,-3000.1,-3000.0,-28.0,4.0,4.0,209540.0,217413.0,218344.0,218422.0,7873.0,0.06,0.0,,True
high,905107320,Sawyer,120000.0,10872.929999999993,10873.0,109127.07,-3000.1,-3000.0,-28.0,4.0,4.0,209540.0,217413.0,218344.0,218422.0,7873.0,0.06,0.0,,True
low,902408080,OldTown,18000.0,10872.93,10873.0,7127.07,16364.28,16364.0,151.0,9.0,10.0,280278.0,307515.0,292784.0,289988.0,27237.0,0.04,0.0,,True
mid,902408080,OldTown,50000.0,29411.12,29411.0,20588.88,14966.23,14966.0,51.0,14.0,16.0,280278.0,324655.0,292784.0,310716.0,44377.0,0.07,0.0,,True
high,902408080,OldTown,120000.0,29411.119999999995,29411.0,90588.88,14966.23,14966.0,51.0,14.0,16.0,280278.0,324655.0,292784.0,310716.0,44377.0,0.07,0.0,,True
low,535450190,No aplicames,18000.0,11372.93,11373.0,6627.07,6468.48,6468.0,57.0,9.0,10.0,183526.0,201368.0,176419.0,173190.0,17841.0,0.04,0.0,,True
mid,535450190,No aplicames,50000.0,11372.93,11373.0,38627.07,6468.48,6468.0,57.0,9.0,10.0,183526.0,201368.0,176419.0,173190.0,17841.0,0.07,0.0,,True
high,535450190,No aplicames,120000.0,11372.929999999993,11373.0,108627.07,6468.48,6468.0,57.0,9.0,10.0,183526.0,201368.0,176419.0,173190.0,17841.0,0.07,0.0,,True
low,903233220,BrkSide,18000.0,11379.76,11380.0,6620.24,948.16,948.0,8.0,6.0,6.0,193050.0,205378.0,179922.0,176246.0,12328.0,0.04,0.0,,True
mid,903233220,BrkSide,50000.0,11379.75,11380.0,38620.25,948.16,948.0,8.0,6.0,6.0,193050.0,205378.0,179922.0,176246.0,12328.0,0.07,0.0,,True
high,903233220,BrkSide,120000.0,11379.759999999995,11380.0,108620.24,948.16,948.0,8.0,6.0,6.0,193050.0,205378.0,179922.0,176246.0,12328.0,0.09,0.0,,True
low,905200490,,18000.0,,,,,,,,,,,,,,,,,False
mid,905200490,,50000.0,,,,,,,,,,,,,,,,,False
high,905200490,Sawyer,120000.0,64352.93,64353.0,55647.07,-45940.75,-45941.0,-71.0,8.0,9.0,204768.0,223180.0,228593.0,233983.0,18412.0,0.05,0.0,,True
low,908102130,Edwards,18000.0,10872.93,10873.0,7127.07,11329.81,11330.0,104.0,11.0,13.0,173118.0,195321.0,163629.0,145448.0,22203.0,0.04,0.0,,True
mid,908102130,Edwards,50000.0,10872.93,10873.0,39127.07,11329.81,11330.0,104.0,11.0,13.0,173118.0,195321.0,163629.0,145448.0,22203.0,0.06,0.0,,True
high,908102130,Edwards,120000.0,10872.929999999993,10873.0,109127.07,11329.81,11330.0,104.0,11.0,13.0,173118.0,195321.0,163629.0,145448.0,22203.0,0.07,0.0,,True
low,903456110,IDOTRR,18000.0,10872.93,10873.0,7127.07,13558.4,13558.0,125.0,7.0,7.0,338920.0,363352.0,306514.0,304324.0,24431.0,0.04,0.0,,True
mid,903456110,IDOTRR,50000.0,10872.93,10873.0,39127.07,13558.4,13558.0,125.0,7.0,7.0,338920.0,363352.0,306514.0,304324.0,24431.0,0.06,0.0,,True
high,903456110,IDOTRR,120000.0,10872.929999999993,10873.0,109127.07,13558.4,13558.0,125.0,7.0,7.0,338920.0,363352.0,306514.0,304324.0,24431.0,0.07,0.0,,True
low,534475170,No aplicames,18000.0,10872.93,10873.0,7127.07,9576.08,9576.0,88.0,7.0,8.0,266320.0,286769.0,254609.0,252790.0,20449.0,0.06,0.0,,True
mid,534475170,No aplicames,50000.0,10872.93,10873.0,39127.07,9576.08,9576.0,88.0,7.0,8.0,266320.0,286769.0,254609.0,252790.0,20449.0,0.07,0.0,,True
high,534475170,No aplicames,120000.0,10872.929999999993,10873.0,109127.07,9576.08,9576.0,88.0,7.0,8.0,266320.0,286769.0,254609.0,252790.0,20449.0,0.08,0.0,,True
low,905476160,Edwards,18000.0,10872.93,10873.0,7127.07,214.36,214.0,2.0,5.0,6.0,201566.0,212653.0,175966.0,168369.0,11087.0,0.05,0.0,,True
mid,905476160,Edwards,50000.0,10872.93,10873.0,39127.07,214.36,214.0,2.0,5.0,6.0,201566.0,212653.0,175966.0,168369.0,11087.0,0.08,0.0,,True
high,905476160,Edwards,120000.0,10872.929999999993,10873.0,109127.07,214.36,214.0,2.0,5.0,6.0,201566.0,212653.0,175966.0,168369.0,11087.0,0.09,0.0,,True
low,528488100,Somerst,18000.0,6923.620000000001,6924.0,11076.38,-3893.46,-3893.0,-56.0,1.0,1.0,279359.0,282389.0,293557.0,291459.0,3030.0,0.05,0.0,,True
mid,528488100,Somerst,50000.0,6923.620000000003,6924.0,43076.38,-3893.46,-3893.0,-56.0,1.0,1.0,279359.0,282389.0,293557.0,291459.0,3030.0,0.06,0.0,,True
high,528488100,Somerst,120000.0,6923.619999999995,6924.0,113076.38,-3893.46,-3893.0,-56.0,1.0,1.0,279359.0,282389.0,293557.0,291459.0,3030.0,0.06,0.0,,True
low,909426090,Crawfor,18000.0,12805.1,12805.0,5194.9,2231.09,2231.0,17.0,6.0,6.0,240206.0,255243.0,255070.0,260453.0,15036.0,0.05,0.0,,True
mid,909426090,Crawfor,50000.0,12805.099999999999,12805.0,37194.9,2231.09,2231.0,17.0,6.0,6.0,240206.0,255243.0,255070.0,260453.0,15036.0,0.07,0.0,,True
high,909426090,Crawfor,120000.0,12805.100000000006,12805.0,107194.9,2231.09,2231.0,17.0,6.0,6.0,240206.0,255243.0,255070.0,260453.0,15036.0,0.07,0.0,,True
low,533212120,,18000.0,,,,,,,,,,,,,,,,,False
mid,533212120,Somerst,50000.0,32403.62,32404.0,17596.38,-26360.26,-26360.0,-81.0,2.0,3.0,237393.0,243437.0,225567.0,222185.0,6043.0,0.05,0.0,,True
high,533212120,Somerst,120000.0,32403.619999999995,32404.0,87596.38,-26360.26,-26360.0,-81.0,2.0,3.0,237393.0,243437.0,225567.0,222185.0,6043.0,0.05,0.0,,True
low,902206020,OldTown,18000.0,10872.93,10873.0,7127.07,1053.79,1054.0,10.0,10.0,11.0,111868.0,123795.0,96893.0,102905.0,11927.0,0.05,0.0,,True
mid,902206020,OldTown,50000.0,10872.93,10873.0,39127.07,1053.79,1054.0,10.0,10.0,11.0,111868.0,123795.0,96893.0,102905.0,11927.0,0.06,0.0,,True
high,902206020,OldTown,120000.0,10872.929999999993,10873.0,109127.07,1053.79,1054.0,10.0,10.0,11.0,111868.0,123795.0,96893.0,102905.0,11927.0,0.06,0.0,,True
low,534403370,No aplicames,18000.0,10872.93,10873.0,7127.07,461.83,462.0,4.0,4.0,5.0,251120.0,262454.0,254783.0,249578.0,11335.0,0.04,0.0,,True
mid,534403370,No aplicames,50000.0,10872.93,10873.0,39127.07,461.83,462.0,4.0,4.0,5.0,251120.0,262454.0,254783.0,249578.0,11335.0,0.06,0.0,,True
high,534403370,No aplicames,120000.0,10872.929999999993,10873.0,109127.07,461.83,462.0,4.0,4.0,5.0,251120.0,262454.0,254783.0,249578.0,11335.0,0.08,0.0,,True
low,532354070,Sawyer,18000.0,10872.93,10873.0,7127.07,-1206.15,-1206.0,-11.0,4.0,5.0,214776.0,224443.0,202446.0,202518.0,9667.0,0.05,0.0,,True
mid,532354070,Sawyer,50000.0,10872.93,10873.0,39127.07,-1206.15,-1206.0,-11.0,4.0,5.0,214776.0,224443.0,202446.0,202518.0,9667.0,0.06,0.0,,True
high,532354070,Sawyer,120000.0,10872.929999999993,10873.0,109127.07,-1206.15,-1206.0,-11.0,4.0,5.0,214776.0,224443.0,202446.0,202518.0,9667.0,0.05,0.0,,True
low,903454080,IDOTRR,18000.0,10872.93,10873.0,7127.07,-1366.09,-1366.0,-13.0,4.0,5.0,201784.0,211291.0,193138.0,189193.0,9507.0,0.05,0.0,,True
mid,903454080,IDOTRR,50000.0,6923.620000000003,6924.0,43076.38,-5861.45,-5861.0,-85.0,1.0,1.0,201784.0,202846.0,193138.0,189193.0,1062.0,0.07,0.0,,True
high,903454080,IDOTRR,120000.0,6923.619999999995,6924.0,113076.38,-5861.45,-5861.0,-85.0,1.0,1.0,201784.0,202846.0,193138.0,189193.0,1062.0,0.07,0.0,,True
low,909428180,Crawfor,18000.0,15198.68,15199.0,2801.32,20640.42,20640.0,136.0,11.0,13.0,285895.0,321734.0,296360.0,296815.0,35839.0,0.04,0.0,,True
mid,909428180,Crawfor,50000.0,33736.87,33737.0,16263.13,22555.91,22556.0,67.0,16.0,20.0,285895.0,342188.0,296360.0,318032.0,56293.0,0.05,0.0,,True
high,909428180,Crawfor,120000.0,33736.869999999995,33737.0,86263.13,22555.91,22556.0,67.0,16.0,20.0,285895.0,342188.0,296360.0,318032.0,56293.0,0.06,0.0,,True
low,527427210,No aplicames,18000.0,8729.76,8730.0,9270.24,-3957.12,-3957.0,-45.0,2.0,2.0,310270.0,315042.0,282977.0,277477.0,4773.0,0.04,0.0,,True
mid,527427210,No aplicames,50000.0,8729.760000000002,8730.0,41270.24,-3957.12,-3957.0,-45.0,2.0,2.0,310270.0,315042.0,282977.0,277477.0,4773.0,0.06,0.0,,True
high,527427210,No aplicames,120000.0,8729.759999999995,8730.0,111270.24,-3957.12,-3957.0,-45.0,2.0,2.0,310270.0,315042.0,282977.0,277477.0,4773.0,0.06,0.0,,True
low,528275080,Gilbert,18000.0,10872.93,10873.0,7127.07,3738.55,3739.0,34.0,5.0,5.0,302348.0,316960.0,291226.0,289146.0,14611.0,0.05,0.0,,True
mid,528275080,Gilbert,50000.0,37411.12,37411.0,12588.88,8533.3,8533.0,23.0,13.0,15.0,302348.0,348293.0,291226.0,309814.0,45944.0,0.05,0.0,,True
high,528275080,Gilbert,120000.0,6923.619999999995,6924.0,113076.38,-6048.94,-6049.0,-87.0,0.0,0.0,302348.0,303223.0,291226.0,289146.0,875.0,0.05,0.0,,True
low,531375040,SawyerW,18000.0,6923.620000000001,6924.0,11076.38,-4786.42,-4786.0,-69.0,1.0,1.0,258189.0,260326.0,234606.0,232930.0,2137.0,0.04,0.0,,True
mid,531375040,SawyerW,50000.0,6923.620000000003,6924.0,43076.38,-4786.42,-4786.0,-69.0,1.0,1.0,258189.0,260326.0,234606.0,232930.0,2137.0,0.07,0.0,,True
high,531375040,SawyerW,120000.0,6923.619999999995,6924.0,113076.38,-4786.42,-4786.0,-69.0,1.0,1.0,258189.0,260326.0,234606.0,232930.0,2137.0,0.06,0.0,,True
low,923202025,Mitchel,18000.0,10872.93,10873.0,7127.07,13788.29,13788.0,127.0,7.0,8.0,326152.0,350813.0,290057.0,284132.0,24661.0,0.04,0.0,,True
mid,923202025,Mitchel,50000.0,10872.93,10873.0,39127.07,13788.29,13788.0,127.0,7.0,8.0,326152.0,350813.0,290057.0,284132.0,24661.0,0.05,0.0,,True
high,923202025,Mitchel,120000.0,10872.929999999993,10873.0,109127.07,13788.29,13788.0,127.0,7.0,8.0,326152.0,350813.0,290057.0,284132.0,24661.0,0.06,0.0,,True
low,902427140,OldTown,18000.0,10872.93,10873.0,7127.07,-1023.73,-1024.0,-9.0,6.0,6.0,156760.0,166610.0,137562.0,134752.0,9849.0,0.04,0.0,,True
mid,902427140,OldTown,50000.0,10872.93,10873.0,39127.07,-1023.73,-1024.0,-9.0,6.0,6.0,156760.0,166610.0,137562.0,134752.0,9849.0,0.06,0.0,,True
high,902427140,OldTown,120000.0,10872.929999999993,10873.0,109127.07,-1023.73,-1024.0,-9.0,6.0,6.0,156760.0,166610.0,137562.0,134752.0,9849.0,0.07,0.0,,True
low,531385070,SawyerW,18000.0,10872.93,10873.0,7127.07,6831.71,6832.0,63.0,6.0,7.0,265525.0,283230.0,270076.0,268147.0,17705.0,0.05,0.0,,True
mid,531385070,SawyerW,50000.0,10872.93,10873.0,39127.07,6831.71,6832.0,63.0,6.0,7.0,265525.0,283230.0,270076.0,268147.0,17705.0,0.06,0.0,,True
high,531385070,SawyerW,120000.0,10872.929999999993,10873.0,109127.07,6831.71,6832.0,63.0,6.0,7.0,265525.0,283230.0,270076.0,268147.0,17705.0,0.09,0.0,,True
low,908102170,Edwards,18000.0,10872.93,10873.0,7127.07,-2778.08,-2778.0,-26.0,4.0,4.0,216111.0,224206.0,210108.0,205817.0,8095.0,0.05,0.0,,True
mid,908102170,Edwards,50000.0,10872.93,10873.0,39127.07,-2778.08,-2778.0,-26.0,4.0,4.0,216111.0,224206.0,210108.0,205817.0,8095.0,0.07,0.0,,True
high,908102170,Edwards,120000.0,10872.929999999993,10873.0,109127.07,-2778.08,-2778.0,-26.0,4.0,4.0,216111.0,224206.0,210108.0,205817.0,8095.0,0.06,0.0,,True
low,909425085,Crawfor,18000.0,10872.93,10873.0,7127.07,11876.19,11876.0,109.0,6.0,6.0,371374.0,394123.0,434945.0,431838.0,22749.0,0.04,0.0,,True
mid,909425085,Crawfor,50000.0,29411.12,29411.0,20588.88,16046.72,16047.0,55.0,11.0,12.0,371374.0,416831.0,434945.0,462706.0,45458.0,0.05,0.0,,True
high,909425085,Crawfor,120000.0,29411.119999999995,29411.0,90588.88,16046.72,16047.0,55.0,11.0,12.0,371374.0,416831.0,434945.0,462706.0,45458.0,0.06,0.0,,True
low,535353240,No aplicames,18000.0,6923.620000000001,6924.0,11076.38,-2456.12,-2456.0,-35.0,2.0,2.0,256383.0,260850.0,248581.0,245860.0,4467.0,0.04,0.0,,True
mid,535353240,No aplicames,50000.0,6923.620000000003,6924.0,43076.38,-2456.12,-2456.0,-35.0,2.0,2.0,256383.0,260850.0,248581.0,245860.0,4467.0,0.05,0.0,,True
high,535353240,No aplicames,120000.0,6923.619999999995,6924.0,113076.38,-2456.12,-2456.0,-35.0,2.0,2.0,256383.0,260850.0,248581.0,245860.0,4467.0,0.05,0.0,,True
low,531363050,SawyerW,18000.0,10872.93,10873.0,7127.07,-2721.57,-2722.0,-25.0,4.0,4.0,208145.0,216296.0,224897.0,218105.0,8151.0,0.04,0.0,,True
mid,531363050,SawyerW,50000.0,10872.93,10873.0,39127.07,-2721.57,-2722.0,-25.0,4.0,4.0,208145.0,216296.0,224897.0,218105.0,8151.0,0.07,0.0,,True
high,531363050,SawyerW,120000.0,10872.929999999993,10873.0,109127.07,-2721.57,-2722.0,-25.0,4.0,4.0,208145.0,216296.0,224897.0,218105.0,8151.0,0.1,0.0,,True
low,535325340,No aplicames,18000.0,10872.93,10873.0,7127.07,732.94,733.0,7.0,5.0,5.0,212464.0,224070.0,177478.0,175783.0,11606.0,0.05,0.0,,True
mid,535325340,No aplicames,50000.0,10872.93,10873.0,39127.07,732.94,733.0,7.0,5.0,5.0,212464.0,224070.0,177478.0,175783.0,11606.0,0.06,0.0,,True
high,535325340,No aplicames,120000.0,6923.619999999995,6924.0,113076.38,-3768.46,-3768.0,-54.0,1.0,1.0,212464.0,215619.0,177478.0,175783.0,3155.0,0.06,0.0,,True
low,527328050,NWAmes,18000.0,10872.93,10873.0,7127.07,-1725.86,-1726.0,-16.0,3.0,4.0,254428.0,263575.0,219723.0,219723.0,9147.0,0.06,0.0,,True
mid,527328050,NWAmes,50000.0,10872.93,10873.0,39127.07,-1725.86,-1726.0,-16.0,3.0,4.0,254428.0,263575.0,219723.0,219723.0,9147.0,0.08,0.0,,True
high,527328050,NWAmes,120000.0,10872.929999999993,10873.0,109127.07,-1725.86,-1726.0,-16.0,3.0,4.0,254428.0,263575.0,219723.0,219723.0,9147.0,0.06,0.0,,True
low,909254150,Crawfor,18000.0,10872.93,10873.0,7127.07,1774.86,1775.0,16.0,6.0,6.0,203776.0,216423.0,205078.0,203119.0,12648.0,0.05,0.0,,True
mid,909254150,Crawfor,50000.0,6923.620000000003,6924.0,43076.38,-4503.37,-4503.0,-65.0,1.0,1.0,203776.0,206196.0,205078.0,203119.0,2420.0,0.07,0.0,,True
high,909254150,Crawfor,120000.0,10872.929999999993,10873.0,109127.07,1774.86,1775.0,16.0,6.0,6.0,203776.0,216423.0,205078.0,203119.0,12648.0,0.09,0.0,,True
low,910200060,IDOTRR,18000.0,10872.93,10873.0,7127.07,1627.89,1628.0,15.0,6.0,6.0,212874.0,225375.0,204034.0,199866.0,12501.0,0.06,0.0,,True
mid,910200060,IDOTRR,50000.0,10872.93,10873.0,39127.07,1627.89,1628.0,15.0,6.0,6.0,212874.0,225375.0,204034.0,199866.0,12501.0,0.09,0.0,,True
high,910200060,IDOTRR,120000.0,10872.929999999993,10873.0,109127.07,1627.89,1628.0,15.0,6.0,6.0,212874.0,225375.0,204034.0,199866.0,12501.0,0.07,0.0,,True
low,903427040,OldTown,18000.0,10872.93,10873.0,7127.07,19181.83,19182.0,176.0,11.0,12.0,245728.0,275782.0,218923.0,214053.0,30055.0,0.04,0.0,,True
mid,903427040,OldTown,50000.0,10872.93,10873.0,39127.07,19181.83,19182.0,176.0,11.0,12.0,245728.0,275782.0,218923.0,214053.0,30055.0,0.07,0.0,,True
high,903427040,OldTown,120000.0,10872.929999999993,10873.0,109127.07,19181.83,19182.0,176.0,11.0,12.0,245728.0,275782.0,218923.0,214053.0,30055.0,0.07,0.0,,True
low,528108070,NridgHt,18000.0,12299.619999999999,12300.0,5700.38,7265.6,7266.0,59.0,4.0,4.0,513324.0,532890.0,465887.0,462559.0,19565.0,0.04,0.0,,True
mid,528108070,NridgHt,50000.0,30837.81,30838.0,19162.19,18710.21,18710.0,61.0,9.0,10.0,513324.0,562873.0,465887.0,495623.0,49548.0,0.05,0.0,,True
high,528108070,NridgHt,120000.0,30837.809999999998,30838.0,89162.19,18710.21,18710.0,61.0,9.0,10.0,513324.0,562873.0,465887.0,495623.0,49548.0,0.05,0.0,,True
low,533213040,Somerst,18000.0,10872.93,10873.0,7127.07,-826.95,-827.0,-8.0,4.0,4.0,235272.0,245318.0,229288.0,224605.0,10046.0,0.05,0.0,,True
mid,533213040,Somerst,50000.0,10872.93,10873.0,39127.07,-826.95,-827.0,-8.0,4.0,4.0,235272.0,245318.0,229288.0,224605.0,10046.0,0.06,0.0,,True
high,533213040,Somerst,120000.0,10872.929999999993,10873.0,109127.07,-826.95,-827.0,-8.0,4.0,4.0,235272.0,245318.0,229288.0,224605.0,10046.0,0.06,0.0,,True
low,528488130,Somerst,18000.0,6923.620000000001,6924.0,11076.38,-2445.87,-2446.0,-35.0,1.0,1.0,321997.0,326475.0,341002.0,338566.0,4478.0,0.04,0.0,,True
mid,528488130,Somerst,50000.0,6923.620000000003,6924.0,43076.38,-2445.87,-2446.0,-35.0,1.0,1.0,321997.0,326475.0,341002.0,338566.0,4478.0,0.07,0.0,,True
high,528488130,Somerst,120000.0,6923.619999999995,6924.0,113076.38,-2445.87,-2446.0,-35.0,1.0,1.0,321997.0,326475.0,341002.0,338566.0,4478.0,0.1,0.0,,True
low,916386010,Timber,18000.0,6923.620000000001,6924.0,11076.38,-4896.39,-4896.0,-71.0,1.0,1.0,319428.0,321456.0,326968.0,324633.0,2027.0,0.04,0.0,,True
mid,916386010,Timber,50000.0,25461.81,25462.0,24538.19,-4418.09,-4418.0,-17.0,6.0,7.0,319428.0,340472.0,326968.0,347837.0,21044.0,0.06,0.0,,True
high,916386010,Timber,120000.0,25461.809999999998,25462.0,94538.19,-4418.09,-4418.0,-17.0,6.0,7.0,319428.0,340472.0,326968.0,347837.0,21044.0,0.07,0.0,,True
low,902402250,OldTown,18000.0,10872.93,10873.0,7127.07,4981.41,4981.0,46.0,8.0,9.0,172841.0,188696.0,184140.0,182824.0,15854.0,0.04,0.0,,True
mid,902402250,OldTown,50000.0,6923.620000000003,6924.0,43076.38,-6305.79,-6306.0,-91.0,0.0,0.0,172841.0,173459.0,184140.0,182824.0,618.0,0.06,0.0,,True
high,902402250,OldTown,120000.0,6923.619999999995,6924.0,113076.38,-6305.79,-6306.0,-91.0,0.0,0.0,172841.0,173459.0,184140.0,182824.0,618.0,0.07,0.0,,True
low,905450020,Edwards,18000.0,10872.93,10873.0,7127.07,7827.18,7827.0,72.0,8.0,9.0,213276.0,231976.0,231536.0,229325.0,18700.0,0.04,0.0,,True
mid,905450020,Edwards,50000.0,10872.93,10873.0,39127.07,7827.18,7827.0,72.0,8.0,9.0,213276.0,231976.0,231536.0,229325.0,18700.0,0.06,0.0,,True
high,905450020,Edwards,120000.0,10872.929999999993,10873.0,109127.07,7827.18,7827.0,72.0,8.0,9.0,213276.0,231976.0,231536.0,229325.0,18700.0,0.15,0.0,,True
low,902207080,OldTown,18000.0,10872.93,10873.0,7127.07,-3745.02,-3745.0,-34.0,3.0,3.0,210759.0,217887.0,185181.0,183858.0,7128.0,0.06,0.0,,True
mid,902207080,OldTown,50000.0,10872.93,10873.0,39127.07,-3745.02,-3745.0,-34.0,3.0,3.0,210759.0,217887.0,185181.0,183858.0,7128.0,0.09,0.0,,True
high,902207080,OldTown,120000.0,6923.619999999995,6924.0,113076.38,-6213.76,-6214.0,-90.0,0.0,0.0,210759.0,211469.0,185181.0,188228.0,710.0,0.07,0.0,,True
low,533120030,NoRidge,18000.0,6923.620000000001,6924.0,11076.38,-3901.02,-3901.0,-56.0,1.0,1.0,486902.0,489925.0,477246.0,472688.0,3023.0,0.04,0.0,,True
mid,533120030,NoRidge,50000.0,25461.81,25462.0,24538.19,6000.71,6001.0,24.0,6.0,6.0,486902.0,518365.0,477246.0,506476.0,31463.0,0.05,0.0,,True
high,533120030,NoRidge,120000.0,25461.809999999998,25462.0,94538.19,6000.71,6001.0,24.0,6.0,6.0,486902.0,518365.0,477246.0,506476.0,31463.0,0.08,0.0,,True
low,535325450,No aplicames,18000.0,10872.93,10873.0,7127.07,3791.54,3792.0,35.0,7.0,7.0,209368.0,224033.0,187986.0,184146.0,14664.0,0.03,0.0,,True
mid,535325450,No aplicames,50000.0,10872.93,10873.0,39127.07,3791.54,3792.0,35.0,7.0,7.0,209368.0,224033.0,187986.0,184146.0,14664.0,0.06,0.0,,True
high,535325450,No aplicames,120000.0,10872.929999999993,10873.0,109127.07,3791.54,3792.0,35.0,7.0,7.0,209368.0,224033.0,187986.0,184146.0,14664.0,0.07,0.0,,True
low,903430130,OldTown,18000.0,10872.93,10873.0,7127.07,560.54,561.0,5.0,11.0,12.0,92782.0,104216.0,108380.0,104853.0,11433.0,0.05,0.0,,True
mid,903430130,OldTown,50000.0,10872.93,10873.0,39127.07,560.54,561.0,5.0,11.0,12.0,92782.0,104216.0,108380.0,104853.0,11433.0,0.11,0.0,,True
high,903430130,OldTown,120000.0,10872.929999999993,10873.0,109127.07,560.54,561.0,5.0,11.0,12.0,92782.0,104216.0,108380.0,104853.0,11433.0,0.11,0.0,,True
low,527164090,Gilbert,18000.0,10872.93,10873.0,7127.07,-1404.44,-1404.0,-13.0,4.0,4.0,236289.0,245757.0,241851.0,241937.0,9468.0,0.04,0.0,,True
mid,527164090,Gilbert,50000.0,6923.620000000003,6924.0,43076.38,-5335.29,-5335.0,-77.0,1.0,1.0,236289.0,237877.0,241851.0,241937.0,1588.0,0.06,0.0,,True
high,527164090,Gilbert,120000.0,10872.929999999993,10873.0,109127.07,-1404.44,-1404.0,-13.0,4.0,4.0,236289.0,245757.0,241851.0,241937.0,9468.0,0.07,0.0,,True
low,914465060,Mitchel,18000.0,6923.620000000001,6924.0,11076.38,-4192.77,-4193.0,-61.0,1.0,1.0,428683.0,431414.0,396170.0,385102.0,2731.0,0.04,0.0,,True
mid,914465060,Mitchel,50000.0,42261.81,42262.0,7738.19,11360.3,11360.0,27.0,11.0,13.0,428683.0,482306.0,396170.0,396507.0,53622.0,0.07,0.0,,True
high,914465060,Mitchel,120000.0,78159.07,78159.0,41840.93,15184.88,15185.0,19.0,18.0,22.0,428683.0,522027.0,396170.0,406521.0,93344.0,0.1,0.0,,True
low,527403310,No aplicames,18000.0,10872.93,10873.0,7127.07,-2082.54,-2083.0,-19.0,4.0,4.0,231368.0,240158.0,234151.0,229368.0,8790.0,0.05,0.0,,True
mid,527403310,No aplicames,50000.0,10872.93,10873.0,39127.07,-2082.54,-2083.0,-19.0,4.0,4.0,231368.0,240158.0,234151.0,229368.0,8790.0,0.06,0.0,,True
high,527403310,No aplicames,120000.0,10872.929999999993,10873.0,109127.07,-2082.54,-2083.0,-19.0,4.0,4.0,231368.0,240158.0,234151.0,229368.0,8790.0,0.06,0.0,,True
low,527425110,No aplicames,18000.0,10872.93,10873.0,7127.07,770.82,771.0,7.0,6.0,6.0,179645.0,191289.0,182255.0,180953.0,11644.0,0.05,0.0,,True
mid,527425110,No aplicames,50000.0,10872.93,10873.0,39127.07,770.82,771.0,7.0,6.0,6.0,179645.0,191289.0,182255.0,180953.0,11644.0,0.07,0.0,,True
high,527425110,No aplicames,120000.0,10872.929999999993,10873.0,109127.07,770.82,771.0,7.0,6.0,6.0,179645.0,191289.0,182255.0,180953.0,11644.0,0.07,0.0,,True
low,911103050,IDOTRR,18000.0,11249.369999999999,11249.0,6750.63,-715.05,-715.0,-6.0,11.0,13.0,81871.0,92405.0,93382.0,92234.0,10534.0,0.05,0.0,,True
mid,911103050,IDOTRR,50000.0,11249.370000000003,11249.0,38750.63,-715.05,-715.0,-6.0,11.0,13.0,81871.0,92405.0,93382.0,92234.0,10534.0,0.1,0.0,,True
high,911103050,IDOTRR,120000.0,11249.369999999995,11249.0,108750.63,-715.05,-715.0,-6.0,11.0,13.0,81871.0,92405.0,93382.0,92234.0,10534.0,0.13,0.0,,True
low,533206070,Somerst,18000.0,6923.620000000001,6924.0,11076.38,-2934.91,-2935.0,-42.0,1.0,1.0,341424.0,345413.0,357997.0,355440.0,3989.0,0.04,0.0,,True
mid,533206070,Somerst,50000.0,25461.81,25462.0,24538.19,-2879.65,-2880.0,-11.0,6.0,7.0,341424.0,364006.0,357997.0,380847.0,22582.0,0.05,0.0,,True
high,533206070,Somerst,120000.0,71893.81,71894.0,48106.19,-2679.38,-2679.0,-4.0,17.0,20.0,341424.0,410638.0,357997.0,380847.0,69214.0,0.08,0.0,,True
low,909131125,SWISU,18000.0,10872.93,10873.0,7127.07,7453.23,7453.0,69.0,8.0,8.0,222737.0,241063.0,218617.0,212015.0,18326.0,0.05,0.0,,True
mid,909131125,SWISU,50000.0,10872.93,10873.0,39127.07,7453.23,7453.0,69.0,8.0,8.0,222737.0,241063.0,218617.0,212015.0,18326.0,0.07,0.0,,True
high,909131125,SWISU,120000.0,10872.929999999993,10873.0,109127.07,7453.23,7453.0,69.0,8.0,8.0,222737.0,241063.0,218617.0,212015.0,18326.0,0.08,0.0,,True
low,902204120,OldTown,18000.0,10872.93,10873.0,7127.07,697.54,698.0,6.0,5.0,5.0,220049.0,231619.0,193817.0,189858.0,11570.0,0.04,0.0,,True
mid,902204120,OldTown,50000.0,10872.93,10873.0,39127.07,697.54,698.0,6.0,5.0,5.0,220049.0,231619.0,193817.0,189858.0,11570.0,0.08,0.0,,True
high,902204120,OldTown,120000.0,10872.929999999993,10873.0,109127.07,697.54,698.0,6.0,5.0,5.0,220049.0,231619.0,193817.0,189858.0,11570.0,0.11,0.0,,True
low,528112150,NridgHt,18000.0,7329.08,7329.0,10670.92,-4519.0,-4519.0,-62.0,1.0,1.0,370439.0,373249.0,387235.0,384468.0,2810.0,0.04,0.0,,True
mid,528112150,NridgHt,50000.0,25867.27,25867.0,24132.73,357.07,357.0,1.0,7.0,7.0,370439.0,396663.0,387235.0,411950.0,26224.0,0.07,0.0,,True
high,528112150,NridgHt,120000.0,70667.26999999999,70667.0,49332.73,1242.28,1242.0,2.0,16.0,19.0,370439.0,442349.0,387235.0,405853.0,71910.0,0.14,0.0,,True
low,902205020,OldTown,18000.0,10872.93,10873.0,7127.07,4776.37,4776.0,44.0,11.0,12.0,127599.0,143249.0,122451.0,119950.0,15649.0,0.05,0.0,,True
mid,902205020,OldTown,50000.0,10872.93,10873.0,39127.07,4776.37,4776.0,44.0,11.0,12.0,127599.0,143249.0,122451.0,119950.0,15649.0,0.06,0.0,,True
high,902205020,OldTown,120000.0,10872.929999999993,10873.0,109127.07,4776.37,4776.0,44.0,11.0,12.0,127599.0,143249.0,122451.0,119950.0,15649.0,0.06,0.0,,True
low,902427040,OldTown,18000.0,10872.93,10873.0,7127.07,3013.58,3014.0,28.0,7.0,8.0,172476.0,186362.0,154976.0,153496.0,13887.0,0.04,0.0,,True
mid,902427040,OldTown,50000.0,10872.93,10873.0,39127.07,3013.58,3014.0,28.0,7.0,8.0,172476.0,186362.0,154976.0,153496.0,13887.0,0.08,0.0,,True
high,902427040,OldTown,120000.0,6923.619999999995,6924.0,113076.38,-91.81,-92.0,-1.0,4.0,4.0,172476.0,179307.0,154976.0,153496.0,6832.0,0.09,0.0,,True
low,902109120,OldTown,18000.0,10872.93,10873.0,7127.07,2266.11,2266.0,21.0,7.0,7.0,180177.0,193316.0,198304.0,194253.0,13139.0,0.04,0.0,,True
mid,902109120,OldTown,50000.0,10872.93,10873.0,39127.07,2266.11,2266.0,21.0,7.0,7.0,180177.0,193316.0,198304.0,194253.0,13139.0,0.08,0.0,,True
high,902109120,OldTown,120000.0,10872.929999999993,10873.0,109127.07,2266.11,2266.0,21.0,7.0,7.0,180177.0,193316.0,198304.0,194253.0,13139.0,0.1,0.0,,True
low,903401070,BrkSide,18000.0,10872.93,10873.0,7127.07,-1314.0,-1314.0,-12.0,4.0,4.0,214601.0,224160.0,212025.0,210001.0,9559.0,0.04,0.0,,True
mid,903401070,BrkSide,50000.0,10872.93,10873.0,39127.07,-1314.0,-1314.0,-12.0,4.0,4.0,214601.0,224160.0,212025.0,210001.0,9559.0,0.07,0.0,,True
high,903401070,BrkSide,120000.0,10872.929999999993,10873.0,109127.07,-1314.0,-1314.0,-12.0,4.0,4.0,214601.0,224160.0,212025.0,210001.0,9559.0,0.12,0.0,,True
low,907192090,CollgCr,18000.0,6923.620000000001,6924.0,11076.38,-4362.63,-4363.0,-63.0,1.0,1.0,330858.0,333419.0,318810.0,316532.0,2561.0,0.04,0.0,,True
mid,907192090,CollgCr,50000.0,25461.81,25462.0,24538.19,-2155.24,-2155.0,-8.0,7.0,7.0,330858.0,354165.0,318810.0,339158.0,23307.0,0.06,0.0,,True
high,907192090,CollgCr,120000.0,25461.809999999998,25462.0,94538.19,-2155.24,-2155.0,-8.0,7.0,7.0,330858.0,354165.0,318810.0,339158.0,23307.0,0.06,0.0,,True
low,534430090,No aplicames,18000.0,10872.93,10873.0,7127.07,-7212.04,-7212.0,-66.0,2.0,2.0,200032.0,203693.0,188050.0,175505.0,3661.0,0.04,0.0,,True
mid,534430090,No aplicames,50000.0,10872.93,10873.0,39127.07,-7212.04,-7212.0,-66.0,2.0,2.0,200032.0,203693.0,188050.0,175505.0,3661.0,0.09,0.0,,True
high,534430090,No aplicames,120000.0,10872.929999999993,10873.0,109127.07,-7212.04,-7212.0,-66.0,2.0,2.0,200032.0,203693.0,188050.0,175505.0,3661.0,0.09,0.0,,True
low,528172075,NridgHt,18000.0,8680.18,8680.0,9319.82,-1681.59,-1682.0,-19.0,2.0,2.0,374568.0,381567.0,394311.0,391494.0,6999.0,0.04,0.0,,True
mid,528172075,NridgHt,50000.0,27218.37,27218.0,22781.63,3729.22,3729.0,14.0,8.0,8.0,374568.0,405516.0,394311.0,419478.0,30948.0,0.08,0.0,,True
high,528172075,NridgHt,120000.0,27218.369999999995,27218.0,92781.63,3729.22,3729.0,14.0,8.0,8.0,374568.0,405516.0,394311.0,419478.0,30948.0,0.09,0.0,,True
low,528431110,Somerst,18000.0,7375.15,7375.0,10624.85,175.41,175.0,2.0,2.0,2.0,422147.0,429697.0,423056.0,420034.0,7551.0,0.04,0.0,,True
mid,528431110,Somerst,50000.0,25913.35,25913.0,24086.65,6517.59,6518.0,25.0,7.0,8.0,422147.0,454578.0,423056.0,450058.0,32431.0,0.05,0.0,,True
high,528431110,Somerst,120000.0,83353.35,83353.0,36646.65,11790.04,11790.0,14.0,18.0,23.0,422147.0,517290.0,423056.0,450058.0,95143.0,0.13,0.0,,True
low,528477040,Somerst,18000.0,6923.620000000001,6924.0,11076.38,-3894.54,-3895.0,-56.0,1.0,1.0,314732.0,317761.0,310256.0,308039.0,3029.0,0.04,0.0,,True
mid,528477040,Somerst,50000.0,25461.81,25462.0,24538.19,-2943.13,-2943.0,-12.0,7.0,7.0,314732.0,337251.0,310256.0,330058.0,22519.0,0.05,0.0,,True
high,528477040,Somerst,120000.0,25461.809999999998,25462.0,94538.19,-2943.13,-2943.0,-12.0,7.0,7.0,314732.0,337251.0,310256.0,330058.0,22519.0,0.06,0.0,,True
low,905226130,Sawyer,18000.0,10872.93,10873.0,7127.07,1480.16,1480.0,14.0,5.0,5.0,241084.0,253437.0,216355.0,214809.0,12353.0,0.05,0.0,,True
mid,905226130,Sawyer,50000.0,10872.93,10873.0,39127.07,1480.16,1480.0,14.0,5.0,5.0,241084.0,253437.0,216355.0,214809.0,12353.0,0.08,0.0,,True
high,905226130,Sawyer,120000.0,10872.929999999993,10873.0,109127.07,1480.16,1480.0,14.0,5.0,5.0,241084.0,253437.0,216355.0,214809.0,12353.0,0.07,0.0,,True
low,526303060,,18000.0,,,,,,,,,,,,,,,,,False
mid,526303060,No aplicames,50000.0,38094.56,38095.0,11905.44,-5960.08,-5960.0,-16.0,9.0,10.0,336128.0,368262.0,270519.0,269422.0,32134.0,0.05,0.0,,True
high,526303060,No aplicames,120000.0,38094.56,38095.0,81905.44,-5960.08,-5960.0,-16.0,9.0,10.0,336128.0,368262.0,270519.0,269422.0,32134.0,0.05,0.0,,True
low,908227040,Edwards,18000.0,16590.14,16590.0,1409.86,365.68,366.0,2.0,12.0,13.0,125667.0,142623.0,141563.0,138488.0,16956.0,0.05,0.0,,True
mid,908227040,Edwards,50000.0,6923.620000000003,6924.0,43076.38,-5991.49,-5991.0,-87.0,1.0,1.0,125667.0,126599.0,141563.0,136955.0,932.0,0.06,0.0,,True
high,908227040,Edwards,120000.0,16590.14,16590.0,103409.86,365.68,366.0,2.0,12.0,13.0,125667.0,142623.0,141563.0,138488.0,16956.0,0.08,0.0,,True
low,535126040,,18000.0,,,,,,,,,,,,,,,,,False
mid,535126040,,50000.0,,,,,,,,,,,,,,,,,False
high,535126040,No aplicames,120000.0,50227.619999999995,50228.0,69772.38,-38847.24,-38847.0,-77.0,4.0,4.0,310878.0,322258.0,341858.0,320822.0,11380.0,0.06,0.0,,True
low,905109170,,18000.0,,,,,,,,,,,,,,,,,False
mid,905109170,ClearCr,50000.0,32403.62,32404.0,17596.38,-13718.41,-13718.0,-42.0,5.0,5.0,382890.0,401575.0,376524.0,374997.0,18685.0,0.05,0.0,,True
high,905109170,ClearCr,120000.0,50941.81,50942.0,69058.19,-9601.34,-9601.0,-19.0,10.0,11.0,382890.0,424230.0,376524.0,401802.0,41340.0,0.05,0.0,,True
low,528221050,Gilbert,18000.0,10872.93,10873.0,7127.07,3279.67,3280.0,30.0,5.0,5.0,281328.0,295480.0,271899.0,269956.0,14153.0,0.04,0.0,,True
mid,528221050,Gilbert,50000.0,10872.93,10873.0,39127.07,3621.97,3622.0,33.0,5.0,5.0,281328.0,295823.0,271899.0,269956.0,14495.0,0.06,0.0,,True
high,528221050,Gilbert,120000.0,10872.929999999993,10873.0,109127.07,3621.97,3622.0,33.0,5.0,5.0,281328.0,295823.0,271899.0,269956.0,14495.0,0.08,0.0,,True
low,531376090,SawyerW,18000.0,6923.620000000001,6924.0,11076.38,-4463.89,-4464.0,-64.0,1.0,1.0,309409.0,311869.0,317312.0,315045.0,2460.0,0.04,0.0,,True
mid,531376090,SawyerW,50000.0,6923.620000000003,6924.0,43076.38,-4463.89,-4464.0,-64.0,1.0,1.0,309409.0,311869.0,317312.0,315045.0,2460.0,0.06,0.0,,True
high,531376090,SawyerW,120000.0,6923.619999999995,6924.0,113076.38,-4463.89,-4464.0,-64.0,1.0,1.0,309409.0,311869.0,317312.0,315045.0,2460.0,0.07,0.0,,True
low,534176250,NWAmes,18000.0,10872.93,10873.0,7127.07,-1151.38,-1151.0,-11.0,4.0,4.0,235476.0,245198.0,211396.0,211471.0,9722.0,0.04,0.0,,True
mid,534176250,NWAmes,50000.0,10872.93,10873.0,39127.07,-1151.38,-1151.0,-11.0,4.0,4.0,235476.0,245198.0,211396.0,211471.0,9722.0,0.07,0.0,,True
high,534176250,NWAmes,120000.0,10872.929999999993,10873.0,109127.07,-1151.38,-1151.0,-11.0,4.0,4.0,235476.0,245198.0,211396.0,211471.0,9722.0,0.09,0.0,,True
low,528104050,NridgHt,18000.0,6923.620000000001,6924.0,11076.38,-1976.81,-1977.0,-29.0,1.0,1.0,576391.0,581337.0,606710.0,589760.0,4947.0,0.04,0.0,,True
mid,528104050,NridgHt,50000.0,33717.64,33718.0,16282.36,13656.73,13657.0,41.0,8.0,8.0,576391.0,623765.0,606710.0,633759.0,47374.0,0.06,0.0,,True
high,528104050,NridgHt,120000.0,103997.64,103998.0,16002.36,16332.1,16332.0,16.0,17.0,21.0,576391.0,696720.0,606710.0,627842.0,120330.0,0.07,0.0,,True
low,905200220,Sawyer,18000.0,11372.93,11373.0,6627.07,631.15,631.0,6.0,6.0,6.0,193546.0,205550.0,191496.0,190078.0,12004.0,0.05,0.0,,True
mid,905200220,Sawyer,50000.0,11372.93,11373.0,38627.07,631.15,631.0,6.0,6.0,6.0,193546.0,205550.0,191496.0,190078.0,12004.0,0.07,0.0,,True
high,905200220,Sawyer,120000.0,11372.929999999993,11373.0,108627.07,631.15,631.0,6.0,6.0,6.0,193546.0,205550.0,191496.0,190078.0,12004.0,0.07,0.0,,True
low,905103070,Sawyer,18000.0,11372.93,11373.0,6627.07,-2303.46,-2303.0,-20.0,5.0,5.0,189195.0,198264.0,182757.0,183218.0,9069.0,0.05,0.0,,True
mid,905103070,Sawyer,50000.0,11372.93,11373.0,38627.07,-2303.46,-2303.0,-20.0,5.0,5.0,189195.0,198264.0,182757.0,183218.0,9069.0,0.06,0.0,,True
high,905103070,Sawyer,120000.0,11372.929999999993,11373.0,108627.07,-2303.46,-2303.0,-20.0,5.0,5.0,189195.0,198264.0,182757.0,183218.0,9069.0,0.06,0.0,,True
low,528429100,,18000.0,,,,,,,,,,,,,,,,,False
mid,528429100,Somerst,50000.0,32403.62,32404.0,17596.38,6415.34,6415.0,20.0,7.0,8.0,510192.0,549011.0,434634.0,433923.0,38819.0,0.05,0.0,,True
high,528429100,Somerst,120000.0,50941.81,50942.0,69058.19,18524.33,18524.0,36.0,12.0,14.0,510192.0,579658.0,434634.0,464940.0,69466.0,0.05,0.0,,True
low,531367050,SawyerW,18000.0,16523.62,16524.0,1476.38,-2165.89,-2166.0,-13.0,4.0,4.0,329716.0,344073.0,329323.0,326970.0,14358.0,0.05,0.0,,True
mid,531367050,SawyerW,50000.0,40756.68,40757.0,9243.32,2327.94,2328.0,6.0,12.0,13.0,329716.0,372800.0,329323.0,350342.0,43085.0,0.05,0.0,,True
high,531367050,SawyerW,120000.0,40756.67999999999,40757.0,79243.32,2327.94,2328.0,6.0,12.0,13.0,329716.0,372800.0,329323.0,350342.0,43085.0,0.05,0.0,,True
low,527356060,NWAmes,18000.0,10872.93,10873.0,7127.07,-4259.21,-4259.0,-39.0,2.0,2.0,286273.0,292887.0,247569.0,245801.0,6614.0,0.05,0.0,,True
mid,527356060,NWAmes,50000.0,10872.93,10873.0,39127.07,-4259.21,-4259.0,-39.0,2.0,2.0,286273.0,292887.0,247569.0,245801.0,6614.0,0.06,0.0,,True
high,527356060,NWAmes,120000.0,10872.929999999993,10873.0,109127.07,-4259.21,-4259.0,-39.0,2.0,2.0,286273.0,292887.0,247569.0,245801.0,6614.0,0.06,0.0,,True
low,923230200,Mitchel,18000.0,10872.93,10873.0,7127.07,698.62,699.0,6.0,6.0,6.0,190102.0,201674.0,201339.0,197226.0,11572.0,0.04,0.0,,True
mid,923230200,Mitchel,50000.0,10872.93,10873.0,39127.07,698.62,699.0,6.0,6.0,6.0,190102.0,201674.0,201339.0,197226.0,11572.0,0.05,0.0,,True
high,923230200,Mitchel,120000.0,10872.929999999993,10873.0,109127.07,698.62,699.0,6.0,6.0,6.0,190102.0,201674.0,201339.0,197226.0,11572.0,0.06,0.0,,True
low,902109080,OldTown,18000.0,10872.93,10873.0,7127.07,-1555.19,-1555.0,-14.0,5.0,6.0,168750.0,178068.0,169315.0,160000.0,9318.0,0.04,0.0,,True
mid,902109080,OldTown,50000.0,10872.93,10873.0,39127.07,-1555.19,-1555.0,-14.0,5.0,6.0,168750.0,178068.0,169315.0,160000.0,9318.0,0.07,0.0,,True
high,902109080,OldTown,120000.0,10872.929999999993,10873.0,109127.07,-1555.19,-1555.0,-14.0,5.0,6.0,168750.0,178068.0,169315.0,160000.0,9318.0,0.12,0.0,,True
low,909175030,SWISU,18000.0,6923.620000000001,6924.0,11076.38,-2610.78,-2611.0,-38.0,2.0,2.0,245250.0,249563.0,222419.0,220295.0,4313.0,0.04,0.0,,True
mid,909175030,SWISU,50000.0,6923.620000000003,6924.0,43076.38,-2610.78,-2611.0,-38.0,2.0,2.0,245250.0,249563.0,222419.0,220295.0,4313.0,0.08,0.0,,True
high,909175030,SWISU,120000.0,6923.619999999995,6924.0,113076.38,-2610.78,-2611.0,-38.0,2.0,2.0,245250.0,249563.0,222419.0,220295.0,4313.0,0.1,0.0,,True
low,535150300,No aplicames,18000.0,11403.619999999999,11404.0,6596.38,3987.38,3987.0,35.0,4.0,4.0,409780.0,425171.0,379479.0,371038.0,15391.0,0.07,0.0,,True
mid,535150300,No aplicames,50000.0,11403.620000000003,11404.0,38596.38,3987.38,3987.0,35.0,4.0,4.0,409780.0,425171.0,379479.0,371038.0,15391.0,0.05,0.0,,True
high,535150300,No aplicames,120000.0,11403.619999999995,11404.0,108596.38,3987.38,3987.0,35.0,4.0,4.0,409780.0,425171.0,379479.0,371038.0,15391.0,0.05,0.0,,True
low,528221010,Gilbert,18000.0,6923.620000000001,6924.0,11076.38,-3352.29,-3352.0,-48.0,1.0,1.0,281730.0,285301.0,275601.0,273632.0,3571.0,0.04,0.0,,True
mid,528221010,Gilbert,50000.0,6923.620000000003,6924.0,43076.38,-3352.29,-3352.0,-48.0,1.0,1.0,281730.0,285301.0,275601.0,273632.0,3571.0,0.07,0.0,,True
high,528221010,Gilbert,120000.0,6923.619999999995,6924.0,113076.38,-3352.29,-3352.0,-48.0,1.0,1.0,281730.0,285301.0,275601.0,273632.0,3571.0,0.07,0.0,,True
low,527216050,,18000.0,,,,,,,,,,,,,,,,,False
mid,527216050,StoneBr,50000.0,46741.92,46742.0,3258.08,10451.45,10451.0,22.0,8.0,9.0,662143.0,719336.0,696265.0,697196.0,57193.0,0.05,0.0,,True
high,527216050,StoneBr,120000.0,82080.11,82080.0,37919.89,51852.49,51852.0,63.0,17.0,20.0,662143.0,796076.0,696265.0,717844.0,133933.0,0.08,0.0,,True
low,533213140,,18000.0,,,,,,,,,,,,,,,,,False
mid,533213140,Somerst,50000.0,36352.93,36353.0,13647.07,-11750.23,-11750.0,-32.0,9.0,10.0,251793.0,276396.0,236345.0,232801.0,24603.0,0.05,0.0,,True
high,533213140,Somerst,120000.0,36352.92999999999,36353.0,83647.07,-11750.23,-11750.0,-32.0,9.0,10.0,251793.0,276396.0,236345.0,232801.0,24603.0,0.06,0.0,,True
low,905426030,Edwards,18000.0,10872.93,10873.0,7127.07,12925.44,12925.0,119.0,7.0,8.0,301760.0,325559.0,404631.0,232120.0,23798.0,0.03,0.0,,True
mid,905426030,Edwards,50000.0,10872.93,10873.0,39127.07,12925.44,12925.0,119.0,7.0,8.0,301760.0,325559.0,404631.0,232120.0,23798.0,0.07,0.0,,True
high,905426030,Edwards,120000.0,10872.929999999993,10873.0,109127.07,12925.44,12925.0,119.0,7.0,8.0,301760.0,325559.0,404631.0,232120.0,23798.0,0.07,0.0,,True
low,907175100,CollgCr,18000.0,12697.5,12698.0,5302.5,8324.62,8325.0,66.0,7.0,8.0,278955.0,299977.0,290811.0,289028.0,21022.0,0.03,0.0,,True
mid,907175100,CollgCr,50000.0,12697.5,12698.0,37302.5,8324.62,8325.0,66.0,7.0,8.0,278955.0,299977.0,290811.0,289028.0,21022.0,0.07,0.0,,True
high,907175100,CollgCr,120000.0,12697.5,12698.0,107302.5,8324.62,8325.0,66.0,7.0,8.0,278955.0,299977.0,290811.0,289028.0,21022.0,0.08,0.0,,True
low,907251090,CollgCr,18000.0,17291.62,17292.0,708.38,-2148.32,-2148.0,-12.0,4.0,4.0,391454.0,406597.0,374714.0,372037.0,15143.0,0.05,0.0,,True
mid,907251090,CollgCr,50000.0,35829.81,35830.0,14170.19,4.0,4.0,0.0,8.0,9.0,391454.0,427288.0,374714.0,398631.0,35834.0,0.05,0.0,,True
high,907251090,CollgCr,120000.0,35829.81,35830.0,84170.19,4.0,4.0,0.0,8.0,9.0,391454.0,427288.0,374714.0,398631.0,35834.0,0.05,0.0,,True
low,527105060,Gilbert,18000.0,14488.93,14489.0,3511.07,1577.85,1578.0,11.0,5.0,6.0,291809.0,307875.0,278867.0,276875.0,16067.0,0.04,0.0,,True
mid,527105060,Gilbert,50000.0,14488.93,14489.0,35511.07,1577.85,1578.0,11.0,5.0,6.0,291809.0,307875.0,278867.0,276875.0,16067.0,0.05,0.0,,True
high,527105060,Gilbert,120000.0,14488.929999999993,14489.0,105511.07,1577.85,1578.0,11.0,5.0,6.0,291809.0,307875.0,278867.0,276875.0,16067.0,0.06,0.0,,True
low,528106070,NridgHt,18000.0,9483.62,9484.0,8516.38,-550.64,-551.0,-6.0,2.0,2.0,476421.0,485354.0,432833.0,429741.0,8933.0,0.04,0.0,,True
mid,528106070,NridgHt,50000.0,44821.81,44822.0,5178.19,12015.71,12016.0,27.0,11.0,12.0,476421.0,533258.0,432833.0,442468.0,56838.0,0.14,0.0,,True
high,528106070,NridgHt,120000.0,44821.81,44822.0,75178.19,12015.71,12016.0,27.0,11.0,12.0,476421.0,533258.0,432833.0,442468.0,56838.0,0.07,0.0,,True
low,905479110,Edwards,18000.0,10872.93,10873.0,7127.07,7217.93,7218.0,66.0,9.0,10.0,184188.0,202279.0,176853.0,173240.0,18091.0,0.05,0.0,,True
mid,905479110,Edwards,50000.0,10872.93,10873.0,39127.07,7217.93,7218.0,66.0,9.0,10.0,184188.0,202279.0,176853.0,173240.0,18091.0,0.05,0.0,,True
high,905479110,Edwards,120000.0,10872.929999999993,10873.0,109127.07,7217.93,7218.0,66.0,9.0,10.0,184188.0,202279.0,176853.0,173240.0,18091.0,0.06,0.0,,True
low,903231030,BrkSide,18000.0,11370.54,11371.0,6629.46,-1318.91,-1319.0,-12.0,5.0,5.0,193590.0,203641.0,176750.0,187716.0,10052.0,0.05,0.0,,True
mid,903231030,BrkSide,50000.0,11370.54,11371.0,38629.46,-1318.91,-1319.0,-12.0,5.0,5.0,193590.0,203641.0,176750.0,187716.0,10052.0,0.08,0.0,,True
high,903231030,BrkSide,120000.0,11370.539999999994,11371.0,108629.46,-1318.91,-1319.0,-12.0,5.0,5.0,193590.0,203641.0,176750.0,187716.0,10052.0,0.09,0.0,,True
low,528120030,NridgHt,18000.0,6923.620000000001,6924.0,11076.38,-2502.55,-2503.0,-36.0,1.0,1.0,506519.0,510940.0,439417.0,436278.0,4421.0,0.04,0.0,,True
mid,528120030,NridgHt,50000.0,48629.81,48630.0,1370.19,10414.9,10415.0,21.0,10.0,12.0,506519.0,565564.0,439417.0,467464.0,59045.0,0.09,0.0,,True
high,528120030,NridgHt,120000.0,48629.81,48630.0,71370.19,10414.9,10415.0,21.0,10.0,12.0,506519.0,565564.0,439417.0,467464.0,59045.0,0.11,0.0,,True
low,909452050,Crawfor,18000.0,10872.93,10873.0,7127.07,6958.91,6959.0,64.0,5.0,6.0,313559.0,331390.0,356836.0,354287.0,17832.0,0.04,0.0,,True
mid,909452050,Crawfor,50000.0,29411.12,29411.0,20588.88,9346.56,9347.0,32.0,11.0,12.0,313559.0,352316.0,356836.0,379611.0,38758.0,0.05,0.0,,True
high,909452050,Crawfor,120000.0,29411.119999999995,29411.0,90588.88,9346.56,9347.0,32.0,11.0,12.0,313559.0,352316.0,356836.0,379611.0,38758.0,0.05,0.0,,True
low,534201250,No aplicames,18000.0,10872.93,10873.0,7127.07,6439.65,6440.0,59.0,6.0,7.0,252640.0,269952.0,215534.0,215610.0,17313.0,0.05,0.0,,True
mid,534201250,No aplicames,50000.0,10872.93,10873.0,39127.07,6439.65,6440.0,59.0,6.0,7.0,252640.0,269952.0,215534.0,215610.0,17313.0,0.06,0.0,,True
high,534201250,No aplicames,120000.0,10872.929999999993,10873.0,109127.07,6439.65,6440.0,59.0,6.0,7.0,252640.0,269952.0,215534.0,215610.0,17313.0,0.07,0.0,,True
low,903429080,OldTown,18000.0,6923.620000000001,6924.0,11076.38,4869.32,4869.0,70.0,4.0,4.0,264723.0,276516.0,261011.0,255205.0,11793.0,0.04,0.0,,True
mid,903429080,OldTown,50000.0,6923.620000000003,6924.0,43076.38,4869.32,4869.0,70.0,4.0,4.0,264723.0,276516.0,261011.0,255205.0,11793.0,0.06,0.0,,True
high,903429080,OldTown,120000.0,6923.619999999995,6924.0,113076.38,4869.32,4869.0,70.0,4.0,4.0,264723.0,276516.0,261011.0,255205.0,11793.0,0.07,0.0,,True
low,907414040,CollgCr,18000.0,7319.860000000001,7320.0,10680.14,-3704.28,-3704.0,-51.0,1.0,1.0,326524.0,330139.0,301620.0,299465.0,3616.0,0.05,0.0,,True
mid,907414040,CollgCr,50000.0,7319.860000000001,7320.0,42680.14,-3704.28,-3704.0,-51.0,1.0,1.0,326524.0,330139.0,301620.0,299465.0,3616.0,0.05,0.0,,True
high,907414040,CollgCr,120000.0,7319.869999999995,7320.0,112680.13,-3704.28,-3704.0,-51.0,1.0,1.0,326524.0,330139.0,301620.0,299465.0,3616.0,0.07,0.0,,True
low,527145080,StoneBr,18000.0,8250.58,8251.0,9749.42,-3181.05,-3181.0,-39.0,2.0,2.0,287845.0,292915.0,288581.0,288684.0,5070.0,0.04,0.0,,True
mid,527145080,StoneBr,50000.0,8250.580000000002,8251.0,41749.42,-3181.05,-3181.0,-39.0,2.0,2.0,287845.0,292915.0,288581.0,288684.0,5070.0,0.08,0.0,,True
high,527145080,StoneBr,120000.0,8250.580000000002,8251.0,111749.42,-3181.05,-3181.0,-39.0,2.0,2.0,287845.0,292915.0,288581.0,288684.0,5070.0,0.08,0.0,,True
low,535478010,No aplicames,18000.0,10872.93,10873.0,7127.07,-1554.05,-1554.0,-14.0,4.0,5.0,206354.0,215673.0,194799.0,190820.0,9319.0,0.05,0.0,,True
mid,535478010,No aplicames,50000.0,10872.93,10873.0,39127.07,-1554.05,-1554.0,-14.0,4.0,5.0,206354.0,215673.0,194799.0,190820.0,9319.0,0.06,0.0,,True
high,535478010,No aplicames,120000.0,10872.929999999993,10873.0,109127.07,-1554.05,-1554.0,-14.0,4.0,5.0,206354.0,215673.0,194799.0,190820.0,9319.0,0.07,0.0,,True
low,528166120,NridgHt,18000.0,6923.620000000001,6924.0,11076.38,-1656.8,-1657.0,-24.0,1.0,1.0,621969.0,627236.0,579589.0,575449.0,5267.0,0.05,0.0,,True
mid,528166120,NridgHt,50000.0,43253.81,43254.0,6746.19,21101.87,21102.0,49.0,9.0,10.0,621969.0,686325.0,579589.0,616582.0,64356.0,0.05,0.0,,True
high,528166120,NridgHt,120000.0,43253.81,43254.0,76746.19,21101.87,21102.0,49.0,9.0,10.0,621969.0,686325.0,579589.0,616582.0,64356.0,0.05,0.0,,True
low,527107240,Gilbert,18000.0,13688.93,13689.0,4311.07,-996.58,-997.0,-7.0,4.0,4.0,300766.0,313458.0,264589.0,262699.0,12692.0,0.04,0.0,,True
mid,527107240,Gilbert,50000.0,13688.93,13689.0,36311.07,-996.58,-997.0,-7.0,4.0,4.0,300766.0,313458.0,264589.0,262699.0,12692.0,0.05,0.0,,True
high,527107240,Gilbert,120000.0,13688.929999999993,13689.0,106311.07,-996.58,-997.0,-7.0,4.0,4.0,300766.0,313458.0,264589.0,262699.0,12692.0,0.06,0.0,,True
low,528462040,Somerst,18000.0,6923.620000000001,6924.0,11076.38,-4214.57,-4215.0,-61.0,1.0,1.0,308809.0,311518.0,330163.0,320939.0,2709.0,0.04,0.0,,True
mid,528462040,Somerst,50000.0,25461.81,25462.0,24538.19,-3619.52,-3620.0,-14.0,7.0,7.0,308809.0,330652.0,330163.0,343879.0,21842.0,0.06,0.0,,True
high,528462040,Somerst,120000.0,25461.809999999998,25462.0,94538.19,-3619.52,-3620.0,-14.0,7.0,7.0,308809.0,330652.0,330163.0,343879.0,21842.0,0.11,0.0,,True
low,913350030,Mitchel,18000.0,11130.95,11131.0,6869.05,15420.97,15421.0,139.0,8.0,8.0,320781.0,347333.0,298101.0,298101.0,26552.0,0.05,0.0,,True
mid,913350030,Mitchel,50000.0,29669.14,29669.0,20330.86,18838.87,18839.0,63.0,13.0,15.0,320781.0,369289.0,298101.0,319410.0,48508.0,0.11,0.0,,True
high,913350030,Mitchel,120000.0,29669.14,29669.0,90330.86,18838.87,18839.0,63.0,13.0,15.0,320781.0,369289.0,298101.0,319410.0,48508.0,0.12,0.0,,True
low,534475160,No aplicames,18000.0,10872.93,10873.0,7127.07,7001.27,7001.0,64.0,7.0,8.0,237879.0,255753.0,229693.0,227499.0,17874.0,0.05,0.0,,True
mid,534475160,No aplicames,50000.0,10872.93,10873.0,39127.07,7001.27,7001.0,64.0,7.0,8.0,237879.0,255753.0,229693.0,227499.0,17874.0,0.07,0.0911,,True
high,534475160,No aplicames,120000.0,10872.929999999993,10873.0,109127.07,7001.27,7001.0,64.0,7.0,8.0,237879.0,255753.0,229693.0,227499.0,17874.0,0.11,0.0,,True
low,535425040,No aplicames,18000.0,12199.89,12200.0,5800.11,15710.83,15711.0,129.0,8.0,9.0,308374.0,336284.0,305251.0,305360.0,27911.0,0.04,0.0,,True
mid,535425040,No aplicames,50000.0,12199.89,12200.0,37800.11,15710.83,15711.0,129.0,8.0,9.0,308374.0,336284.0,305251.0,305360.0,27911.0,0.07,0.0,,True
high,535425040,No aplicames,120000.0,23399.89,23400.0,96600.11,11098.9,11099.0,47.0,10.0,11.0,308374.0,342872.0,305251.0,312631.0,34499.0,0.07,0.0,,True
low,531479020,SawyerW,18000.0,10872.93,10873.0,7127.07,10427.53,10428.0,96.0,15.0,18.0,116985.0,138285.0,134098.0,132817.0,21300.0,0.05,0.0,,True
mid,531479020,SawyerW,50000.0,10872.93,10873.0,39127.07,10427.53,10428.0,96.0,15.0,18.0,116985.0,138285.0,134098.0,132817.0,21300.0,0.09,0.0,,True
high,531479020,SawyerW,120000.0,35960.92999999999,35961.0,84039.07,-4300.91,-4301.0,-12.0,21.0,27.0,116985.0,148645.0,134098.0,132817.0,31660.0,0.11,0.0,,True
low,528102050,NridgHt,18000.0,15091.619999999999,15092.0,2908.38,333.13,333.0,2.0,3.0,3.0,580025.0,595450.0,471236.0,469220.0,15425.0,0.05,0.0,,True
mid,528102050,NridgHt,50000.0,33629.81,33630.0,16370.19,11719.27,11719.0,35.0,7.0,8.0,580025.0,625374.0,471236.0,502760.0,45349.0,0.08,0.0,,True
high,528102050,NridgHt,120000.0,103909.81,103910.0,16090.19,16890.52,16891.0,16.0,17.0,21.0,580025.0,700825.0,471236.0,498066.0,120800.0,0.1,0.0,,True
low,527455060,NPkVill,18000.0,10872.93,10873.0,7127.07,-3529.85,-3530.0,-32.0,3.0,4.0,206860.0,214203.0,216459.0,216459.0,7343.0,0.05,0.0,,True
mid,527455060,NPkVill,50000.0,6923.620000000003,6924.0,43076.38,-5271.48,-5271.0,-76.0,1.0,1.0,206860.0,208512.0,216459.0,216459.0,1652.0,0.06,0.0,,True
high,527455060,NPkVill,120000.0,6923.619999999995,6924.0,113076.38,-5271.48,-5271.0,-76.0,1.0,1.0,206860.0,208512.0,216459.0,216459.0,1652.0,0.06,0.0,,True
low,533213030,,18000.0,,,,,,,,,,,,,,,,,False
mid,533213030,Somerst,50000.0,32403.62,32404.0,17596.38,-19134.19,-19134.0,-59.0,4.0,4.0,352615.0,365885.0,378078.0,372409.0,13269.0,0.04,0.0,,True
high,533213030,Somerst,120000.0,79485.81,79486.0,40514.19,-14133.82,-14134.0,-18.0,16.0,19.0,352615.0,417967.0,378078.0,399029.0,65352.0,0.06,0.0,,True
low,534401130,No aplicames,18000.0,10872.93,10873.0,7127.07,-1453.01,-1453.0,-13.0,4.0,4.0,232810.0,242230.0,249908.0,249996.0,9420.0,0.05,0.0,,True
mid,534401130,No aplicames,50000.0,10872.93,10873.0,39127.07,-1453.01,-1453.0,-13.0,4.0,4.0,232810.0,242230.0,249908.0,249996.0,9420.0,0.06,0.0,,True
high,534401130,No aplicames,120000.0,10872.929999999993,10873.0,109127.07,-1453.01,-1453.0,-13.0,4.0,4.0,232810.0,242230.0,249908.0,249996.0,9420.0,0.06,0.0,,True
low,535456020,No aplicames,18000.0,10872.93,10873.0,7127.07,-10470.27,-10470.0,-96.0,0.0,0.0,218848.0,219250.0,212976.0,198768.0,403.0,0.04,0.0,,True
mid,535456020,No aplicames,50000.0,10872.93,10873.0,39127.07,-10470.27,-10470.0,-96.0,0.0,0.0,218848.0,219250.0,212976.0,198768.0,403.0,0.08,0.0,,True
high,535456020,No aplicames,120000.0,10872.929999999993,10873.0,109127.07,-10470.27,-10470.0,-96.0,0.0,0.0,218848.0,219250.0,212976.0,198768.0,403.0,0.07,0.0,,True
low,923277030,Mitchel,18000.0,6923.620000000001,6924.0,11076.38,-5792.77,-5793.0,-84.0,1.0,1.0,217322.0,218453.0,217087.0,215536.0,1131.0,0.05,0.0,,True
mid,923277030,Mitchel,50000.0,6923.620000000003,6924.0,43076.38,-5792.77,-5793.0,-84.0,1.0,1.0,217322.0,218453.0,217087.0,215536.0,1131.0,0.06,0.0,,True
high,923277030,Mitchel,120000.0,6923.619999999995,6924.0,113076.38,-5792.77,-5793.0,-84.0,1.0,1.0,217322.0,218453.0,217087.0,215536.0,1131.0,0.07,0.0,,True
low,902206270,OldTown,18000.0,10872.93,10873.0,7127.07,3725.67,3726.0,34.0,7.0,8.0,191992.0,206590.0,196354.0,192343.0,14599.0,0.06,0.0,,True
mid,902206270,OldTown,50000.0,6923.620000000003,6924.0,43076.38,-4799.33,-4799.0,-69.0,1.0,1.0,191992.0,194116.0,196354.0,192343.0,2124.0,0.07,0.0,,True
high,902206270,OldTown,120000.0,10872.929999999993,10873.0,109127.07,3725.67,3726.0,34.0,7.0,8.0,191992.0,206590.0,196354.0,192343.0,14599.0,0.09,0.0,,True
low,531375130,SawyerW,18000.0,10872.93,10873.0,7127.07,-1670.71,-1671.0,-15.0,4.0,4.0,231150.0,240352.0,215142.0,213605.0,9202.0,0.05,0.0,,True
mid,531375130,SawyerW,50000.0,10872.93,10873.0,39127.07,-1670.71,-1671.0,-15.0,4.0,4.0,231150.0,240352.0,215142.0,213605.0,9202.0,0.08,0.0,,True
high,531375130,SawyerW,120000.0,10872.929999999993,10873.0,109127.07,-1670.71,-1671.0,-15.0,4.0,4.0,231150.0,240352.0,215142.0,213605.0,9202.0,0.06,0.0,,True
low,907252060,CollgCr,18000.0,8692.9,8693.0,9307.1,-3283.58,-3284.0,-38.0,1.0,1.0,370438.0,375848.0,366174.0,363919.0,5409.0,0.04,0.0,,True
mid,907252060,CollgCr,50000.0,25461.81,25462.0,24538.19,2646.95,2647.0,10.0,7.0,8.0,370438.0,398547.0,366174.0,389545.0,28109.0,0.09,0.0,,True
high,907252060,CollgCr,120000.0,53461.81,53462.0,66538.19,9814.36,9814.0,18.0,15.0,17.0,370438.0,433714.0,366174.0,399384.0,63276.0,0.1,0.0,,True
low,535402230,No aplicames,18000.0,13093.119999999999,13093.0,4906.88,-3790.46,-3790.0,-29.0,4.0,4.0,228610.0,237912.0,202989.0,203061.0,9303.0,0.05,0.0,,True
mid,535402230,No aplicames,50000.0,13093.120000000003,13093.0,36906.88,-3790.46,-3790.0,-29.0,4.0,4.0,228610.0,237912.0,202989.0,203061.0,9303.0,0.06,0.0,,True
high,535402230,No aplicames,120000.0,13093.119999999995,13093.0,106906.88,-3790.46,-3790.0,-29.0,4.0,4.0,228610.0,237912.0,202989.0,203061.0,9303.0,0.06,0.0,,True
low,902128150,OldTown,18000.0,10872.93,10873.0,7127.07,-2556.48,-2556.0,-24.0,4.0,4.0,226237.0,234553.0,223714.0,221578.0,8316.0,0.05,0.0,,True
mid,902128150,OldTown,50000.0,6923.620000000003,6924.0,43076.38,-4603.15,-4603.0,-66.0,1.0,1.0,226237.0,228557.0,223714.0,221578.0,2320.0,0.05,0.0,,True
high,902128150,OldTown,120000.0,10872.929999999993,10873.0,109127.07,-2556.48,-2556.0,-24.0,4.0,4.0,226237.0,234553.0,223714.0,221578.0,8316.0,0.07,0.0,,True
low,909254050,Crawfor,18000.0,6923.620000000001,6924.0,11076.38,-994.18,-994.0,-14.0,2.0,2.0,310437.0,316366.0,342414.0,334797.0,5929.0,0.04,0.0,,True
mid,909254050,Crawfor,50000.0,6923.620000000003,6924.0,43076.38,-994.18,-994.0,-14.0,2.0,2.0,310437.0,316366.0,342414.0,334797.0,5929.0,0.06,0.0,,True
high,909254050,Crawfor,120000.0,6923.619999999995,6924.0,113076.38,-994.18,-994.0,-14.0,2.0,2.0,310437.0,316366.0,342414.0,334797.0,5929.0,0.06,0.0,,True
low,535175180,No aplicames,18000.0,10872.93,10873.0,7127.07,-1974.75,-1975.0,-18.0,4.0,5.0,196135.0,205033.0,190877.0,186977.0,8898.0,0.04,0.0,,True
mid,535175180,No aplicames,50000.0,10872.93,10873.0,39127.07,-1974.75,-1975.0,-18.0,4.0,5.0,196135.0,205033.0,190877.0,186977.0,8898.0,0.05,0.0,,True
high,535175180,No aplicames,120000.0,10872.929999999993,10873.0,109127.07,-1974.75,-1975.0,-18.0,4.0,5.0,196135.0,205033.0,190877.0,186977.0,8898.0,0.06,0.0,,True
low,534479130,No aplicames,18000.0,6923.620000000001,6924.0,11076.38,-4351.89,-4352.0,-63.0,1.0,1.0,243711.0,246282.0,227794.0,225619.0,2572.0,0.05,0.0,,True
mid,534479130,No aplicames,50000.0,6923.620000000003,6924.0,43076.38,-4351.89,-4352.0,-63.0,1.0,1.0,243711.0,246282.0,227794.0,225619.0,2572.0,0.06,0.0,,True
high,534479130,No aplicames,120000.0,6923.619999999995,6924.0,113076.38,-4351.89,-4352.0,-63.0,1.0,1.0,243711.0,246282.0,227794.0,225619.0,2572.0,0.08,0.0,,True
low,903206160,BrkSide,18000.0,10872.93,10873.0,7127.07,8130.99,8131.0,75.0,6.0,7.0,279316.0,298320.0,227639.0,232443.0,19004.0,0.06,0.0,,True
mid,903206160,BrkSide,50000.0,29411.12,29411.0,20588.88,8817.37,8817.0,30.0,12.0,14.0,279316.0,317544.0,227639.0,249058.0,38228.0,0.13,0.0,,True
high,903206160,BrkSide,120000.0,56547.12,56547.0,63452.88,9660.21,9660.0,17.0,19.0,24.0,279316.0,345523.0,227639.0,249058.0,66207.0,0.11,0.0,,True
low,906475100,ClearCr,18000.0,17176.93,17177.0,823.07,5883.88,5884.0,34.0,8.0,9.0,270641.0,293702.0,303432.0,303432.0,23061.0,0.05,0.0,,True
mid,906475100,ClearCr,50000.0,17176.93,17177.0,32823.07,5883.88,5884.0,34.0,8.0,9.0,270641.0,293702.0,303432.0,303432.0,23061.0,0.06,0.0,,True
high,906475100,ClearCr,120000.0,17176.929999999993,17177.0,102823.07,5883.88,5884.0,34.0,8.0,9.0,270641.0,293702.0,303432.0,303432.0,23061.0,0.06,0.0,,True
low,911226030,IDOTRR,18000.0,10872.93,10873.0,7127.07,1248.83,1249.0,11.0,10.0,11.0,106800.0,118922.0,129091.0,126454.0,12122.0,0.03,0.0,,True
mid,911226030,IDOTRR,50000.0,10872.93,10873.0,39127.07,1248.83,1249.0,11.0,10.0,11.0,106800.0,118922.0,129091.0,129460.0,12122.0,0.12,0.0,,True
high,911226030,IDOTRR,120000.0,10872.929999999993,10873.0,109127.07,1248.83,1249.0,11.0,10.0,11.0,106800.0,118922.0,129091.0,126454.0,12122.0,0.09,0.0,,True
low,534278230,No aplicames,18000.0,10872.93,10873.0,7127.07,12873.08,12873.0,118.0,11.0,12.0,195269.0,219015.0,208907.0,207415.0,23746.0,0.04,0.0,,True
mid,534278230,No aplicames,50000.0,10872.93,10873.0,39127.07,12873.08,12873.0,118.0,11.0,12.0,195269.0,219015.0,208907.0,207415.0,23746.0,0.06,0.0652,,True
high,534278230,No aplicames,120000.0,10872.929999999993,10873.0,109127.07,12873.08,12873.0,118.0,11.0,12.0,195269.0,219015.0,208907.0,207415.0,23746.0,0.11,0.0,,True
low,527105010,Gilbert,18000.0,10872.93,10873.0,7127.07,-2368.81,-2369.0,-22.0,3.0,3.0,269497.0,278001.0,257063.0,255227.0,8504.0,0.04,0.0,,True
mid,527105010,Gilbert,50000.0,10872.93,10873.0,39127.07,-2368.81,-2369.0,-22.0,3.0,3.0,269497.0,278001.0,257063.0,255227.0,8504.0,0.05,0.0,,True
high,527105010,Gilbert,120000.0,10872.929999999993,10873.0,109127.07,-2368.81,-2369.0,-22.0,3.0,3.0,269497.0,278001.0,257063.0,255227.0,8504.0,0.06,0.0,,True
low,908250090,Edwards,18000.0,10872.93,10873.0,7127.07,-1375.47,-1375.0,-13.0,5.0,6.0,164491.0,173989.0,151387.0,148295.0,9497.0,0.05,0.0,,True
mid,908250090,Edwards,50000.0,10872.93,10873.0,39127.07,-1375.47,-1375.0,-13.0,5.0,6.0,164491.0,173989.0,151387.0,148295.0,9497.0,0.08,0.0,,True
high,908250090,Edwards,120000.0,10872.929999999993,10873.0,109127.07,-1375.47,-1375.0,-13.0,5.0,6.0,164491.0,173989.0,151387.0,148295.0,9497.0,0.07,0.0,,True
low,535302080,No aplicames,18000.0,10872.93,10873.0,7127.07,-898.74,-899.0,-8.0,5.0,6.0,180650.0,190624.0,190167.0,188086.0,9974.0,0.04,0.0,,True
mid,535302080,No aplicames,50000.0,10872.93,10873.0,39127.07,-898.74,-899.0,-8.0,5.0,6.0,180650.0,190624.0,190167.0,188086.0,9974.0,0.08,0.0,,True
high,535302080,No aplicames,120000.0,10872.929999999993,10873.0,109127.07,-898.74,-899.0,-8.0,5.0,6.0,180650.0,190624.0,190167.0,188086.0,9974.0,0.09,0.0,,True
low,527454120,NPkVill,18000.0,10872.93,10873.0,7127.07,-1861.42,-1861.0,-17.0,4.0,4.0,211002.0,220014.0,216443.0,216443.0,9012.0,0.04,0.0,,True
mid,527454120,NPkVill,50000.0,6923.620000000003,6924.0,43076.38,-4847.09,-4847.0,-70.0,1.0,1.0,211002.0,213079.0,216443.0,216443.0,2077.0,0.06,0.0,,True
high,527454120,NPkVill,120000.0,10872.929999999993,10873.0,109127.07,-1861.42,-1861.0,-17.0,4.0,4.0,211002.0,220014.0,216443.0,216443.0,9012.0,0.07,0.0,,True
low,909201180,SWISU,18000.0,10872.93,10873.0,7127.07,-2726.46,-2726.0,-25.0,4.0,4.0,190149.0,198296.0,176211.0,174528.0,8146.0,0.06,0.0,,True
mid,909201180,SWISU,50000.0,10872.93,10873.0,39127.07,-2726.46,-2726.0,-25.0,4.0,4.0,190149.0,198296.0,176211.0,174528.0,8146.0,0.05,0.0,,True
high,909201180,SWISU,120000.0,6923.619999999995,6924.0,113076.38,-6390.93,-6391.0,-92.0,0.0,0.0,190149.0,190682.0,176211.0,174528.0,533.0,0.06,0.0,,True
low,535454160,No aplicames,18000.0,10872.93,10873.0,7127.07,569.92,570.0,5.0,5.0,6.0,200275.0,211718.0,184848.0,181072.0,11443.0,0.05,0.0,,True
mid,535454160,No aplicames,50000.0,10872.93,10873.0,39127.07,569.92,570.0,5.0,5.0,6.0,200275.0,211718.0,184848.0,181072.0,11443.0,0.09,0.0,,True
high,535454160,No aplicames,120000.0,10872.929999999993,10873.0,109127.07,569.92,570.0,5.0,5.0,6.0,200275.0,211718.0,184848.0,181072.0,11443.0,0.08,0.0,,True
low,528315080,NoRidge,18000.0,6923.620000000001,6924.0,11076.38,-4087.26,-4087.0,-59.0,1.0,1.0,445586.0,448422.0,422924.0,419903.0,2836.0,0.04,0.0,,True
mid,528315080,NoRidge,50000.0,46421.81,46422.0,3578.19,9478.51,9479.0,20.0,11.0,13.0,445586.0,501486.0,422924.0,449917.0,55900.0,0.06,0.0,,True
high,528315080,NoRidge,120000.0,46421.81,46422.0,73578.19,9478.51,9479.0,20.0,11.0,13.0,445586.0,501486.0,422924.0,449917.0,55900.0,0.06,0.0,,True
low,534475185,No aplicames,18000.0,10872.93,10873.0,7127.07,3692.19,3692.0,34.0,6.0,6.0,232025.0,246591.0,236192.0,233937.0,14565.0,0.04,0.0,,True
mid,534475185,No aplicames,50000.0,10872.93,10873.0,39127.07,3692.19,3692.0,34.0,6.0,6.0,232025.0,246591.0,236192.0,233937.0,14565.0,0.06,0.0,,True
high,534475185,No aplicames,120000.0,6923.619999999995,6924.0,113076.38,-5049.16,-5049.0,-73.0,1.0,1.0,232025.0,233900.0,236192.0,233937.0,1874.0,0.05,0.0,,True
low,528240060,Gilbert,18000.0,6923.620000000001,6924.0,11076.38,-4284.2,-4284.0,-62.0,1.0,1.0,287207.0,289847.0,283765.0,281738.0,2639.0,0.04,0.0,,True
mid,528240060,Gilbert,50000.0,6923.620000000003,6924.0,43076.38,-4284.2,-4284.0,-62.0,1.0,1.0,287207.0,289847.0,283765.0,281738.0,2639.0,0.05,0.0,,True
high,528240060,Gilbert,120000.0,6923.619999999995,6924.0,113076.38,-4284.2,-4284.0,-62.0,1.0,1.0,287207.0,289847.0,283765.0,281738.0,2639.0,0.05,0.0,,True
low,527276150,Gilbert,18000.0,10872.93,10873.0,7127.07,260.14,260.0,2.0,6.0,6.0,171928.0,183061.0,160503.0,159356.0,11133.0,0.04,0.0,,True
mid,527276150,Gilbert,50000.0,10872.93,10873.0,39127.07,260.14,260.0,2.0,6.0,6.0,171928.0,183061.0,160503.0,159356.0,11133.0,0.07,0.0,,True
high,527276150,Gilbert,120000.0,10872.929999999993,10873.0,109127.07,260.14,260.0,2.0,6.0,6.0,171928.0,183061.0,160503.0,159356.0,11133.0,0.08,0.0,,True
low,905200010,Sawyer,18000.0,10872.93,10873.0,7127.07,107.12,107.0,1.0,5.0,6.0,195432.0,206412.0,185411.0,185411.0,10980.0,0.05,0.0,,True
mid,905200010,Sawyer,50000.0,10872.93,10873.0,39127.07,107.12,107.0,1.0,5.0,6.0,195432.0,206412.0,185411.0,185411.0,10980.0,0.07,0.0,,True
high,905200010,Sawyer,120000.0,10872.929999999993,10873.0,109127.07,107.12,107.0,1.0,5.0,6.0,195432.0,206412.0,185411.0,185411.0,10980.0,0.06,0.0,,True
low,527250040,Gilbert,18000.0,10872.93,10873.0,7127.07,13106.86,13107.0,121.0,10.0,11.0,217185.0,241164.0,196141.0,194268.0,23980.0,0.06,0.0,,True
mid,527250040,Gilbert,50000.0,10872.93,10873.0,39127.07,13106.86,13107.0,121.0,10.0,11.0,217185.0,241164.0,196141.0,194268.0,23980.0,0.08,0.0,,True
high,527250040,Gilbert,120000.0,10872.929999999993,10873.0,109127.07,13106.86,13107.0,121.0,10.0,11.0,217185.0,241164.0,196141.0,194268.0,23980.0,0.07,0.0,,True
low,916402015,Timber,18000.0,10872.93,10873.0,7127.07,9190.39,9190.0,85.0,7.0,7.0,269792.0,289855.0,278804.0,276141.0,20063.0,0.04,0.0,,True
mid,916402015,Timber,50000.0,29411.12,29411.0,20588.88,9563.77,9564.0,33.0,13.0,14.0,269792.0,308767.0,278804.0,295880.0,38975.0,0.06,0.0,,True
high,916402015,Timber,120000.0,29411.119999999995,29411.0,90588.88,9563.77,9564.0,33.0,13.0,14.0,269792.0,308767.0,278804.0,295880.0,38975.0,0.1,0.0,,True
low,923202134,Mitchel,18000.0,10872.93,10873.0,7127.07,-2797.51,-2798.0,-26.0,4.0,4.0,213598.0,221674.0,211902.0,205503.0,8075.0,0.04,0.0,,True
mid,923202134,Mitchel,50000.0,10872.93,10873.0,39127.07,-2797.51,-2798.0,-26.0,4.0,4.0,213598.0,221674.0,211902.0,205503.0,8075.0,0.07,0.0,,True
high,923202134,Mitchel,120000.0,6923.619999999995,6924.0,113076.38,-4468.86,-4469.0,-65.0,1.0,1.0,213598.0,216053.0,211902.0,205503.0,2455.0,0.07,0.0,,True
low,534151090,NWAmes,18000.0,12623.779999999999,12624.0,5376.22,12988.15,12988.0,103.0,8.0,8.0,315393.0,341005.0,313185.0,311253.0,25612.0,0.04,0.0,,True
mid,534151090,NWAmes,50000.0,12623.779999999999,12624.0,37376.22,12988.15,12988.0,103.0,8.0,8.0,315393.0,341005.0,313185.0,311253.0,25612.0,0.05,0.0,,True
high,534151090,NWAmes,120000.0,12623.779999999999,12624.0,107376.22,12988.15,12988.0,103.0,8.0,8.0,315393.0,341005.0,313185.0,311253.0,25612.0,0.09,0.0,,True
low,907405140,CollgCr,18000.0,11723.619999999999,11724.0,6276.38,-1060.74,-1061.0,-9.0,3.0,4.0,297292.0,307955.0,301648.0,299493.0,10663.0,0.04,0.0,,True
mid,907405140,CollgCr,50000.0,11723.620000000003,11724.0,38276.38,-1060.74,-1061.0,-9.0,3.0,4.0,297292.0,307955.0,301648.0,299493.0,10663.0,0.05,0.0,,True
high,907405140,CollgCr,120000.0,11723.619999999995,11724.0,108276.38,-1060.74,-1061.0,-9.0,3.0,4.0,297292.0,307955.0,301648.0,299493.0,10663.0,0.07,0.0,,True
low,906378190,CollgCr,18000.0,6923.620000000001,6924.0,11076.38,-4664.18,-4664.0,-67.0,1.0,1.0,264315.0,266575.0,277850.0,275865.0,2259.0,0.04,0.0,,True
mid,906378190,CollgCr,50000.0,6923.620000000003,6924.0,43076.38,-4664.18,-4664.0,-67.0,1.0,1.0,264315.0,266575.0,277850.0,275865.0,2259.0,0.06,0.0,,True
high,906378190,CollgCr,120000.0,6923.619999999995,6924.0,113076.38,-4664.18,-4664.0,-67.0,1.0,1.0,264315.0,266575.0,277850.0,275865.0,2259.0,0.06,0.0,,True
low,906380130,CollgCr,18000.0,6923.620000000001,6924.0,11076.38,-6225.75,-6226.0,-90.0,0.0,0.0,341134.0,341831.0,317456.0,315189.0,698.0,0.04,0.0,,True
mid,906380130,CollgCr,50000.0,6923.620000000003,6924.0,43076.38,-6225.75,-6226.0,-90.0,0.0,0.0,341134.0,341831.0,317456.0,315189.0,698.0,0.05,0.0,,True
high,906380130,CollgCr,120000.0,6923.619999999995,6924.0,113076.38,-6225.75,-6226.0,-90.0,0.0,0.0,341134.0,341831.0,317456.0,315189.0,698.0,0.05,0.0,,True
low,534250300,NWAmes,18000.0,10872.93,10873.0,7127.07,12086.52,12087.0,111.0,7.0,8.0,300612.0,323572.0,263633.0,263727.0,22959.0,0.04,0.0,,True
mid,534250300,NWAmes,50000.0,29411.12,29411.0,20588.88,14686.56,14687.0,50.0,13.0,15.0,300612.0,344710.0,263633.0,282578.0,44098.0,0.06,0.0,,True
high,534250300,NWAmes,120000.0,29411.119999999995,29411.0,90588.88,14686.56,14687.0,50.0,13.0,15.0,300612.0,344710.0,263633.0,282578.0,44098.0,0.07,0.0,,True
low,907420070,CollgCr,18000.0,6923.620000000001,6924.0,11076.38,-4263.17,-4263.0,-62.0,1.0,1.0,271509.0,274170.0,270455.0,268522.0,2660.0,0.05,0.0,,True
mid,907420070,CollgCr,50000.0,6923.620000000003,6924.0,43076.38,-4263.17,-4263.0,-62.0,1.0,1.0,271509.0,274170.0,270455.0,268522.0,2660.0,0.07,0.0,,True
high,907420070,CollgCr,120000.0,6923.619999999995,6924.0,113076.38,-4263.17,-4263.0,-62.0,1.0,1.0,271509.0,274170.0,270455.0,268522.0,2660.0,0.08,0.0,,True
low,526354020,No aplicames,18000.0,10872.93,10873.0,7127.07,15659.65,15660.0,144.0,8.0,9.0,310703.0,337236.0,324042.0,324156.0,26533.0,0.04,0.0,,True
mid,526354020,No aplicames,50000.0,10872.93,10873.0,39127.07,15659.65,15660.0,144.0,8.0,9.0,310703.0,337236.0,324042.0,324156.0,26533.0,0.05,0.0,,True
high,526354020,No aplicames,120000.0,10872.929999999993,10873.0,109127.07,15659.65,15660.0,144.0,8.0,9.0,310703.0,337236.0,324042.0,324156.0,26533.0,0.11,0.0,,True
low,528354110,NoRidge,18000.0,6923.620000000001,6924.0,11076.38,-4021.86,-4022.0,-58.0,1.0,1.0,455884.0,458786.0,444310.0,441136.0,2902.0,0.04,0.0,,True
mid,528354110,NoRidge,50000.0,46581.81,46582.0,3418.19,5555.58,5556.0,12.0,10.0,11.0,455884.0,508021.0,444310.0,472668.0,52137.0,0.06,0.0,,True
high,528354110,NoRidge,120000.0,46581.81,46582.0,73418.19,5555.58,5556.0,12.0,10.0,11.0,455884.0,508021.0,444310.0,472668.0,52137.0,0.06,0.0,,True
low,528488120,Somerst,18000.0,6923.620000000001,6924.0,11076.38,-3077.17,-3077.0,-44.0,1.0,1.0,293895.0,297741.0,288025.0,285967.0,3846.0,0.04,0.0,,True
mid,528488120,Somerst,50000.0,6923.620000000003,6924.0,43076.38,-3077.17,-3077.0,-44.0,1.0,1.0,293895.0,297741.0,288025.0,285967.0,3846.0,0.07,0.0,,True
high,528488120,Somerst,120000.0,6923.619999999995,6924.0,113076.38,-3077.17,-3077.0,-44.0,1.0,1.0,293895.0,297741.0,288025.0,285967.0,3846.0,0.07,0.0,,True
low,528175010,NridgHt,18000.0,6923.620000000001,6924.0,11076.38,-4034.77,-4035.0,-58.0,1.0,1.0,313156.0,316045.0,334818.0,332426.0,2889.0,0.04,0.0,,True
mid,528175010,NridgHt,50000.0,46296.7,46297.0,3703.3,-1727.27,-1727.0,-4.0,12.0,14.0,313156.0,357726.0,334818.0,356188.0,44569.0,0.07,0.0,,True
high,528175010,NridgHt,120000.0,46296.7,46297.0,73703.3,-1727.27,-1727.0,-4.0,12.0,14.0,313156.0,357726.0,334818.0,356188.0,44569.0,0.07,0.0,,True
low,534176140,NWAmes,18000.0,10872.93,10873.0,7127.07,1151.94,1152.0,11.0,5.0,5.0,249329.0,261354.0,239524.0,239609.0,12025.0,0.04,0.0,,True
mid,534176140,NWAmes,50000.0,10872.93,10873.0,39127.07,1151.94,1152.0,11.0,5.0,5.0,249329.0,261354.0,239524.0,239609.0,12025.0,0.06,0.0,,True
high,534176140,NWAmes,120000.0,10872.929999999993,10873.0,109127.07,1151.94,1152.0,11.0,5.0,5.0,249329.0,261354.0,239524.0,239609.0,12025.0,0.06,0.0,,True
low,535457020,No aplicames,18000.0,10872.93,10873.0,7127.07,-7159.04,-7159.0,-66.0,1.0,2.0,245603.0,249317.0,235913.0,220175.0,3714.0,0.04,0.0,,True
mid,535457020,No aplicames,50000.0,10872.93,10873.0,39127.07,-7159.04,-7159.0,-66.0,1.0,2.0,245603.0,249317.0,235913.0,220175.0,3714.0,0.07,0.0,,True
high,535457020,No aplicames,120000.0,10872.929999999993,10873.0,109127.07,-7159.04,-7159.0,-66.0,1.0,2.0,245603.0,249317.0,235913.0,220175.0,3714.0,0.07,0.0,,True
low,909428190,Crawfor,18000.0,6923.620000000001,6924.0,11076.38,-4123.77,-4124.0,-60.0,1.0,1.0,328924.0,331724.0,324155.0,324270.0,2800.0,0.04,0.0,,True
mid,909428190,Crawfor,50000.0,25461.81,25462.0,24538.19,-2698.51,-2699.0,-11.0,6.0,7.0,328924.0,351688.0,324155.0,347449.0,22763.0,0.06,0.0,,True
high,909428190,Crawfor,120000.0,25461.809999999998,25462.0,94538.19,-2698.51,-2699.0,-11.0,6.0,7.0,328924.0,351688.0,324155.0,347449.0,22763.0,0.06,0.0,,True
low,905103040,Sawyer,18000.0,17016.93,17017.0,983.07,1398.01,1398.0,8.0,7.0,8.0,241229.0,259644.0,258475.0,258567.0,18415.0,0.05,0.0,,True
mid,905103040,Sawyer,50000.0,17016.93,17017.0,32983.07,1398.01,1398.0,8.0,7.0,8.0,241229.0,259644.0,258475.0,258567.0,18415.0,0.05,0.0,,True
high,905103040,Sawyer,120000.0,17016.929999999993,17017.0,102983.07,1398.01,1398.0,8.0,7.0,8.0,241229.0,259644.0,258475.0,258567.0,18415.0,0.08,0.0,,True
low,902125120,OldTown,18000.0,10872.93,10873.0,7127.07,5153.62,5154.0,47.0,10.0,11.0,146249.0,162275.0,118610.0,117762.0,16027.0,0.05,0.0,,True
mid,902125120,OldTown,50000.0,10872.93,10873.0,39127.07,5153.62,5154.0,47.0,10.0,11.0,146249.0,162275.0,118610.0,117762.0,16027.0,0.09,0.0,,True
high,902125120,OldTown,120000.0,10872.929999999993,10873.0,109127.07,5153.62,5154.0,47.0,10.0,11.0,146249.0,162275.0,118610.0,117762.0,16027.0,0.09,0.0,,True
low,921205030,Timber,18000.0,6923.620000000001,6924.0,11076.38,1207.37,1207.0,17.0,1.0,1.0,591848.0,599979.0,485883.0,482412.0,8131.0,0.04,0.0,,True
mid,921205030,Timber,50000.0,25461.81,25462.0,24538.19,14369.51,14370.0,56.0,6.0,7.0,591848.0,631679.0,485883.0,516895.0,39831.0,0.05,0.0,,True
high,921205030,Timber,120000.0,25461.809999999998,25462.0,94538.19,14369.51,14370.0,56.0,6.0,7.0,591848.0,631679.0,485883.0,516895.0,39831.0,0.06,0.0,,True
low,534475250,No aplicames,18000.0,9319.52,9320.0,8680.48,-1474.24,-1474.0,-16.0,3.0,3.0,254705.0,262550.0,263764.0,269331.0,7845.0,0.04,0.0,,True
mid,534475250,No aplicames,50000.0,9319.519999999997,9320.0,40680.48,-1474.24,-1474.0,-16.0,3.0,3.0,254705.0,262550.0,263764.0,269331.0,7845.0,0.06,0.0,,True
high,534475250,No aplicames,120000.0,9319.520000000004,9320.0,110680.48,-1474.24,-1474.0,-16.0,3.0,3.0,254705.0,262550.0,263764.0,269331.0,7845.0,0.07,0.0,,True
low,527375180,NWAmes,18000.0,10872.93,10873.0,7127.07,-2224.7,-2225.0,-20.0,4.0,4.0,230286.0,238935.0,234198.0,234198.0,8648.0,0.05,0.0,,True
mid,527375180,NWAmes,50000.0,10872.93,10873.0,39127.07,-2224.7,-2225.0,-20.0,4.0,4.0,230286.0,238935.0,234198.0,234198.0,8648.0,0.06,0.0,,True
high,527375180,NWAmes,120000.0,10872.929999999993,10873.0,109127.07,-2224.7,-2225.0,-20.0,4.0,4.0,230286.0,238935.0,234198.0,234198.0,8648.0,0.06,0.0,,True
low,923400125,Mitchel,18000.0,10872.93,10873.0,7127.07,-416.15,-416.0,-4.0,5.0,5.0,202833.0,213290.0,200271.0,191146.0,10457.0,0.04,0.0,,True
mid,923400125,Mitchel,50000.0,10872.93,10873.0,39127.07,-416.15,-416.0,-4.0,5.0,5.0,202833.0,213290.0,200271.0,191146.0,10457.0,0.07,0.0,,True
high,923400125,Mitchel,120000.0,10872.929999999993,10873.0,109127.07,-416.15,-416.0,-4.0,5.0,5.0,202833.0,213290.0,200271.0,191146.0,10457.0,0.11,0.0,,True
low,923251080,Mitchel,18000.0,10872.93,10873.0,7127.07,-2674.3,-2674.0,-25.0,4.0,4.0,220286.0,228484.0,214282.0,214358.0,8199.0,0.04,0.0,,True
mid,923251080,Mitchel,50000.0,10872.93,10873.0,39127.07,-2674.3,-2674.0,-25.0,4.0,4.0,220286.0,228484.0,214282.0,214358.0,8199.0,0.07,0.0,,True
high,923251080,Mitchel,120000.0,10872.929999999993,10873.0,109127.07,-2674.3,-2674.0,-25.0,4.0,4.0,220286.0,228484.0,214282.0,214358.0,8199.0,0.07,0.0,,True
low,905475270,SWISU,18000.0,10872.93,10873.0,7127.07,555.23,555.0,5.0,6.0,7.0,173192.0,184621.0,165226.0,161851.0,11428.0,0.04,0.0,,True
mid,905475270,SWISU,50000.0,10872.93,10873.0,39127.07,555.23,555.0,5.0,6.0,7.0,173192.0,184621.0,165226.0,161851.0,11428.0,0.07,0.0,,True
high,905475270,SWISU,120000.0,10872.929999999993,10873.0,109127.07,555.23,555.0,5.0,6.0,7.0,173192.0,184621.0,165226.0,161851.0,11428.0,0.09,0.0,,True
low,906201030,SawyerW,18000.0,8692.9,8693.0,9307.1,-4375.17,-4375.0,-50.0,2.0,2.0,260189.0,264507.0,249086.0,249421.0,4318.0,0.04,0.0,,True
mid,906201030,SawyerW,50000.0,8692.900000000001,8693.0,41307.1,-4375.17,-4375.0,-50.0,2.0,2.0,260189.0,264507.0,249086.0,249421.0,4318.0,0.06,0.0,,True
high,906201030,SawyerW,120000.0,8692.899999999994,8693.0,111307.1,-4375.17,-4375.0,-50.0,2.0,2.0,260189.0,264507.0,249086.0,249421.0,4318.0,0.07,0.0,,True
low,907275030,CollgCr,18000.0,6923.620000000001,6924.0,11076.38,-2088.68,-2089.0,-30.0,1.0,1.0,379476.0,384311.0,319070.0,316791.0,4835.0,0.04,0.0,,True
mid,907275030,CollgCr,50000.0,25461.81,25462.0,24538.19,-58.67,-59.0,-0.0,6.0,7.0,379476.0,404879.0,319070.0,339435.0,25403.0,0.08,0.0,,True
high,907275030,CollgCr,120000.0,25461.809999999998,25462.0,94538.19,-58.67,-59.0,-0.0,6.0,7.0,379476.0,404879.0,319070.0,339435.0,25403.0,0.07,0.0,,True
low,528340030,NoRidge,18000.0,6923.620000000001,6924.0,11076.38,-5021.82,-5022.0,-73.0,0.0,0.0,600933.0,602835.0,594926.0,582773.0,1902.0,0.04,0.0,,True
mid,528340030,NoRidge,50000.0,36661.81,36662.0,13338.19,33225.18,33225.0,91.0,10.0,12.0,600933.0,670820.0,594926.0,639299.0,69887.0,0.08,0.0,,True
high,528340030,NoRidge,120000.0,78009.03,78009.0,41990.97,49214.45,49214.0,63.0,17.0,21.0,600933.0,728157.0,594926.0,640558.0,127223.0,0.07,0.0,,True
low,923276030,Mitchel,18000.0,10872.93,10873.0,7127.07,1007.09,1007.0,9.0,5.0,6.0,212520.0,224400.0,211860.0,210347.0,11880.0,0.05,0.0,,True
mid,923276030,Mitchel,50000.0,10872.93,10873.0,39127.07,1007.09,1007.0,9.0,5.0,6.0,212520.0,224400.0,211860.0,210347.0,11880.0,0.05,0.0,,True
high,923276030,Mitchel,120000.0,10872.929999999993,10873.0,109127.07,1007.09,1007.0,9.0,5.0,6.0,212520.0,224400.0,211860.0,210347.0,11880.0,0.05,0.0,,True
low,532378180,Sawyer,18000.0,10872.93,10873.0,7127.07,919.15,919.0,8.0,7.0,7.0,168103.0,179895.0,170889.0,169668.0,11792.0,0.04,0.0,,True
mid,532378180,Sawyer,50000.0,10872.93,10873.0,39127.07,919.15,919.0,8.0,7.0,7.0,168103.0,179895.0,170889.0,169668.0,11792.0,0.07,0.0,,True
high,532378180,Sawyer,120000.0,6923.619999999995,6924.0,113076.38,-4027.08,-4027.0,-58.0,2.0,2.0,168103.0,171000.0,170889.0,169668.0,2897.0,0.05,0.0,,True
low,907270040,CollgCr,18000.0,11885.25,11885.0,6114.75,-3250.78,-3251.0,-27.0,2.0,2.0,434380.0,443015.0,387122.0,385183.0,8634.0,0.04,0.0,,True
mid,907270040,CollgCr,50000.0,30423.44,30423.0,19576.56,5558.55,5559.0,18.0,8.0,8.0,434380.0,470362.0,387122.0,412716.0,35982.0,0.07,0.0,,True
high,907270040,CollgCr,120000.0,58423.44,58423.0,61576.56,8310.69,8311.0,14.0,13.0,15.0,434380.0,501114.0,387122.0,423140.0,66734.0,0.08,0.0,,True
low,902202150,OldTown,18000.0,10872.93,10873.0,7127.07,-1201.38,-1201.0,-11.0,6.0,6.0,154422.0,164094.0,155529.0,154044.0,9672.0,0.04,0.0,,True
mid,902202150,OldTown,50000.0,10872.93,10873.0,39127.07,-1201.38,-1201.0,-11.0,6.0,6.0,154422.0,164094.0,155529.0,154044.0,9672.0,0.08,0.0,,True
high,902202150,OldTown,120000.0,10872.929999999993,10873.0,109127.07,-1201.38,-1201.0,-11.0,6.0,6.0,154422.0,164094.0,155529.0,154044.0,9672.0,0.09,0.0,,True
low,904351280,Edwards,18000.0,10872.93,10873.0,7127.07,-2389.36,-2389.0,-22.0,4.0,4.0,193443.0,201927.0,192737.0,182134.0,8484.0,0.04,0.0,,True
mid,904351280,Edwards,50000.0,10872.93,10873.0,39127.07,-2389.36,-2389.0,-22.0,4.0,4.0,193443.0,201927.0,192737.0,182134.0,8484.0,0.08,0.0,,True
high,904351280,Edwards,120000.0,10872.929999999993,10873.0,109127.07,-2389.36,-2389.0,-22.0,4.0,4.0,193443.0,201927.0,192737.0,182134.0,8484.0,0.12,0.0,,True
low,903225040,BrkSide,18000.0,10872.93,10873.0,7127.07,236.87,237.0,2.0,5.0,6.0,193319.0,204429.0,192484.0,188553.0,11110.0,0.04,0.0,,True
mid,903225040,BrkSide,50000.0,10872.93,10873.0,39127.07,236.87,237.0,2.0,5.0,6.0,193319.0,204429.0,192484.0,188553.0,11110.0,0.09,0.0,,True
high,903225040,BrkSide,120000.0,10872.929999999993,10873.0,109127.07,236.87,237.0,2.0,5.0,6.0,193319.0,204429.0,192484.0,188553.0,11110.0,0.09,0.0,,True
low,534278190,No aplicames,18000.0,10872.93,10873.0,7127.07,-485.9,-486.0,-4.0,5.0,6.0,182266.0,192653.0,181045.0,175987.0,10387.0,0.05,0.0,,True
mid,534278190,No aplicames,50000.0,10872.93,10873.0,39127.07,-485.9,-486.0,-4.0,5.0,6.0,182266.0,192653.0,181045.0,175987.0,10387.0,0.08,0.0,,True
high,534278190,No aplicames,120000.0,10872.929999999993,10873.0,109127.07,-485.9,-486.0,-4.0,5.0,6.0,182266.0,192653.0,181045.0,175987.0,10387.0,0.09,0.0,,True
low,527404020,No aplicames,18000.0,10872.93,10873.0,7127.07,-2364.77,-2365.0,-22.0,4.0,4.0,194675.0,203183.0,197352.0,197422.0,8508.0,0.06,0.0,,True
mid,527404020,No aplicames,50000.0,10872.93,10873.0,39127.07,-2364.77,-2365.0,-22.0,4.0,4.0,194675.0,203183.0,197352.0,197422.0,8508.0,0.08,0.0,,True
high,527404020,No aplicames,120000.0,10872.929999999993,10873.0,109127.07,-2364.77,-2365.0,-22.0,4.0,4.0,194675.0,203183.0,197352.0,197422.0,8508.0,0.09,0.0,,True
low,902135020,OldTown,18000.0,15198.68,15199.0,2801.32,-93.43,-93.0,-1.0,11.0,12.0,123756.0,138861.0,140335.0,137468.0,15105.0,0.05,0.0,,True
mid,902135020,OldTown,50000.0,15198.68,15199.0,34801.32,-93.43,-93.0,-1.0,11.0,12.0,123756.0,138861.0,140335.0,137468.0,15105.0,0.1,0.0,,True
high,902135020,OldTown,120000.0,6923.619999999995,6924.0,113076.38,-4759.55,-4760.0,-69.0,2.0,2.0,123756.0,125920.0,140335.0,137468.0,2164.0,0.08,0.0,,True
low,905108220,Sawyer,18000.0,10872.93,10873.0,7127.07,1127.97,1128.0,10.0,6.0,6.0,200344.0,212345.0,213750.0,213826.0,12001.0,0.05,0.0,,True
mid,905108220,Sawyer,50000.0,10872.93,10873.0,39127.07,1127.97,1128.0,10.0,6.0,6.0,200344.0,212345.0,213750.0,213826.0,12001.0,0.07,0.0,,True
high,905108220,Sawyer,120000.0,10872.929999999993,10873.0,109127.07,1127.97,1128.0,10.0,6.0,6.0,200344.0,212345.0,213750.0,213826.0,12001.0,0.08,0.0,,True
low,534201240,No aplicames,18000.0,10872.93,10873.0,7127.07,-3787.78,-3788.0,-35.0,3.0,3.0,217337.0,224422.0,202615.0,198476.0,7085.0,0.05,0.0,,True
mid,534201240,No aplicames,50000.0,6923.620000000003,6924.0,43076.38,-4052.09,-4052.0,-59.0,1.0,1.0,217337.0,220208.0,202615.0,198476.0,2872.0,0.05,0.0,,True
high,534201240,No aplicames,120000.0,10872.929999999993,10873.0,109127.07,-3787.78,-3788.0,-35.0,3.0,3.0,217337.0,224422.0,202615.0,198476.0,7085.0,0.06,0.0,,True
low,527258020,StoneBr,18000.0,7782.360000000001,7782.0,10217.64,-1441.56,-1442.0,-19.0,2.0,2.0,382330.0,388671.0,372360.0,369700.0,6341.0,0.06,0.0,,True
mid,527258020,StoneBr,50000.0,26320.55,26321.0,23679.45,2750.35,2750.0,10.0,7.0,8.0,382330.0,411401.0,372360.0,396126.0,29071.0,0.06,0.0,,True
high,527258020,StoneBr,120000.0,26320.550000000003,26321.0,93679.45,2750.35,2750.0,10.0,7.0,8.0,382330.0,411401.0,372360.0,396126.0,29071.0,0.05,0.0,,True
low,902104060,OldTown,18000.0,10872.93,10873.0,7127.07,-3021.61,-3022.0,-28.0,5.0,6.0,137327.0,145179.0,144324.0,136385.0,7851.0,0.04,0.0,,True
mid,902104060,OldTown,50000.0,10872.93,10873.0,39127.07,-3021.61,-3022.0,-28.0,5.0,6.0,137327.0,145179.0,144324.0,136385.0,7851.0,0.07,0.0,,True
high,902104060,OldTown,120000.0,10872.929999999993,10873.0,109127.07,-3021.61,-3022.0,-28.0,5.0,6.0,137327.0,145179.0,144324.0,136385.0,7851.0,0.08,0.0,,True
low,907290140,CollgCr,18000.0,6923.620000000001,6924.0,11076.38,-4737.56,-4738.0,-68.0,1.0,1.0,216726.0,218912.0,204642.0,203180.0,2186.0,0.04,0.0,,True
mid,907290140,CollgCr,50000.0,6923.620000000003,6924.0,43076.38,-4737.56,-4738.0,-68.0,1.0,1.0,216726.0,218912.0,204642.0,203180.0,2186.0,0.06,0.0,,True
high,907290140,CollgCr,120000.0,6923.619999999995,6924.0,113076.38,-4737.56,-4738.0,-68.0,1.0,1.0,216726.0,218912.0,204642.0,203180.0,2186.0,0.06,0.0,,True
low,903231090,BrkSide,18000.0,10872.93,10873.0,7127.07,2286.18,2286.0,21.0,6.0,6.0,206392.0,219551.0,214957.0,213421.0,13159.0,0.04,0.0,,True
mid,903231090,BrkSide,50000.0,6923.620000000003,6924.0,43076.38,-4043.29,-4043.0,-58.0,1.0,1.0,206392.0,209272.0,214957.0,213421.0,2880.0,0.08,0.0,,True
high,903231090,BrkSide,120000.0,10872.929999999993,10873.0,109127.07,2286.18,2286.0,21.0,6.0,6.0,206392.0,219551.0,214957.0,213421.0,13159.0,0.1,0.0,,True
low,533236040,,18000.0,,,,,,,,,,,,,,,,,False
mid,533236040,Somerst,50000.0,32403.62,32404.0,17596.38,-18955.51,-18956.0,-58.0,5.0,5.0,269509.0,282957.0,260148.0,256247.0,13448.0,0.06,0.0,,True
high,533236040,Somerst,120000.0,32403.619999999995,32404.0,87596.38,-18955.51,-18956.0,-58.0,5.0,5.0,269509.0,282957.0,260148.0,256247.0,13448.0,0.07,0.0,,True
low,534401110,No aplicames,18000.0,10872.93,10873.0,7127.07,-2335.97,-2336.0,-21.0,4.0,4.0,218163.0,226700.0,211142.0,211217.0,8537.0,0.04,0.0,,True
mid,534401110,No aplicames,50000.0,10872.93,10873.0,39127.07,-2335.97,-2336.0,-21.0,4.0,4.0,218163.0,226700.0,211142.0,211217.0,8537.0,0.06,0.0,,True
high,534401110,No aplicames,120000.0,6923.619999999995,6924.0,113076.38,-5518.46,-5518.0,-80.0,1.0,1.0,218163.0,219568.0,211142.0,211217.0,1405.0,0.05,0.0,,True
low,534275100,No aplicames,18000.0,10872.93,10873.0,7127.07,-2102.97,-2103.0,-19.0,5.0,5.0,179240.0,188010.0,176655.0,173046.0,8770.0,0.04,0.0,,True
mid,534275100,No aplicames,50000.0,10872.93,10873.0,39127.07,-2102.97,-2103.0,-19.0,5.0,5.0,179240.0,188010.0,176655.0,173046.0,8770.0,0.07,0.0,,True
high,534275100,No aplicames,120000.0,10872.929999999993,10873.0,109127.07,-2102.97,-2103.0,-19.0,5.0,5.0,179240.0,188010.0,176655.0,173046.0,8770.0,0.07,0.0,,True
low,535180120,No aplicames,18000.0,10872.93,10873.0,7127.07,-2156.11,-2156.0,-20.0,4.0,4.0,202410.0,211127.0,189785.0,185909.0,8717.0,0.04,0.0,,True
mid,535180120,No aplicames,50000.0,10872.93,10873.0,39127.07,-2156.11,-2156.0,-20.0,4.0,4.0,202410.0,211127.0,189785.0,185909.0,8717.0,0.04,0.0,,True
high,535180120,No aplicames,120000.0,6923.619999999995,6924.0,113076.38,-3859.17,-3859.0,-56.0,1.0,2.0,202410.0,205474.0,189785.0,185909.0,3064.0,0.05,0.0,,True
low,534127130,NWAmes,18000.0,10872.93,10873.0,7127.07,6058.75,6059.0,56.0,7.0,7.0,238983.0,255915.0,264308.0,264401.0,16932.0,0.13,0.0,,True
mid,534127130,NWAmes,50000.0,10872.93,10873.0,39127.07,6058.75,6059.0,56.0,7.0,7.0,238983.0,255915.0,264308.0,264401.0,16932.0,0.06,0.0,,True
high,534127130,NWAmes,120000.0,10872.929999999993,10873.0,109127.07,6058.75,6059.0,56.0,7.0,7.0,238983.0,255915.0,264308.0,264401.0,16932.0,0.11,0.0,,True
low,905201110,Sawyer,18000.0,16383.2,16383.0,1616.8,-1224.81,-1225.0,-7.0,6.0,6.0,256704.0,271863.0,267528.0,267623.0,15158.0,0.05,0.0,,True
mid,905201110,Sawyer,50000.0,16383.199999999997,16383.0,33616.8,-1224.81,-1225.0,-7.0,6.0,6.0,256704.0,271863.0,267528.0,267623.0,15158.0,0.06,0.0,,True
high,905201110,Sawyer,120000.0,16383.199999999997,16383.0,103616.8,-1224.81,-1225.0,-7.0,6.0,6.0,256704.0,271863.0,267528.0,267623.0,15158.0,0.06,0.0,,True
low,526355080,No aplicames,18000.0,6923.620000000001,6924.0,11076.38,-2596.51,-2597.0,-38.0,1.0,1.0,555489.0,559816.0,514594.0,514594.0,4327.0,0.04,0.0,,True
mid,526355080,No aplicames,50000.0,25461.81,25462.0,24538.19,4051.56,4052.0,16.0,5.0,5.0,555489.0,585002.0,514594.0,551377.0,29513.0,0.06,0.0,,True
high,526355080,No aplicames,120000.0,53461.81,53462.0,66538.19,4779.14,4779.0,9.0,9.0,10.0,555489.0,613730.0,514594.0,565304.0,58241.0,0.07,0.0,,True
low,527403020,No aplicames,18000.0,10872.93,10873.0,7127.07,-133.79,-134.0,-1.0,5.0,5.0,207743.0,218482.0,203585.0,202130.0,10739.0,0.06,0.0,,True
mid,527403020,No aplicames,50000.0,10872.93,10873.0,39127.07,-133.79,-134.0,-1.0,5.0,5.0,207743.0,218482.0,203585.0,202130.0,10739.0,0.05,0.0,,True
high,527403020,No aplicames,120000.0,10872.929999999993,10873.0,109127.07,-133.79,-134.0,-1.0,5.0,5.0,207743.0,218482.0,203585.0,202130.0,10739.0,0.06,0.0,,True
