{
  "train": {
    "RMSE": 29202.202184429076,
    "MAE": 17980.701083616947,
    "MAPE_pct": 6.75533635806998,
    "R2": 0.9428527342778595,
    "residual_skew": 1.0701282824378984,
    "residual_kurtosis": 27.85299950004998
  },
  "test": {
    "RMSE": 37134.833941323006,
    "MAE": 20767.49684524379,
    "MAPE_pct": 7.573322456909226,
    "R2": 0.9082781842108548,
    "residual_skew": -0.7610096916988618,
    "residual_kurtosis": 33.56509872709121
  },
  "log_target": true
}