{
  "train": {
    "RMSE": 24103.67853419576,
    "MAE": 16177.711016749388,
    "MAPE_pct": 6.161013386330669,
    "R2": 0.9610658316808949,
    "residual_skew": 0.8544745813851566,
    "residual_kurtosis": 11.582706916316312
  },
  "test": {
    "RMSE": 34139.055779735485,
    "MAE": 19997.080222500546,
    "MAPE_pct": 7.537159548521519,
    "R2": 0.922480193182903,
    "residual_skew": -1.2236428744222612,
    "residual_kurtosis": 29.864106516906446
  },
  "log_target": true
}