{
  "train": {
    "RMSE": 31388.930519313577,
    "MAE": 19340.942114039735,
    "MAPE_pct": 7.292437515120935,
    "R2": 0.9339736505225664,
    "residual_skew": 0.5614306699897508,
    "residual_kurtosis": 28.24485678078056
  },
  "test": {
    "RMSE": 39887.827733352526,
    "MAE": 21987.699098106863,
    "MAPE_pct": 7.964489352895522,
    "R2": 0.8941744723770264,
    "residual_skew": -1.7820636987629908,
    "residual_kurtosis": 46.634924447134864
  },
  "log_target": true
}