{
  "train": {
    "RMSE": 24554.065295078606,
    "MAE": 16341.936701511435,
    "MAPE_pct": 6.227216983797918,
    "R2": 0.959597237400635,
    "residual_skew": 0.9043251016000408,
    "residual_kurtosis": 12.242337326668348
  },
  "test": {
    "RMSE": 34362.96828905168,
    "MAE": 20201.987304578706,
    "MAPE_pct": 7.5584074917306205,
    "R2": 0.9214599788223498,
    "residual_skew": -0.6653930562171296,
    "residual_kurtosis": 24.555366640412572
  },
  "log_target": true
}