{
  "train": {
    "RMSE": 35467.6517366383,
    "MAE": 20653.03956611514,
    "MAPE_pct": 7.718389151497394,
    "R2": 0.915699700097034,
    "residual_skew": 1.9452019153955826,
    "residual_kurtosis": 34.84334691672603
  },
  "test": {
    "RMSE": 41301.525504086545,
    "MAE": 22548.230004569123,
    "MAPE_pct": 8.110038547990884,
    "R2": 0.8865402408599079,
    "residual_skew": -0.06139869069863186,
    "residual_kurtosis": 31.982711180393018
  },
  "log_target": true
}