{
  "train": {
    "RMSE": 44951.81821828122,
    "MAE": 26366.96913909167,
    "MAPE_pct": 9.974057887378764,
    "R2": 0.8645874942692712,
    "residual_skew": 2.9329530579620964,
    "residual_kurtosis": 30.10509018918578
  },
  "test": {
    "RMSE": 46069.57728039607,
    "MAE": 26634.711550896278,
    "MAPE_pct": 9.58871023259958,
    "R2": 0.8588313940606178,
    "residual_skew": 1.580721658466355,
    "residual_kurtosis": 17.046232238144576
  },
  "log_target": true
}