{
  "train": {
    "RMSE": 23633.347012940827,
    "MAE": 15749.001032843906,
    "MAPE_pct": 5.991630841679768,
    "R2": 0.962570440800026,
    "residual_skew": 0.9197076825946688,
    "residual_kurtosis": 12.903339222014665
  },
  "test": {
    "RMSE": 34607.00895882758,
    "MAE": 20375.996112002074,
    "MAPE_pct": 7.624340677597921,
    "R2": 0.9203404585496916,
    "residual_skew": -1.0523830710434692,
    "residual_kurtosis": 26.731517369434968
  },
  "log_target": true
}