{
  "train": {
    "RMSE": 22968.16012593656,
    "MAE": 14961.240890312665,
    "MAPE_pct": 5.56645720741098,
    "R2": 0.9646477822678552,
    "residual_skew": 1.3280056822757833,
    "residual_kurtosis": 13.637146831474695
  },
  "test": {
    "RMSE": 35820.99122622421,
    "MAE": 20669.4063438205,
    "MAPE_pct": 7.649998394501595,
    "R2": 0.9146536661918336,
    "residual_skew": -0.612570143123055,
    "residual_kurtosis": 29.820037215714784
  },
  "log_target": true
}