{
  "train": {
    "RMSE": 23154.048416909114,
    "MAE": 15496.068418453122,
    "MAPE_pct": 5.85444326785424,
    "R2": 0.9640732341866464,
    "residual_skew": 1.028648468613018,
    "residual_kurtosis": 11.82626494382071
  },
  "test": {
    "RMSE": 33425.20525898216,
    "MAE": 19869.05724003003,
    "MAPE_pct": 7.419812034492325,
    "R2": 0.9256881904025646,
    "residual_skew": -1.1054539857983312,
    "residual_kurtosis": 26.402762896185457
  },
  "log_target": true
}