{
  "train": {
    "RMSE": 27995.553232228223,
    "MAE": 18219.843142555255,
    "MAPE_pct": 7.003442061824626,
    "R2": 0.947477866739999,
    "residual_skew": 0.5966988536402891,
    "residual_kurtosis": 17.69722918596077
  },
  "test": {
    "RMSE": 37258.50512061973,
    "MAE": 21374.829805638547,
    "MAPE_pct": 7.900138149902314,
    "R2": 0.9076662394436269,
    "residual_skew": -1.8508843144966465,
    "residual_kurtosis": 39.55487897821342
  },
  "log_target": true
}