{
  "train": {
    "RMSE": 9094.402947930968,
    "MAE": 6359.763425647612,
    "MAPE_pct": 2.43425990015471,
    "R2": 0.9940799495876982,
    "residual_skew": 0.7707447218841402,
    "residual_kurtosis": 10.203096307861006
  },
  "test": {
    "RMSE": 34555.72671928372,
    "MAE": 20588.850830878797,
    "MAPE_pct": 7.121571071480616,
    "R2": 0.9355373874916438,
    "residual_skew": 1.0403299501033323,
    "residual_kurtosis": 15.588802863402911
  },
  "log_target": true
}