{
  "train": {
    "RMSE": 43928.21085868869,
    "MAE": 26261.499088444736,
    "MAPE_pct": 9.901547778924526,
    "R2": 0.8706842926969173,
    "residual_skew": 2.4440071839603386,
    "residual_kurtosis": 25.63358024046243
  },
  "test": {
    "RMSE": 47139.40854556119,
    "MAE": 27183.345356555397,
    "MAPE_pct": 9.704821275579926,
    "R2": 0.8521988103542143,
    "residual_skew": 1.0902103226069646,
    "residual_kurtosis": 18.69798910220512
  },
  "log_target": true
}