{
  "train": {
    "RMSE": 10191.132188243491,
    "MAE": 7134.376672287939,
    "MAPE_pct": 2.686271476753406,
    "R2": 0.9930400019408975,
    "residual_skew": 0.7304517204910657,
    "residual_kurtosis": 7.603581543469793
  },
  "test": {
    "RMSE": 32562.319182028565,
    "MAE": 20460.422729768103,
    "MAPE_pct": 7.749758280325035,
    "R2": 0.9294754490749189,
    "residual_skew": 0.2718831823621905,
    "residual_kurtosis": 13.29746185678726
  },
  "log_target": true
}