{
  "train": {
    "RMSE": 13419.317775922946,
    "MAE": 8388.496008636746,
    "MAPE_pct": 3.083190546775788,
    "R2": 0.9879322828190713,
    "residual_skew": 1.5748757632823145,
    "residual_kurtosis": 20.665962481528187
  },
  "test": {
    "RMSE": 33579.86052001455,
    "MAE": 20170.26515550056,
    "MAPE_pct": 7.586952166066221,
    "R2": 0.9249989320977694,
    "residual_skew": -0.16139771189041197,
    "residual_kurtosis": 20.344630200283497
  },
  "log_target": true
}