{
  "train": {
    "RMSE": 30947.735339842253,
    "MAE": 19151.92026047494,
    "MAPE_pct": 7.252238395756755,
    "R2": 0.9358167067187834,
    "residual_skew": 0.7791971192612173,
    "residual_kurtosis": 27.365081859458645
  },
  "test": {
    "RMSE": 37886.19381554483,
    "MAE": 21157.60918348784,
    "MAPE_pct": 7.711270064891891,
    "R2": 0.9045289663346534,
    "residual_skew": -1.5215700810645614,
    "residual_kurtosis": 42.1403643165311
  },
  "log_target": true
}