{
  "train": {
    "RMSE": 28418.65364746808,
    "MAE": 17419.87868803495,
    "MAPE_pct": 6.49740108092558,
    "R2": 0.945878322754143,
    "residual_skew": 1.2871944156477806,
    "residual_kurtosis": 26.62261821503511
  },
  "test": {
    "RMSE": 38391.12371415595,
    "MAE": 21067.871354690367,
    "MAPE_pct": 7.682171533630585,
    "R2": 0.9019672197225282,
    "residual_skew": -1.4289586578258069,
    "residual_kurtosis": 41.71258552390623
  },
  "log_target": true
}