{
  "train": {
    "RMSE": 24016.550223108847,
    "MAE": 15593.857538283528,
    "MAPE_pct": 5.914002945681864,
    "R2": 0.9613467960370925,
    "residual_skew": 1.1782088193962352,
    "residual_kurtosis": 17.01257609570031
  },
  "test": {
    "RMSE": 34842.35915919941,
    "MAE": 20482.633864043695,
    "MAPE_pct": 7.567801142872933,
    "R2": 0.9192533008590512,
    "residual_skew": -0.06361982696083593,
    "residual_kurtosis": 24.998073844684342
  },
  "log_target": true
}