{
  "train": {
    "RMSE": 32412.21331832519,
    "MAE": 19715.228099380813,
    "MAPE_pct": 7.355065240958715,
    "R2": 0.9295985464562151,
    "residual_skew": 2.477884848223312,
    "residual_kurtosis": 27.740654369579953
  },
  "test": {
    "RMSE": 37766.50492414893,
    "MAE": 21769.08020271729,
    "MAPE_pct": 7.871360575881417,
    "R2": 0.9051312317722329,
    "residual_skew": 0.7126669557052772,
    "residual_kurtosis": 19.33041013796543
  },
  "log_target": true
}