{
  "train": {
    "RMSE": 27144.42417179091,
    "MAE": 17253.559203101144,
    "MAPE_pct": 6.445773263113444,
    "R2": 0.9506229073074084,
    "residual_skew": 1.7599008945586834,
    "residual_kurtosis": 20.212795650184983
  },
  "test": {
    "RMSE": 35302.980781377824,
    "MAE": 20872.948291640296,
    "MAPE_pct": 7.6860313721540185,
    "R2": 0.9171042197032495,
    "residual_skew": 0.5337136297905283,
    "residual_kurtosis": 16.684016058942362
  },
  "log_target": true
}