{
  "train": {
    "RMSE": 22696.12489519688,
    "MAE": 15267.356994270433,
    "MAPE_pct": 5.728406215840324,
    "R2": 0.9654802474214776,
    "residual_skew": 1.036894351360419,
    "residual_kurtosis": 11.32592846248961
  },
  "test": {
    "RMSE": 32536.859486174504,
    "MAE": 19927.88131273534,
    "MAPE_pct": 7.488604952615208,
    "R2": 0.9295856888686168,
    "residual_skew": -0.4603314862919248,
    "residual_kurtosis": 17.39466490545825
  },
  "log_target": true
}