{
  "train": {
    "RMSE": 2094.7807883486407,
    "MAE": 1549.3764865583396,
    "MAPE_pct": 0.677113040435202,
    "R2": 0.9996859099460815
  },
  "test": {
    "RMSE": 36364.76750735497,
    "MAE": 21666.44593513551,
    "MAPE_pct": 7.5190688069397655,
    "R2": 0.9286113003210388
  }
}