{
  "train": {
    "RMSE": 35260.88280306999,
    "MAE": 21093.42996554006,
    "MAPE_pct": 7.937019634180309,
    "R2": 0.9166797409881128,
    "residual_skew": 1.876148605085603,
    "residual_kurtosis": 33.32574791259904
  },
  "test": {
    "RMSE": 40532.49286002815,
    "MAE": 22888.89007433565,
    "MAPE_pct": 8.282991596076572,
    "R2": 0.8907261357983364,
    "residual_skew": 0.08595164958769483,
    "residual_kurtosis": 28.768243914865224
  },
  "log_target": true
}