{
  "train": {
    "RMSE": 25628.775393048596,
    "MAE": 16680.65454770512,
    "MAPE_pct": 6.36095712200858,
    "R2": 0.955983048731035,
    "residual_skew": 0.8670679583397014,
    "residual_kurtosis": 15.935306283889464
  },
  "test": {
    "RMSE": 34811.83601383691,
    "MAE": 20452.84202094303,
    "MAPE_pct": 7.563623873543171,
    "R2": 0.9193947128493596,
    "residual_skew": -0.6479557616474537,
    "residual_kurtosis": 27.918259931714296
  },
  "log_target": true
}