{
  "train": {
    "RMSE": 40456.7431363997,
    "MAE": 23942.008017196564,
    "MAPE_pct": 9.015102844056901,
    "R2": 0.8903152915807011,
    "residual_skew": 2.239691789924531,
    "residual_kurtosis": 28.631533931107356
  },
  "test": {
    "RMSE": 43950.63460156129,
    "MAE": 24974.67562548265,
    "MAPE_pct": 8.998028987908398,
    "R2": 0.871518685338122,
    "residual_skew": 0.5771878320318131,
    "residual_kurtosis": 23.79286811550339
  },
  "log_target": true
}