{
  "train": {
    "RMSE": 22534.355297822683,
    "MAE": 14393.974404110988,
    "MAPE_pct": 5.465558219500136,
    "R2": 0.9659705818092527,
    "residual_skew": 0.8861475736976497,
    "residual_kurtosis": 17.49518337169165
  },
  "test": {
    "RMSE": 38641.88048403698,
    "MAE": 21303.380745845345,
    "MAPE_pct": 7.85560237855928,
    "R2": 0.9006824089379248,
    "residual_skew": -1.5891256451397517,
    "residual_kurtosis": 39.17414908211822
  },
  "log_target": true
}