{
  "train": {
    "RMSE": 38496.939765731484,
    "MAE": 22542.15678267648,
    "MAPE_pct": 8.497295806426122,
    "R2": 0.9006845844831839,
    "residual_skew": 1.822112798142398,
    "residual_kurtosis": 32.63364333407822
  },
  "test": {
    "RMSE": 42212.41460570267,
    "MAE": 23712.92162488233,
    "MAPE_pct": 8.533239145841613,
    "R2": 0.881480431534802,
    "residual_skew": -0.07561941075200905,
    "residual_kurtosis": 29.252064066690288
  },
  "log_target": true
}