{
  "train": {
    "RMSE": 23436.377410674504,
    "MAE": 15964.850355690303,
    "MAPE_pct": 6.065980890585772,
    "R2": 0.9631917461774859,
    "residual_skew": 0.8617562226729024,
    "residual_kurtosis": 10.109981912726582
  },
  "test": {
    "RMSE": 34773.64153040435,
    "MAE": 19973.692391929904,
    "MAPE_pct": 7.380833617896178,
    "R2": 0.9195714911375296,
    "residual_skew": -0.5589492738707525,
    "residual_kurtosis": 27.558303521693574
  },
  "log_target": true
}