{
  "train": {
    "RMSE": 28808.697782901836,
    "MAE": 17849.511949007574,
    "MAPE_pct": 6.70979464075105,
    "R2": 0.9443824947906441,
    "residual_skew": 1.0206206418619728,
    "residual_kurtosis": 25.002784187835015
  },
  "test": {
    "RMSE": 37584.4243414915,
    "MAE": 21144.208548621744,
    "MAPE_pct": 7.67063991213732,
    "R2": 0.9060437928016453,
    "residual_skew": -0.6893085498976267,
    "residual_kurtosis": 33.445069709896075
  },
  "log_target": true
}