{
  "train": {
    "RMSE": 29525.098224850874,
    "MAE": 18006.101339731023,
    "MAPE_pct": 6.836469642107479,
    "R2": 0.9415819641249233,
    "residual_skew": 0.5143114429350261,
    "residual_kurtosis": 32.027694238250646
  },
  "test": {
    "RMSE": 36208.02398974772,
    "MAE": 20674.386310086247,
    "MAPE_pct": 7.604413360552884,
    "R2": 0.912799430743522,
    "residual_skew": -1.8625764369994315,
    "residual_kurtosis": 40.87995064069703
  },
  "log_target": true
}