{
  "train": {
    "RMSE": 21398.922126835587,
    "MAE": 14132.271438277792,
    "MAPE_pct": 5.302769673109955,
    "R2": 0.9693134513604358,
    "residual_skew": 1.3697620059446245,
    "residual_kurtosis": 12.987531042190078
  },
  "test": {
    "RMSE": 36097.396687204084,
    "MAE": 20257.0366698424,
    "MAPE_pct": 7.476044453686219,
    "R2": 0.9133314689877365,
    "residual_skew": -0.42018572157805234,
    "residual_kurtosis": 32.19321055884917
  },
  "log_target": true
}