{
  "mean": {
    "fold": 5.5,
    "R2": 0.9292973413290673,
    "RMSE": 32307.39877364773,
    "MAE": 19747.261123997898,
    "MAPE": 7.844160104465051
  },
  "std": {
    "fold": 3.0276503540974917,
    "R2": 0.016247616225574708,
    "RMSE": 4835.429920800146,
    "MAE": 1157.8306790883346,
    "MAPE": 1.0341272032982145
  }
}