{
  "train": {
    "RMSE": 26674.79918142984,
    "MAE": 16508.789272309197,
    "MAPE_pct": 6.233863580273166,
    "R2": 0.9523166712153379,
    "residual_skew": 0.6565395934485352,
    "residual_kurtosis": 24.872230262718933
  },
  "test": {
    "RMSE": 38138.252447211264,
    "MAE": 20842.31441298968,
    "MAPE_pct": 7.630342617256567,
    "R2": 0.9032543939307154,
    "residual_skew": -1.381745624298785,
    "residual_kurtosis": 41.69990001231338
  },
  "log_target": true
}