{
  "train": {
    "RMSE": 23398.532219622608,
    "MAE": 15659.237015716062,
    "MAPE_pct": 5.952665155466378,
    "R2": 0.9633105265375518,
    "residual_skew": 0.9397534690648299,
    "residual_kurtosis": 11.13916210412119
  },
  "test": {
    "RMSE": 33665.44555216952,
    "MAE": 19779.84006739882,
    "MAPE_pct": 7.363369042193893,
    "R2": 0.9246161342704157,
    "residual_skew": -0.7637549850727288,
    "residual_kurtosis": 26.72349592563029
  },
  "log_target": true
}