{
  "train": {
    "RMSE": 22036.644946750177,
    "MAE": 14419.707636627902,
    "MAPE_pct": 5.373239718184756,
    "R2": 0.9674571789814239,
    "residual_skew": 1.4830305260993462,
    "residual_kurtosis": 13.783029088530807
  },
  "test": {
    "RMSE": 34530.6075747903,
    "MAE": 20563.00364627613,
    "MAPE_pct": 7.656463812570112,
    "R2": 0.920691796692205,
    "residual_skew": -0.2414396212818323,
    "residual_kurtosis": 20.298353533594295
  },
  "log_target": true
}