{
  "train": {
    "RMSE": 22826.943408054485,
    "MAE": 14956.738729074876,
    "MAPE_pct": 5.604534774758782,
    "R2": 0.9650811628090726,
    "residual_skew": 1.4552020947044815,
    "residual_kurtosis": 14.33712492401851
  },
  "test": {
    "RMSE": 34757.46192106527,
    "MAE": 20467.64656637396,
    "MAPE_pct": 7.525632079746345,
    "R2": 0.9196463178774726,
    "residual_skew": -0.25356048603081116,
    "residual_kurtosis": 22.90178960944801
  },
  "log_target": true
}