{
  "train": {
    "RMSE": 30749.75322188557,
    "MAE": 19406.192356437925,
    "MAPE_pct": 7.2985932792923425,
    "R2": 0.9366352802563862,
    "residual_skew": 1.0310846717301405,
    "residual_kurtosis": 19.551497499303522
  },
  "test": {
    "RMSE": 40279.75707480476,
    "MAE": 22100.14734402058,
    "MAPE_pct": 8.035275680980792,
    "R2": 0.8920846169225258,
    "residual_skew": -1.9379354629899446,
    "residual_kurtosis": 46.25254897754702
  },
  "log_target": true
}