{
  "train": {
    "RMSE": 28982.667391457933,
    "MAE": 17993.279837837552,
    "MAPE_pct": 6.799689321435768,
    "R2": 0.9437087419816803,
    "residual_skew": 1.0146192012434825,
    "residual_kurtosis": 25.130629633351486
  },
  "test": {
    "RMSE": 35612.97113755455,
    "MAE": 20169.732029319708,
    "MAPE_pct": 7.467350944089127,
    "R2": 0.9156420364976326,
    "residual_skew": -1.4955612099754678,
    "residual_kurtosis": 38.82253135868623
  },
  "log_target": true
}