{
  "train": {
    "RMSE": 8047.452694192895,
    "MAE": 5552.388699962525,
    "MAPE_pct": 2.0643762634354452,
    "R2": 0.9956600860987074,
    "residual_skew": 0.9446177062035926,
    "residual_kurtosis": 7.7025616538492985
  },
  "test": {
    "RMSE": 31523.803700306296,
    "MAE": 19249.604686369825,
    "MAPE_pct": 7.257869481910725,
    "R2": 0.9339022158809307,
    "residual_skew": -0.29728451211109563,
    "residual_kurtosis": 17.013482875452574
  },
  "log_target": true
}