{
  "train": {
    "RMSE": 48390.47565618555,
    "MAE": 28108.133903530386,
    "MAPE_pct": 10.587069873311565,
    "R2": 0.843077929073571,
    "residual_skew": 3.430094682789037,
    "residual_kurtosis": 31.42559821057243
  },
  "test": {
    "RMSE": 48918.406312339095,
    "MAE": 28514.862556137872,
    "MAPE_pct": 10.143322055480377,
    "R2": 0.8408325453533273,
    "residual_skew": 2.2036101162272836,
    "residual_kurtosis": 15.128235080566702
  },
  "log_target": true
}