{
  "train": {
    "RMSE": 37835.896371365416,
    "MAE": 22412.77025845894,
    "MAPE_pct": 8.448882481946484,
    "R2": 0.9040660550961582,
    "residual_skew": 2.590608191169418,
    "residual_kurtosis": 31.657222059650223
  },
  "test": {
    "RMSE": 41244.00778325158,
    "MAE": 23964.714456677015,
    "MAPE_pct": 8.599748838712635,
    "R2": 0.8868560356185665,
    "residual_skew": 1.0285866221757445,
    "residual_kurtosis": 18.082192363639706
  },
  "log_target": true
}