{
  "train": {
    "RMSE": 31406.077432358168,
    "MAE": 19659.582320558493,
    "MAPE_pct": 7.439012969909846,
    "R2": 0.9339014940466911,
    "residual_skew": 0.657899728581828,
    "residual_kurtosis": 24.3398081876784
  },
  "test": {
    "RMSE": 40613.67585799407,
    "MAE": 22243.494148621925,
    "MAPE_pct": 8.048614082831,
    "R2": 0.8902879656606051,
    "residual_skew": -1.954814624016368,
    "residual_kurtosis": 49.38437868474662
  },
  "log_target": true
}