{
  "train": {
    "RMSE": 16611.074551349633,
    "MAE": 11329.88875521446,
    "MAPE_pct": 4.27335977005599,
    "R2": 0.9815090295907827,
    "residual_skew": 0.9276414541645203,
    "residual_kurtosis": 10.753608105823364
  },
  "test": {
    "RMSE": 32184.98581040407,
    "MAE": 19526.496650660254,
    "MAPE_pct": 7.3682829439822015,
    "R2": 0.9311004611177722,
    "residual_skew": 0.145209738129466,
    "residual_kurtosis": 16.920022206229177
  },
  "log_target": true
}