{
  "train": {
    "RMSE": 35545.21709688091,
    "MAE": 22083.59015407441,
    "MAPE_pct": 8.34723955991918,
    "R2": 0.9153305787851521,
    "residual_skew": 1.577774650081567,
    "residual_kurtosis": 22.607631332986198
  },
  "test": {
    "RMSE": 41372.53769600519,
    "MAE": 23430.231112358288,
    "MAPE_pct": 8.498186519450593,
    "R2": 0.8861497491016954,
    "residual_skew": -0.601022118430764,
    "residual_kurtosis": 30.37701454508565
  },
  "log_target": true
}