{
  "train": {
    "RMSE": 25286.171356500417,
    "MAE": 16447.328917250637,
    "MAPE_pct": 6.263204320863074,
    "R2": 0.9571520151040733,
    "residual_skew": 0.8701983727006951,
    "residual_kurtosis": 15.522338969241328
  },
  "test": {
    "RMSE": 34923.88939101082,
    "MAE": 20433.441859489674,
    "MAPE_pct": 7.554279795049433,
    "R2": 0.9188749682988184,
    "residual_skew": -0.9796034047727219,
    "residual_kurtosis": 28.743650264794084
  },
  "log_target": true
}