{
  "train": {
    "RMSE": 36822.81138967757,
    "MAE": 21843.243100464097,
    "MAPE_pct": 8.168606969983706,
    "R2": 0.9091346851546948,
    "residual_skew": 1.9120500206023643,
    "residual_kurtosis": 28.038262454110992
  },
  "test": {
    "RMSE": 43349.86564754724,
    "MAE": 23792.10039715992,
    "MAPE_pct": 8.558522617849306,
    "R2": 0.8750071464435139,
    "residual_skew": -0.29455513250814197,
    "residual_kurtosis": 33.33281012726433
  },
  "log_target": true
}