{
  "train": {
    "RMSE": 39458.41629897734,
    "MAE": 23109.788898244904,
    "MAPE_pct": 8.737835090529613,
    "R2": 0.8956617496514304,
    "residual_skew": 1.9398485176888618,
    "residual_kurtosis": 34.35687538687485
  },
  "test": {
    "RMSE": 41637.37510376596,
    "MAE": 23663.59580544274,
    "MAPE_pct": 8.502527877273678,
    "R2": 0.8846875081004952,
    "residual_skew": 0.19832883232866,
    "residual_kurtosis": 29.10206193747156
  },
  "log_target": true
}