{
  "train": {
    "RMSE": 23837.92039930534,
    "MAE": 16050.173685541775,
    "MAPE_pct": 6.065705294737293,
    "R2": 0.9619196457965055,
    "residual_skew": 0.8576437600883362,
    "residual_kurtosis": 10.54524038598828
  },
  "test": {
    "RMSE": 32612.443478630583,
    "MAE": 19797.72291052567,
    "MAPE_pct": 7.457014265276725,
    "R2": 0.9292581602352025,
    "residual_skew": -0.6447376262592406,
    "residual_kurtosis": 20.92394330607477
  },
  "log_target": true
}