{
  "train": {
    "RMSE": 23551.26235407748,
    "MAE": 15662.32191599072,
    "MAPE_pct": 5.9552591206865575,
    "R2": 0.9628299941332036,
    "residual_skew": 0.899070579093601,
    "residual_kurtosis": 12.451811147631446
  },
  "test": {
    "RMSE": 33818.87649282127,
    "MAE": 20316.207858998183,
    "MAPE_pct": 7.576262308482881,
    "R2": 0.9239274415249483,
    "residual_skew": -0.5096110073861839,
    "residual_kurtosis": 20.69667760644044
  },
  "log_target": true
}