{
  "train": {
    "RMSE": 48073.49043155527,
    "MAE": 27796.07314549088,
    "MAPE_pct": 10.507866179915355,
    "R2": 0.845127053743748,
    "residual_skew": 3.398032243386764,
    "residual_kurtosis": 31.70899819040128
  },
  "test": {
    "RMSE": 48349.67626922797,
    "MAE": 28005.437064046273,
    "MAPE_pct": 9.984146241288846,
    "R2": 0.8445120232351035,
    "residual_skew": 2.230354242053591,
    "residual_kurtosis": 15.925335955271615
  },
  "log_target": true
}