{
  "train": {
    "RMSE": 29549.199861660196,
    "MAE": 18759.09050288438,
    "MAPE_pct": 7.058134230582478,
    "R2": 0.9414865507282767,
    "residual_skew": 1.3481876696175428,
    "residual_kurtosis": 19.846935089135766
  },
  "test": {
    "RMSE": 39975.838207926594,
    "MAE": 22084.30254487007,
    "MAPE_pct": 8.050007983638821,
    "R2": 0.8937069598248232,
    "residual_skew": -1.706827681686609,
    "residual_kurtosis": 43.15366209616692
  },
  "log_target": true
}