{
  "train": {
    "RMSE": 46677.041976222135,
    "MAE": 27087.124432505414,
    "MAPE_pct": 10.23363211540985,
    "R2": 0.8539939334748773,
    "residual_skew": 3.2574023918558024,
    "residual_kurtosis": 31.585564159060546
  },
  "test": {
    "RMSE": 46802.940860692746,
    "MAE": 27042.213337663143,
    "MAPE_pct": 9.680910365788527,
    "R2": 0.8543012060005912,
    "residual_skew": 2.038526112249886,
    "residual_kurtosis": 16.555969431455246
  },
  "log_target": true
}