{
  "train": {
    "RMSE": 36288.652804497084,
    "MAE": 22129.343138631186,
    "MAPE_pct": 8.334990148779866,
    "R2": 0.9117517829002117,
    "residual_skew": 1.3109933402423,
    "residual_kurtosis": 27.9173162696958
  },
  "test": {
    "RMSE": 41305.13379210788,
    "MAE": 23007.460064381296,
    "MAPE_pct": 8.351835639741175,
    "R2": 0.8865204152787396,
    "residual_skew": -0.7883731550078652,
    "residual_kurtosis": 35.60486997707017
  },
  "log_target": true
}