{
  "train": {
    "RMSE": 23141.638728977454,
    "MAE": 14747.184701578117,
    "MAPE_pct": 5.5988036999341695,
    "R2": 0.9641117346222934,
    "residual_skew": 0.9986319393753633,
    "residual_kurtosis": 17.814908489914437
  },
  "test": {
    "RMSE": 35875.4801755424,
    "MAE": 20225.085285171543,
    "MAPE_pct": 7.478650052753401,
    "R2": 0.9143938202807864,
    "residual_skew": -1.5080013519706457,
    "residual_kurtosis": 39.62520441364024
  },
  "log_target": true
}