{
  "train": {
    "RMSE": 21518.871337295615,
    "MAE": 14476.087047807554,
    "MAPE_pct": 5.468241092367295,
    "R2": 0.9689684673012066,
    "residual_skew": 1.0073719222867834,
    "residual_kurtosis": 11.335690606387601
  },
  "test": {
    "RMSE": 33452.77402016267,
    "MAE": 20208.5441477751,
    "MAPE_pct": 7.497053960826329,
    "R2": 0.9255655566366603,
    "residual_skew": -0.05997631516418568,
    "residual_kurtosis": 16.89039710516394
  },
  "log_target": true
}