{
  "train": {
    "RMSE": 23318.79614225076,
    "MAE": 15969.798714095168,
    "MAPE_pct": 6.068696252206411,
    "R2": 0.9635601567315362,
    "residual_skew": 0.8068333403613358,
    "residual_kurtosis": 9.183575515292823
  },
  "test": {
    "RMSE": 33682.83335352705,
    "MAE": 19925.88140523214,
    "MAPE_pct": 7.432660947763255,
    "R2": 0.9245382444247747,
    "residual_skew": -0.4481197331462062,
    "residual_kurtosis": 21.61445605194801
  },
  "log_target": true
}