{
  "train": {
    "RMSE": 42940.414104329146,
    "MAE": 25204.02531506645,
    "MAPE_pct": 9.437368600000822,
    "R2": 0.8764346494716713,
    "residual_skew": 2.7507389015556174,
    "residual_kurtosis": 29.112099129571313
  },
  "test": {
    "RMSE": 45112.07832957714,
    "MAE": 25650.864053275112,
    "MAPE_pct": 9.2041552804358,
    "R2": 0.8646384425395546,
    "residual_skew": 1.278529043909143,
    "residual_kurtosis": 19.82461848026407
  },
  "log_target": true
}