{
  "train": {
    "RMSE": 36331.443653234164,
    "MAE": 22236.044545652152,
    "MAPE_pct": 8.422265727157024,
    "R2": 0.9115435391525811,
    "residual_skew": 0.2992137397016533,
    "residual_kurtosis": 30.251884705213108
  },
  "test": {
    "RMSE": 43100.733517669796,
    "MAE": 23603.42200277862,
    "MAPE_pct": 8.526195716921887,
    "R2": 0.8764396886287745,
    "residual_skew": -2.346213920683023,
    "residual_kurtosis": 53.140812535293875
  },
  "log_target": true
}