{
  "train": {
    "RMSE": 19014.18258018254,
    "MAE": 11437.900841025077,
    "MAPE_pct": 4.235162752521853,
    "R2": 0.9757718882291528,
    "residual_skew": 1.679744256797859,
    "residual_kurtosis": 29.3280210731778
  },
  "test": {
    "RMSE": 35079.99624892556,
    "MAE": 20315.95542733198,
    "MAPE_pct": 7.544010236889276,
    "R2": 0.918148103226454,
    "residual_skew": -0.48222127631157097,
    "residual_kurtosis": 26.530797819905267
  },
  "log_target": true
}