{
  "train": {
    "RMSE": 47855.40886404321,
    "MAE": 27878.457547620194,
    "MAPE_pct": 10.529630293514293,
    "R2": 0.8465290042128636,
    "residual_skew": 3.227454342300307,
    "residual_kurtosis": 30.01023873508081
  },
  "test": {
    "RMSE": 48070.9834861638,
    "MAE": 27980.630597885065,
    "MAPE_pct": 10.06498912025713,
    "R2": 0.846299356312262,
    "residual_skew": 1.9884356370809781,
    "residual_kurtosis": 14.799405822515391
  },
  "log_target": true
}