{
  "train": {
    "RMSE": 22725.317618257184,
    "MAE": 15608.575330155238,
    "MAPE_pct": 5.9190392746502205,
    "R2": 0.9653913887575795,
    "residual_skew": 0.8042853764338763,
    "residual_kurtosis": 8.943162715055884
  },
  "test": {
    "RMSE": 32634.537463732424,
    "MAE": 20280.33694562603,
    "MAPE_pct": 7.589253670979433,
    "R2": 0.9291622766754187,
    "residual_skew": -0.4428666287024196,
    "residual_kurtosis": 15.39542622512077
  },
  "log_target": true
}