{
  "train": {
    "RMSE": 2408.40899604548,
    "MAE": 1715.5590352321985,
    "MAPE_pct": 0.650864796510701,
    "R2": 0.9995848189708498,
    "residual_skew": 0.35008484513633764,
    "residual_kurtosis": 2.5165695401653294
  },
  "test": {
    "RMSE": 39573.2485863433,
    "MAE": 22496.362580666337,
    "MAPE_pct": 7.506827189732787,
    "R2": 0.9154582473166831,
    "residual_skew": 0.9791581113140505,
    "residual_kurtosis": 19.526676632649
  },
  "log_target": true
}