{
  "train": {
    "RMSE": 38540.406435505334,
    "MAE": 22909.579535514,
    "MAPE_pct": 8.600571232934083,
    "R2": 0.9004601849597337,
    "residual_skew": 1.893938297261485,
    "residual_kurtosis": 28.508131574225835
  },
  "test": {
    "RMSE": 43540.22140940668,
    "MAE": 24319.5125118081,
    "MAPE_pct": 8.734121364796062,
    "R2": 0.8739070115726651,
    "residual_skew": 0.2789742377575262,
    "residual_kurtosis": 27.260252643293313
  },
  "log_target": true
}