{
  "RMSE": 53566.961364743445,
  "MAE": 23479.692519638083,
  "MAPE_pct": 8.772985871424794,
  "R2": 0.8091449332195515,
  "residual_skew": -8.705242225521642,
  "residual_kurtosis": 177.45371546685595,
  "status": "ok",
  "MAPE_by_decile": [
    16.540475794814043,
    9.695060417610765,
    5.414685392654957,
    6.443902391395767,
    8.196289416527312,
    7.209398959838922,
    12.144659132315578,
    5.752787652381122,
    7.647799976590145,
    8.588621418553775
  ],
  "modelo": "lineal_log",
  "base": "base_completa_sin_nulos"
}