{
  "RMSE": 34188.575265536616,
  "MAE": 20142.770666298486,
  "MAPE_pct": 6.980788740667602,
  "R2": 0.9368999291823985,
  "residual_skew": 0.9529906831152327,
  "residual_kurtosis": 16.00119297948878,
  "status": "ok",
  "MAPE_by_decile": [
    11.091927682717234,
    8.170829599873406,
    6.635818518325295,
    5.58588973269584,
    5.71220934338638,
    5.162713378931194,
    6.592925346241228,
    6.1794733996968825,
    6.287892423676726,
    8.316524584308299
  ],
  "modelo": "xgboost_log_con_nulos",
  "base": "base_completa_con_nulos"
}