{
  "RMSE": 32533.64999776592,
  "MAE": 21535.175210459747,
  "MAPE_pct": 8.221682842541636,
  "R2": 0.9288147714997025,
  "residual_skew": 1.2025709908910749,
  "residual_kurtosis": 8.378059167762421,
  "status": "ok",
  "MAPE_by_decile": [
    16.506913729479404,
    10.896578525789915,
    6.571127989221676,
    5.6839251903172645,
    6.58857502604585,
    7.747806256700433,
    5.628184202240412,
    6.297272848661893,
    8.047961944078565,
    8.099354831605662
  ],
  "modelo": "lineal_log",
  "base": "base_filtrada"
}