{
  "RMSE": 31894.863647294897,
  "MAE": 20100.623057693403,
  "MAPE_pct": 7.428408979763744,
  "R2": 0.9315827202396824,
  "residual_skew": 1.7573989099616443,
  "residual_kurtosis": 13.427273525069188,
  "status": "ok",
  "MAPE_by_decile": [
    14.386302108525904,
    8.763578170852778,
    5.596634892243625,
    4.850207339696802,
    6.269851061863832,
    6.781387996116374,
    5.498500011809929,
    5.652091328576159,
    7.24973431114827,
    9.085131105749381
  ],
  "modelo": "xgboost_log",
  "base": "base_filtrada"
}