{
  "RMSE": 31655.971643184475,
  "MAE": 19703.744297388723,
  "MAPE_pct": 7.398748220036011,
  "R2": 0.9333468056452087,
  "MAPE_by_decile": [
    14.106051269560012,
    7.77700474202071,
    5.364369275052435,
    6.283864852994568,
    6.1157303989085445,
    6.6729166533484205,
    7.177197053383953,
    5.768114600881149,
    7.007724575749333,
    7.5930770873532785
  ],
  "modelo": "xgboost_log",
  "base": "base_completa"
}