base,modelo,R2,MAPE_pct,RMSE,MAE,residual_skew,residual_kurtosis
base_filtrada,lineal_log,0.9288147714997025,8.221682842541636,32533.64999776592,21535.175210459747,1.2025709908910749,8.378059167762421
base_filtrada,xgboost_log,0.9315827202396824,7.428408979763744,31894.863647294897,20100.623057693403,1.7573989099616443,13.427273525069188
base_completa_sin_nulos,lineal_log,0.8091449332195515,8.772985871424794,53566.961364743445,23479.692519638083,-8.705242225521642,177.45371546685595
base_completa_sin_nulos,xgboost_log,0.9328286119930356,7.353822880949313,31778.78769182313,19688.244334671857,-0.12024813710739797,15.91119067686863
base_completa_con_nulos,xgboost_log_con_nulos,0.9368999291823985,6.980788740667602,34188.575265536616,20142.770666298486,0.9529906831152327,16.00119297948878
