{
  "RMSE": 31778.78769182313,
  "MAE": 19688.244334671857,
  "MAPE_pct": 7.353822880949313,
  "R2": 0.9328286119930356,
  "residual_skew": -0.12024813710739797,
  "residual_kurtosis": 15.91119067686863,
  "status": "ok",
  "MAPE_by_decile": [
    13.738022875339723,
    7.900366547330553,
    5.352995066137611,
    6.222555702268565,
    6.11565239652326,
    6.072915191785985,
    7.4861568321599385,
    5.6348560433826655,
    7.238307901961175,
    7.673298274660073
  ],
  "modelo": "xgboost_log",
  "base": "base_completa_sin_nulos"
}