{
  "RMSE": 55431.44036440366,
  "MAE": 23505.305846575124,
  "MAPE_pct": 8.71109394997635,
  "R2": 0.7956277158634006,
  "MAPE_by_decile": [
    16.196186705502612,
    8.435129295521037,
    5.351975656800204,
    6.834614363482439,
    8.164519062325446,
    7.352607690605921,
    12.528636281201988,
    5.818398409758052,
    7.307815751262399,
    8.996169733535872
  ],
  "modelo": "lineal_log",
  "base": "base_completa"
}