{
  "train": {
    "RMSE": 27565.108681156882,
    "MAE": 17423.42664250231,
    "MAPE_pct": 6.566822848730099,
    "R2": 0.9490805543310636,
    "residual_skew": 1.1484744592413005,
    "residual_kurtosis": 20.042930029741868
  },
  "test": {
    "RMSE": 39783.788880399145,
    "MAE": 22116.029483541635,
    "MAPE_pct": 8.088546919102727,
    "R2": 0.8947257988624481,
    "residual_skew": -0.896114662121855,
    "residual_kurtosis": 33.030453991357675
  },
  "log_target": true
}