{
  "train": {
    "RMSE": 24628.974372775243,
    "MAE": 16088.368409165718,
    "MAPE_pct": 6.090200636170745,
    "R2": 0.959350341394444,
    "residual_skew": 1.3482196614415365,
    "residual_kurtosis": 14.869702251768384
  },
  "test": {
    "RMSE": 35075.091574102946,
    "MAE": 19898.285507850294,
    "MAPE_pct": 7.338556482248583,
    "R2": 0.9181709897096673,
    "residual_skew": -0.46004583631754475,
    "residual_kurtosis": 29.82039215905902
  },
  "log_target": true
}