{
  "train": {
    "RMSE": 28005.658326505025,
    "MAE": 18003.32309103448,
    "MAPE_pct": 6.785732647566781,
    "R2": 0.9474399437962907,
    "residual_skew": 1.3447450078745267,
    "residual_kurtosis": 16.619100725789455
  },
  "test": {
    "RMSE": 36906.12465812202,
    "MAE": 21167.69575717541,
    "MAPE_pct": 7.781681493451773,
    "R2": 0.9094045138094701,
    "residual_skew": -0.9415360317923432,
    "residual_kurtosis": 30.11430849776503
  },
  "log_target": true
}