{
  "train": {
    "RMSE": 22659.259754739665,
    "MAE": 15505.87451254246,
    "MAPE_pct": 5.848660556260607,
    "R2": 0.9655922966823911,
    "residual_skew": 0.7761050721966716,
    "residual_kurtosis": 8.897796690571209
  },
  "test": {
    "RMSE": 33264.74885341211,
    "MAE": 19930.644942802915,
    "MAPE_pct": 7.573965032708912,
    "R2": 0.9263999398672412,
    "residual_skew": -1.2683266389069865,
    "residual_kurtosis": 27.739342581475604
  },
  "log_target": true
}