{
  "train": {
    "RMSE": 37562.60195243435,
    "MAE": 22481.980579220883,
    "MAPE_pct": 8.451279666612912,
    "R2": 0.905446940719252,
    "residual_skew": 1.6352551345806736,
    "residual_kurtosis": 29.451571928208274
  },
  "test": {
    "RMSE": 42022.05840536443,
    "MAE": 23845.510645781622,
    "MAPE_pct": 8.614545087602986,
    "R2": 0.8825469455375698,
    "residual_skew": -0.4850391548707235,
    "residual_kurtosis": 30.878069561583473
  },
  "log_target": true
}