{
  "train": {
    "RMSE": 22141.174401245727,
    "MAE": 14399.532188330835,
    "MAPE_pct": 5.3754173721380605,
    "R2": 0.9671477170670817,
    "residual_skew": 1.4402993359588445,
    "residual_kurtosis": 14.178403950574609
  },
  "test": {
    "RMSE": 35688.53203848298,
    "MAE": 20305.735031929857,
    "MAPE_pct": 7.524554025812646,
    "R2": 0.9152836880853851,
    "residual_skew": -0.8603584347824151,
    "residual_kurtosis": 31.15026748821691
  },
  "log_target": true
}