{
  "train": {
    "RMSE": 35172.8044955106,
    "MAE": 21460.321052226864,
    "MAPE_pct": 8.088060152296078,
    "R2": 0.9170954731605636,
    "residual_skew": 0.9216527637938173,
    "residual_kurtosis": 28.606124070763713
  },
  "test": {
    "RMSE": 42107.33435602055,
    "MAE": 23247.789646677502,
    "MAPE_pct": 8.461053760780384,
    "R2": 0.8820697636011607,
    "residual_skew": -1.2934462287436055,
    "residual_kurtosis": 41.77012366938044
  },
  "log_target": true
}