{
  "train": {
    "RMSE": 22580.05837983413,
    "MAE": 14675.779867596752,
    "MAPE_pct": 5.551195279306211,
    "R2": 0.9658324082151797,
    "residual_skew": 1.4054964153966931,
    "residual_kurtosis": 17.59396040645518
  },
  "test": {
    "RMSE": 35401.48005704772,
    "MAE": 20241.76102380688,
    "MAPE_pct": 7.497870237384434,
    "R2": 0.9166409973344646,
    "residual_skew": -0.3000596922025823,
    "residual_kurtosis": 28.662782402545993
  },
  "log_target": true
}