{
  "train": {
    "RMSE": 22713.150907600306,
    "MAE": 15466.520415742149,
    "MAPE_pct": 5.836827115347595,
    "R2": 0.9654284364458886,
    "residual_skew": 0.8624742142082017,
    "residual_kurtosis": 9.474138681276322
  },
  "test": {
    "RMSE": 32411.70064953587,
    "MAE": 19303.203839801827,
    "MAPE_pct": 7.3199892964545015,
    "R2": 0.930126369380848,
    "residual_skew": -1.6020563407255062,
    "residual_kurtosis": 28.700660141329315
  },
  "log_target": true
}