{
  "train": {
    "RMSE": 24477.426713337674,
    "MAE": 16063.108941658586,
    "MAPE_pct": 6.091670616902533,
    "R2": 0.9598490554276264,
    "residual_skew": 1.0687806540978095,
    "residual_kurtosis": 14.137566175220016
  },
  "test": {
    "RMSE": 34788.296912167505,
    "MAE": 20178.004644838395,
    "MAPE_pct": 7.4585556321001985,
    "R2": 0.9195036835203562,
    "residual_skew": -1.0793174157914207,
    "residual_kurtosis": 29.54516418149072
  },
  "log_target": true
}