{
  "train": {
    "RMSE": 26743.61734219717,
    "MAE": 16847.71818868741,
    "MAPE_pct": 6.29052051238958,
    "R2": 0.9520703179514769,
    "residual_skew": 1.9805925533972306,
    "residual_kurtosis": 20.274151636974043
  },
  "test": {
    "RMSE": 37305.54145510825,
    "MAE": 21743.391838224565,
    "MAPE_pct": 7.989515941752498,
    "R2": 0.9074329620735483,
    "residual_skew": 0.5422589728552708,
    "residual_kurtosis": 17.45579964275415
  },
  "log_target": true
}