{
  "train": {
    "RMSE": 26554.885849408354,
    "MAE": 16618.992815536865,
    "MAPE_pct": 6.27361437595519,
    "R2": 0.9527444168795806,
    "residual_skew": 0.9613111502959628,
    "residual_kurtosis": 23.66724425516028
  },
  "test": {
    "RMSE": 36144.100392056454,
    "MAE": 20125.878332682016,
    "MAPE_pct": 7.38553289476131,
    "R2": 0.9131070561270794,
    "residual_skew": -0.9518136463461787,
    "residual_kurtosis": 35.667288781333326
  },
  "log_target": true
}