{
  "train": {
    "RMSE": 22986.329570129088,
    "MAE": 15519.416744554977,
    "MAPE_pct": 5.905110031659324,
    "R2": 0.9645918279199229,
    "residual_skew": 0.8639166808873378,
    "residual_kurtosis": 10.925122703363503
  },
  "test": {
    "RMSE": 33643.99948305914,
    "MAE": 19792.28443240355,
    "MAPE_pct": 7.3953858015329414,
    "R2": 0.9247121480093933,
    "residual_skew": -1.1478290157218598,
    "residual_kurtosis": 28.065295554442898
  },
  "log_target": true
}