{
  "train": {
    "RMSE": 29386.563420039405,
    "MAE": 18090.759224562375,
    "MAPE_pct": 6.786754795644975,
    "R2": 0.9421288848973569,
    "residual_skew": 1.5990894896062826,
    "residual_kurtosis": 28.032771534508246
  },
  "test": {
    "RMSE": 36558.32895794139,
    "MAE": 21137.631579598066,
    "MAPE_pct": 7.6936756917721585,
    "R2": 0.9111039745360731,
    "residual_skew": 0.035090200869463684,
    "residual_kurtosis": 22.9607071523822
  },
  "log_target": true
}