{
  "train": {
    "RMSE": 23667.020498790578,
    "MAE": 15924.669046159604,
    "MAPE_pct": 6.013390699340825,
    "R2": 0.9624637033457633,
    "residual_skew": 0.9653963703896135,
    "residual_kurtosis": 10.636829136668034
  },
  "test": {
    "RMSE": 34065.95507539362,
    "MAE": 20083.913275868705,
    "MAPE_pct": 7.500446840896349,
    "R2": 0.9228118183755258,
    "residual_skew": -0.9132683711281051,
    "residual_kurtosis": 25.21118717729268
  },
  "log_target": true
}