{
  "train": {
    "RMSE": 38029.91379397795,
    "MAE": 22819.53455310299,
    "MAPE_pct": 8.578292822446912,
    "R2": 0.9030796596018011,
    "residual_skew": 1.4808940313896006,
    "residual_kurtosis": 27.55224296866746
  },
  "test": {
    "RMSE": 42057.343824888696,
    "MAE": 23781.212948601024,
    "MAPE_pct": 8.556595252777798,
    "R2": 0.882349614875926,
    "residual_skew": -0.5307458361238941,
    "residual_kurtosis": 33.0315865875027
  },
  "log_target": true
}