{
  "train": {
    "RMSE": 30576.303238608387,
    "MAE": 18786.294539087772,
    "MAPE_pct": 7.0751357605426755,
    "R2": 0.9373481062853848,
    "residual_skew": 1.2088396572880256,
    "residual_kurtosis": 28.67417151237585
  },
  "test": {
    "RMSE": 36854.01063676458,
    "MAE": 21080.371762280916,
    "MAPE_pct": 7.660411287132453,
    "R2": 0.9096601874542639,
    "residual_skew": -0.7315682527433437,
    "residual_kurtosis": 33.22895442584264
  },
  "log_target": true
}