{
  "train": {
    "RMSE": 35996.835014497796,
    "MAE": 21450.34284842983,
    "MAPE_pct": 8.026734050948068,
    "R2": 0.9131653848293946,
    "residual_skew": 1.4769678178260706,
    "residual_kurtosis": 31.632387167515432
  },
  "test": {
    "RMSE": 42379.92357521264,
    "MAE": 23327.1589825387,
    "MAPE_pct": 8.424752319360447,
    "R2": 0.8805379371584275,
    "residual_skew": -0.5873332156065701,
    "residual_kurtosis": 34.57138802090535
  },
  "log_target": true
}