{
  "train": {
    "RMSE": 18098.363353253197,
    "MAE": 12521.140541759332,
    "MAPE_pct": 4.686807762743435,
    "R2": 0.9780495789575472,
    "residual_skew": 0.8505158033605605,
    "residual_kurtosis": 8.794021275612216
  },
  "test": {
    "RMSE": 31728.37876803732,
    "MAE": 19549.463332769523,
    "MAPE_pct": 7.373399118239599,
    "R2": 0.9330415434534826,
    "residual_skew": -0.5713946677093379,
    "residual_kurtosis": 15.919067126080217
  },
  "log_target": true
}