{
  "train": {
    "RMSE": 48160.76574537445,
    "MAE": 27979.517206761455,
    "MAPE_pct": 10.571659738193388,
    "R2": 0.8445642132156801,
    "residual_skew": 3.3492232821301426,
    "residual_kurtosis": 30.590464998311894
  },
  "test": {
    "RMSE": 48121.52761357396,
    "MAE": 27796.084312841005,
    "MAPE_pct": 9.932063868956813,
    "R2": 0.8459759699978365,
    "residual_skew": 2.1854574710033936,
    "residual_kurtosis": 15.698545870794048
  },
  "log_target": true
}