{
  "train": {
    "RMSE": 22423.5922790125,
    "MAE": 14406.782960178958,
    "MAPE_pct": 5.384083781110756,
    "R2": 0.9663042889571692,
    "residual_skew": 1.6945252264151414,
    "residual_kurtosis": 16.771931173871486
  },
  "test": {
    "RMSE": 35159.29903733985,
    "MAE": 20579.83937224722,
    "MAPE_pct": 7.547566096500821,
    "R2": 0.9177776117038968,
    "residual_skew": -0.009322862859645112,
    "residual_kurtosis": 19.7704525719301
  },
  "log_target": true
}