{
  "train": {
    "RMSE": 21263.634135842185,
    "MAE": 14157.764266690945,
    "MAPE_pct": 5.299682222500274,
    "R2": 0.969700237025938,
    "residual_skew": 1.2741549021604153,
    "residual_kurtosis": 11.997129756333393
  },
  "test": {
    "RMSE": 36029.70084855635,
    "MAE": 20531.56854604152,
    "MAPE_pct": 7.651742441258428,
    "R2": 0.9136562346467384,
    "residual_skew": -0.7113815078249018,
    "residual_kurtosis": 27.890738457720055
  },
  "log_target": true
}