{
  "train": {
    "RMSE": 22340.565664000762,
    "MAE": 15247.12655009013,
    "MAPE_pct": 5.729852400839168,
    "R2": 0.9665533535546093,
    "residual_skew": 0.9657792375836317,
    "residual_kurtosis": 10.585572534791108
  },
  "test": {
    "RMSE": 33061.12376721968,
    "MAE": 19905.35287135095,
    "MAPE_pct": 7.513241414109693,
    "R2": 0.9272982450907152,
    "residual_skew": -1.3698718657240656,
    "residual_kurtosis": 25.275027955901407
  },
  "log_target": true
}