{
  "train": {
    "RMSE": 37532.01632081014,
    "MAE": 22746.625332955064,
    "MAPE_pct": 8.555963053064149,
    "R2": 0.9056008591108269,
    "residual_skew": 1.6143173872653036,
    "residual_kurtosis": 25.429646653732863
  },
  "test": {
    "RMSE": 42737.78929531947,
    "MAE": 23868.17418340514,
    "MAPE_pct": 8.598109812640379,
    "R2": 0.878511889223379,
    "residual_skew": -0.42369057475138855,
    "residual_kurtosis": 33.148098887054324
  },
  "log_target": true
}