{
  "train": {
    "RMSE": 37267.92442569172,
    "MAE": 21876.969680886046,
    "MAPE_pct": 8.21606298286021,
    "R2": 0.906924653621155,
    "residual_skew": 2.5531994182917765,
    "residual_kurtosis": 31.44700101159419
  },
  "test": {
    "RMSE": 41204.40418679644,
    "MAE": 23309.086534949543,
    "MAPE_pct": 8.339431520396719,
    "R2": 0.8870732190012574,
    "residual_skew": 1.024166781079781,
    "residual_kurtosis": 21.791283021497797
  },
  "log_target": true
}