{
  "train": {
    "RMSE": 26086.465518219422,
    "MAE": 17495.634195618095,
    "MAPE_pct": 6.640473411886274,
    "R2": 0.9543968618870086,
    "residual_skew": 0.8886457659620439,
    "residual_kurtosis": 10.628111679132871
  },
  "test": {
    "RMSE": 36359.42094066445,
    "MAE": 20944.762713224765,
    "MAPE_pct": 7.702621881813417,
    "R2": 0.9120686810664741,
    "residual_skew": -0.8360283017243391,
    "residual_kurtosis": 28.925906646671073
  },
  "log_target": true
}