{
  "train": {
    "RMSE": 40433.62550814114,
    "MAE": 23671.7170043794,
    "MAPE_pct": 8.877773676564457,
    "R2": 0.890440606950296,
    "residual_skew": 2.6204464280260122,
    "residual_kurtosis": 31.1263127930114
  },
  "test": {
    "RMSE": 44004.480660336594,
    "MAE": 24822.44923270981,
    "MAPE_pct": 8.877739185980236,
    "R2": 0.8712036750816048,
    "residual_skew": 0.9737836325607281,
    "residual_kurtosis": 21.461999618980542
  },
  "log_target": true
}