{
  "train": {
    "RMSE": 38565.15551248864,
    "MAE": 22504.42514141052,
    "MAPE_pct": 8.441902222302266,
    "R2": 0.900332303094501,
    "residual_skew": 2.5443715695754516,
    "residual_kurtosis": 33.303996210732414
  },
  "test": {
    "RMSE": 41036.17006430004,
    "MAE": 23448.937575952037,
    "MAPE_pct": 8.40846530745274,
    "R2": 0.8879934776183113,
    "residual_skew": 0.9447652897958223,
    "residual_kurtosis": 21.32566963076603
  },
  "log_target": true
}