{
  "train": {
    "RMSE": 31280.298841931864,
    "MAE": 18894.357628908838,
    "MAPE_pct": 7.169685891150886,
    "R2": 0.9344298713298237,
    "residual_skew": 0.6798170470678652,
    "residual_kurtosis": 33.53386694976051
  },
  "test": {
    "RMSE": 38709.325153390906,
    "MAE": 21593.400368277893,
    "MAPE_pct": 7.924699271439993,
    "R2": 0.9003354130018401,
    "residual_skew": -1.8385793721904868,
    "residual_kurtosis": 44.55493058074661
  },
  "log_target": true
}