{
  "train": {
    "RMSE": 46104.295141421964,
    "MAE": 27199.154197187214,
    "MAPE_pct": 10.292459792023944,
    "R2": 0.8575550613898786,
    "residual_skew": 2.8525015147525963,
    "residual_kurtosis": 28.424506657141908
  },
  "test": {
    "RMSE": 47350.23225038276,
    "MAE": 27337.48322549929,
    "MAPE_pct": 9.779070668453551,
    "R2": 0.8508738181887856,
    "residual_skew": 1.6678440064437268,
    "residual_kurtosis": 16.670232752332282
  },
  "log_target": true
}