{
  "train": {
    "RMSE": 41489.9149970724,
    "MAE": 24554.10503420447,
    "MAPE_pct": 9.281219194299945,
    "R2": 0.8846415694115954,
    "residual_skew": 2.201664582266195,
    "residual_kurtosis": 29.825730867851412
  },
  "test": {
    "RMSE": 44685.972610232326,
    "MAE": 25035.548008357382,
    "MAPE_pct": 8.88469574831628,
    "R2": 0.867183478629853,
    "residual_skew": 0.8992428810201056,
    "residual_kurtosis": 23.882471001170003
  },
  "log_target": true
}