{
  "train": {
    "RMSE": 39874.538008889154,
    "MAE": 23614.397151185225,
    "MAPE_pct": 8.922261251940489,
    "R2": 0.8934494790367268,
    "residual_skew": 2.1031714250826408,
    "residual_kurtosis": 33.85855091080395
  },
  "test": {
    "RMSE": 42125.10615291802,
    "MAE": 23838.963858073144,
    "MAPE_pct": 8.524360149648533,
    "R2": 0.8819701954606327,
    "residual_skew": 0.4032277316546137,
    "residual_kurtosis": 27.527625674701127
  },
  "log_target": true
}