{
  "train": {
    "RMSE": 23289.039685848882,
    "MAE": 14863.856581299196,
    "MAPE_pct": 5.636855688891293,
    "R2": 0.9636530971016535,
    "residual_skew": 1.1968355055759854,
    "residual_kurtosis": 18.498169034025967
  },
  "test": {
    "RMSE": 34850.568503798386,
    "MAE": 19874.559950461768,
    "MAPE_pct": 7.395082195904014,
    "R2": 0.9192152462849033,
    "residual_skew": -0.3518626020853109,
    "residual_kurtosis": 28.100325034873364
  },
  "log_target": true
}