{
  "train": {
    "RMSE": 16198.049896429087,
    "MAE": 11084.24788851918,
    "MAPE_pct": 4.214084358548767,
    "R2": 0.9824171320812671,
    "residual_skew": 0.795149774063908,
    "residual_kurtosis": 11.457098979356335
  },
  "test": {
    "RMSE": 31906.94673500997,
    "MAE": 19839.596393460564,
    "MAPE_pct": 7.462141161570453,
    "R2": 0.9322857354344415,
    "residual_skew": -0.1279673610095866,
    "residual_kurtosis": 14.974330111717757
  },
  "log_target": true
}