{
  "train": {
    "RMSE": 23514.79368288423,
    "MAE": 15704.922098718913,
    "MAPE_pct": 5.977755401290557,
    "R2": 0.9629450190679724,
    "residual_skew": 0.9110316480763295,
    "residual_kurtosis": 11.727207173587527
  },
  "test": {
    "RMSE": 33916.553544960225,
    "MAE": 20730.478272704036,
    "MAPE_pct": 7.760168172576481,
    "R2": 0.9234873752288102,
    "residual_skew": -0.3671505169278382,
    "residual_kurtosis": 17.991986217539278
  },
  "log_target": true
}