{
  "train": {
    "RMSE": 42181.11876665321,
    "MAE": 24827.474570775852,
    "MAPE_pct": 9.365729122917646,
    "R2": 0.8807659110991737,
    "residual_skew": 2.512855870233729,
    "residual_kurtosis": 29.356481956319513
  },
  "test": {
    "RMSE": 44264.23126836443,
    "MAE": 25316.147086579414,
    "MAPE_pct": 9.112583836454561,
    "R2": 0.8696786638812726,
    "residual_skew": 1.028839091606965,
    "residual_kurtosis": 21.087079272165454
  },
  "log_target": true
}