{
  "train": {
    "RMSE": 9146.3603168735,
    "MAE": 6399.581721661644,
    "MAPE_pct": 2.455973050737638,
    "R2": 0.9940121125027577,
    "residual_skew": 0.7906411378094486,
    "residual_kurtosis": 10.303641652074615
  },
  "test": {
    "RMSE": 34473.3596975402,
    "MAE": 20557.683467619805,
    "MAPE_pct": 7.0599835486893445,
    "R2": 0.935844327378999,
    "residual_skew": 1.1332810496955221,
    "residual_kurtosis": 15.351053529994964
  },
  "log_target": true
}