{
  "train": {
    "RMSE": 27384.75324588987,
    "MAE": 16647.26669906229,
    "MAPE_pct": 6.126999349059828,
    "R2": 0.9497446950214677,
    "residual_skew": 2.7793125393570772,
    "residual_kurtosis": 31.759689813029397
  },
  "test": {
    "RMSE": 35614.35475835902,
    "MAE": 21081.98360993258,
    "MAPE_pct": 7.737665639928759,
    "R2": 0.9156354814870865,
    "residual_skew": 1.5265578018738644,
    "residual_kurtosis": 13.906949270744454
  },
  "log_target": true
}