{
  "train": {
    "RMSE": 24342.995334697785,
    "MAE": 16223.248503496787,
    "MAPE_pct": 6.1587877343058315,
    "R2": 0.9602888667756921,
    "residual_skew": 0.9551873553706188,
    "residual_kurtosis": 12.084114332975435
  },
  "test": {
    "RMSE": 34343.397619475836,
    "MAE": 20137.163574456976,
    "MAPE_pct": 7.515686953198792,
    "R2": 0.9215494148154695,
    "residual_skew": -0.8413571625335295,
    "residual_kurtosis": 26.539326174856697
  },
  "log_target": true
}