{
  "train": {
    "RMSE": 23561.13384121794,
    "MAE": 15852.31363642714,
    "MAPE_pct": 5.998672644830131,
    "R2": 0.9627988280642978,
    "residual_skew": 0.934375818333436,
    "residual_kurtosis": 10.866008981755577
  },
  "test": {
    "RMSE": 33479.88495593074,
    "MAE": 19639.0293204217,
    "MAPE_pct": 7.313667229730829,
    "R2": 0.9254448608088883,
    "residual_skew": -1.1178540075175292,
    "residual_kurtosis": 31.570861891459877
  },
  "log_target": true
}