{
  "train": {
    "RMSE": 42739.36914083997,
    "MAE": 24757.89968015385,
    "MAPE_pct": 9.35867525286991,
    "R2": 0.8775889949490941,
    "residual_skew": 3.0527233704312615,
    "residual_kurtosis": 34.139345186021046
  },
  "test": {
    "RMSE": 43970.00217049458,
    "MAE": 25081.954728309658,
    "MAPE_pct": 8.992920051345745,
    "R2": 0.8714054255860557,
    "residual_skew": 1.4078356161029972,
    "residual_kurtosis": 19.340797288303207
  },
  "log_target": true
}