{
  "train": {
    "RMSE": 38097.3095779687,
    "MAE": 22308.58257891588,
    "MAPE_pct": 8.399698255615446,
    "R2": 0.9027358349844238,
    "residual_skew": 1.7861676253065557,
    "residual_kurtosis": 34.19687930723889
  },
  "test": {
    "RMSE": 41663.324567735064,
    "MAE": 23418.326456235216,
    "MAPE_pct": 8.499495942021847,
    "R2": 0.8845437319962656,
    "residual_skew": -0.2136195747982594,
    "residual_kurtosis": 30.199851694644458
  },
  "log_target": true
}