{
  "train": {
    "RMSE": 37857.92146304811,
    "MAE": 22174.837964516548,
    "MAPE_pct": 8.338577219784318,
    "R2": 0.9039543321487602,
    "residual_skew": 1.829927969627221,
    "residual_kurtosis": 31.993449327006296
  },
  "test": {
    "RMSE": 42503.93188671227,
    "MAE": 23389.665145069284,
    "MAPE_pct": 8.363152300572281,
    "R2": 0.8798377960742698,
    "residual_skew": -0.08258054371619088,
    "residual_kurtosis": 31.470246881189645
  },
  "log_target": true
}