{
  "train": {
    "RMSE": 22527.86172086042,
    "MAE": 14718.355124168662,
    "MAPE_pct": 5.60360516391818,
    "R2": 0.9659901910507833,
    "residual_skew": 1.0087976045266094,
    "residual_kurtosis": 16.623103368979255
  },
  "test": {
    "RMSE": 36022.562042931255,
    "MAE": 20350.905993001317,
    "MAPE_pct": 7.535669388707261,
    "R2": 0.9136904469925757,
    "residual_skew": -1.3128026722067583,
    "residual_kurtosis": 35.4638810589884
  },
  "log_target": true
}