{
  "train": {
    "RMSE": 45322.59942222648,
    "MAE": 26588.19763232274,
    "MAPE_pct": 10.078180381653553,
    "R2": 0.8623444044996179,
    "residual_skew": 2.960982480316446,
    "residual_kurtosis": 29.893762349313064
  },
  "test": {
    "RMSE": 46087.0465020347,
    "MAE": 26594.40844308582,
    "MAPE_pct": 9.54271033677331,
    "R2": 0.8587243137106289,
    "residual_skew": 1.6513994082956927,
    "residual_kurtosis": 17.171855961670083
  },
  "log_target": true
}