{
  "train": {
    "RMSE": 30338.610567731466,
    "MAE": 19008.502113193368,
    "MAPE_pct": 7.177422598681686,
    "R2": 0.9383184010176259,
    "residual_skew": 0.8015814561066761,
    "residual_kurtosis": 24.07752549504563
  },
  "test": {
    "RMSE": 36682.77184461212,
    "MAE": 20813.3291665332,
    "MAPE_pct": 7.671928715462636,
    "R2": 0.9104977484626274,
    "residual_skew": -1.8722846005981393,
    "residual_kurtosis": 42.75450483236951
  },
  "log_target": true
}