{
  "train": {
    "RMSE": 23731.296328631077,
    "MAE": 15988.228920889553,
    "MAPE_pct": 6.029215485568075,
    "R2": 0.962259541369567,
    "residual_skew": 0.9194186099814906,
    "residual_kurtosis": 10.233124000477428
  },
  "test": {
    "RMSE": 32726.530359400374,
    "MAE": 19848.16043063396,
    "MAPE_pct": 7.449678873396012,
    "R2": 0.9287623474891038,
    "residual_skew": -1.0520870863258414,
    "residual_kurtosis": 23.44173228717967
  },
  "log_target": true
}