{
  "train": {
    "RMSE": 22477.07375888952,
    "MAE": 15214.012699142446,
    "MAPE_pct": 5.709826802097459,
    "R2": 0.9661433650946223,
    "residual_skew": 0.9157410178569224,
    "residual_kurtosis": 9.996703847843762,
    "base_score": 0.5
  },
  "test": {
    "RMSE": 32070.393049727805,
    "MAE": 19639.801784289797,
    "MAPE_pct": 7.401083717000395,
    "R2": 0.9315902132575974,
    "residual_skew": -0.7034204904082917,
    "residual_kurtosis": 18.69278771129072,
    "base_score": 0.5
  },
  "log_target": true
}