{
  "train": {
    "RMSE": 23825.123203801468,
    "MAE": 15987.088395287474,
    "MAPE_pct": 6.052384068838265,
    "R2": 0.9619605210844554,
    "residual_skew": 1.2113002016692256,
    "residual_kurtosis": 11.403539122164982
  },
  "test": {
    "RMSE": 32684.063879721554,
    "MAE": 20275.615461123292,
    "MAPE_pct": 7.514288772374577,
    "R2": 0.9289471058186357,
    "residual_skew": -0.03711333873742874,
    "residual_kurtosis": 16.825929162541
  },
  "log_target": true
}