{
  "train": {
    "RMSE": 49545.42306053222,
    "MAE": 28696.82766918919,
    "MAPE_pct": 10.815642676374443,
    "R2": 0.8354979436752624,
    "residual_skew": 3.394442842190609,
    "residual_kurtosis": 29.83891934819122
  },
  "test": {
    "RMSE": 49492.693055290765,
    "MAE": 28674.59481995736,
    "MAPE_pct": 10.267107294731256,
    "R2": 0.8370734568935266,
    "residual_skew": 2.2886023404724174,
    "residual_kurtosis": 15.006847581470646
  },
  "log_target": true
}