{
  "train": {
    "RMSE": 36168.152615094885,
    "MAE": 21686.148674274966,
    "MAPE_pct": 8.165668236409681,
    "R2": 0.9123368843317975,
    "residual_skew": 1.1085699151503834,
    "residual_kurtosis": 33.235119660479135
  },
  "test": {
    "RMSE": 41290.20665630723,
    "MAE": 23021.276627119118,
    "MAPE_pct": 8.30480421999669,
    "R2": 0.8866024205374101,
    "residual_skew": -0.8936916690161931,
    "residual_kurtosis": 38.7951668996464
  },
  "log_target": true
}