{
  "train": {
    "RMSE": 23018.866466337604,
    "MAE": 15129.007894272483,
    "MAPE_pct": 5.714364907126877,
    "R2": 0.9644915172209911,
    "residual_skew": 1.0822991623236722,
    "residual_kurtosis": 14.149529505996764
  },
  "test": {
    "RMSE": 34352.64133974691,
    "MAE": 20275.832344708804,
    "MAPE_pct": 7.4805050831024955,
    "R2": 0.9215071782921586,
    "residual_skew": -0.0002485855238083844,
    "residual_kurtosis": 19.542532966661746
  },
  "log_target": true
}