{
  "train": {
    "RMSE": 10223.345854548912,
    "MAE": 7181.39971734314,
    "MAPE_pct": 2.68785303871435,
    "R2": 0.9929959319780048,
    "residual_skew": 0.7840685714684731,
    "residual_kurtosis": 7.092191350603772
  },
  "test": {
    "RMSE": 32906.7142552483,
    "MAE": 19812.570597084203,
    "MAPE_pct": 7.417928826226573,
    "R2": 0.9279757555010653,
    "residual_skew": -1.0122249848804272,
    "residual_kurtosis": 23.78449527986055
  },
  "log_target": true
}