{
  "train": {
    "RMSE": 25113.928110168392,
    "MAE": 16386.96228054758,
    "MAPE_pct": 6.230461246902678,
    "R2": 0.9577337670499396,
    "residual_skew": 0.9558520026599611,
    "residual_kurtosis": 14.081184757734974
  },
  "test": {
    "RMSE": 34865.01909136468,
    "MAE": 20356.444234164792,
    "MAPE_pct": 7.501958949207162,
    "R2": 0.9191482385296275,
    "residual_skew": -1.2072609150503624,
    "residual_kurtosis": 31.56195452207475
  },
  "log_target": true
}