{
  "train": {
    "RMSE": 24009.316351451802,
    "MAE": 15273.387829286805,
    "MAPE_pct": 5.7793901995192325,
    "R2": 0.9613700774995744,
    "residual_skew": 1.3110270702534992,
    "residual_kurtosis": 18.982741125560498
  },
  "test": {
    "RMSE": 33789.62633269523,
    "MAE": 19678.38631611027,
    "MAPE_pct": 7.265275582698798,
    "R2": 0.9240589758915976,
    "residual_skew": -0.6586632035930258,
    "residual_kurtosis": 27.65714050068344
  },
  "log_target": true
}