{
  "train": {
    "RMSE": 23279.299353646762,
    "MAE": 14926.122568114683,
    "MAPE_pct": 5.6390962287172,
    "R2": 0.9636834939646547,
    "residual_skew": 1.1279406178642546,
    "residual_kurtosis": 17.081782189992484
  },
  "test": {
    "RMSE": 34661.72996223639,
    "MAE": 19974.215622150146,
    "MAPE_pct": 7.440260644247101,
    "R2": 0.9200883422032807,
    "residual_skew": -0.8035566617881876,
    "residual_kurtosis": 30.50270450262262
  },
  "log_target": true
}