{
  "train": {
    "RMSE": 9002.75667551184,
    "MAE": 6284.509595119932,
    "MAPE_pct": 2.409320338524421,
    "R2": 0.9941986636706505,
    "residual_skew": 0.7266406231595292,
    "residual_kurtosis": 10.084459328829965
  },
  "test": {
    "RMSE": 34655.86362674851,
    "MAE": 20419.518403154845,
    "MAPE_pct": 7.040342957808504,
    "R2": 0.9351632417174975,
    "residual_skew": 0.8999574774992934,
    "residual_kurtosis": 15.88544858064316
  },
  "log_target": true
}