{
  "train": {
    "RMSE": 43615.55028119952,
    "MAE": 25461.276220389627,
    "MAPE_pct": 9.621652169772581,
    "R2": 0.8725185597940979,
    "residual_skew": 2.9188830972887785,
    "residual_kurtosis": 31.897812516644237
  },
  "test": {
    "RMSE": 45326.99866311266,
    "MAE": 26121.108414173686,
    "MAPE_pct": 9.299240797043305,
    "R2": 0.8633456069511398,
    "residual_skew": 1.4608072668150567,
    "residual_kurtosis": 17.863257740489615
  },
  "log_target": true
}