{
  "train": {
    "RMSE": 26995.688530007843,
    "MAE": 17188.255448105083,
    "MAPE_pct": 6.544919467034687,
    "R2": 0.9511625402527563,
    "residual_skew": 0.9233389494154413,
    "residual_kurtosis": 20.430957352799044
  },
  "test": {
    "RMSE": 36010.83802813832,
    "MAE": 20580.422660864187,
    "MAPE_pct": 7.5713076286331855,
    "R2": 0.9137466189998787,
    "residual_skew": -1.4537122641556333,
    "residual_kurtosis": 36.932713361775065
  },
  "log_target": true
}