{
  "train": {
    "RMSE": 20424.8889516451,
    "MAE": 13566.999347929086,
    "MAPE_pct": 5.053100566193153,
    "R2": 0.9720434447915963,
    "residual_skew": 1.275158640915699,
    "residual_kurtosis": 12.298820641706655
  },
  "test": {
    "RMSE": 35785.180885794805,
    "MAE": 20669.048343849743,
    "MAPE_pct": 7.67021512305414,
    "R2": 0.9148242228111362,
    "residual_skew": -0.589508985274865,
    "residual_kurtosis": 26.143271535465125
  },
  "log_target": true
}