{
  "train": {
    "RMSE": 39181.48988567437,
    "MAE": 23225.502267685955,
    "MAPE_pct": 8.791770010472934,
    "R2": 0.8971211404926824,
    "residual_skew": 1.7041383672843022,
    "residual_kurtosis": 31.32455160052791
  },
  "test": {
    "RMSE": 42041.90864405091,
    "MAE": 23657.591098858786,
    "MAPE_pct": 8.524097975266985,
    "R2": 0.8824359551710678,
    "residual_skew": -0.012265841798545342,
    "residual_kurtosis": 31.445282942046127
  },
  "log_target": true
}