{
  "train": {
    "RMSE": 13652.840113091106,
    "MAE": 9294.585282744001,
    "MAPE_pct": 3.466938584811389,
    "R2": 0.9875086246825076,
    "residual_skew": 1.019892519773343,
    "residual_kurtosis": 9.964877627360664
  },
  "test": {
    "RMSE": 32585.97828111812,
    "MAE": 19994.006006355878,
    "MAPE_pct": 7.479990004325905,
    "R2": 0.9293729285207147,
    "residual_skew": 0.30170588937972465,
    "residual_kurtosis": 13.785677560745624
  },
  "log_target": true
}