{
  "train": {
    "RMSE": 42838.95061927162,
    "MAE": 25195.12033845481,
    "MAPE_pct": 9.466179947008122,
    "R2": 0.8770179022950223,
    "residual_skew": 2.592083594307912,
    "residual_kurtosis": 30.24944097259211
  },
  "test": {
    "RMSE": 45568.67943300058,
    "MAE": 25909.33300585495,
    "MAPE_pct": 9.287564620674198,
    "R2": 0.8618844562829762,
    "residual_skew": 1.2633732353194909,
    "residual_kurtosis": 20.245648084184637
  },
  "log_target": true
}