{
  "train": {
    "RMSE": 22077.66818037732,
    "MAE": 14875.327707402854,
    "MAPE_pct": 5.58385038015962,
    "R2": 0.9673359033175372,
    "residual_skew": 0.9990000510866599,
    "residual_kurtosis": 10.096655853533246
  },
  "test": {
    "RMSE": 33906.48923333132,
    "MAE": 19951.39078651175,
    "MAPE_pct": 7.4355106699340645,
    "R2": 0.9235327768140477,
    "residual_skew": -0.9194833281798065,
    "residual_kurtosis": 25.068413596496043
  },
  "log_target": true
}