{
  "train": {
    "RMSE": 36240.06624432558,
    "MAE": 21841.779454902877,
    "MAPE_pct": 8.222169551362693,
    "R2": 0.9119879342374568,
    "residual_skew": 1.302139283333499,
    "residual_kurtosis": 30.39781013964953
  },
  "test": {
    "RMSE": 42066.21209414643,
    "MAE": 23485.42966307941,
    "MAPE_pct": 8.468162920918749,
    "R2": 0.8822999938014442,
    "residual_skew": -0.5072178363807617,
    "residual_kurtosis": 34.27729486220517
  },
  "log_target": true
}