{
  "train": {
    "RMSE": 42577.61258563502,
    "MAE": 25019.112245559067,
    "MAPE_pct": 9.385039590827223,
    "R2": 0.8785138243362569,
    "residual_skew": 2.6848132071392405,
    "residual_kurtosis": 29.362825887084178
  },
  "test": {
    "RMSE": 44946.46304130838,
    "MAE": 25544.852257155686,
    "MAPE_pct": 9.173506905306903,
    "R2": 0.8656304958367744,
    "residual_skew": 1.2394714000383062,
    "residual_kurtosis": 20.150212401106238
  },
  "log_target": true
}