{
  "train": {
    "RMSE": 46383.631521639916,
    "MAE": 27686.21271129772,
    "MAPE_pct": 10.448691000421844,
    "R2": 0.8558237435914824,
    "residual_skew": 2.723971495002162,
    "residual_kurtosis": 28.390154651668578
  },
  "test": {
    "RMSE": 47043.15644794916,
    "MAE": 27748.164255796575,
    "MAPE_pct": 10.068481781389888,
    "R2": 0.852801772972513,
    "residual_skew": 1.6510975525423908,
    "residual_kurtosis": 15.903493972500081
  },
  "log_target": true
}