{
  "train": {
    "RMSE": 23859.245519465094,
    "MAE": 16013.90029158648,
    "MAPE_pct": 6.056131568525233,
    "R2": 0.9618514828570583,
    "residual_skew": 0.7735836900114286,
    "residual_kurtosis": 11.376318321668236
  },
  "test": {
    "RMSE": 34338.91519967202,
    "MAE": 20161.07383786589,
    "MAPE_pct": 7.514453993503853,
    "R2": 0.9215698918522719,
    "residual_skew": -0.9247389532687482,
    "residual_kurtosis": 27.05595834847798
  },
  "log_target": true
}