{
  "train": {
    "RMSE": 44772.579892728325,
    "MAE": 26138.556306757433,
    "MAPE_pct": 9.912778564299135,
    "R2": 0.8656652136195546,
    "residual_skew": 2.9930093397988857,
    "residual_kurtosis": 31.057166729799555
  },
  "test": {
    "RMSE": 45546.11473851258,
    "MAE": 26199.552256439587,
    "MAPE_pct": 9.368344221427378,
    "R2": 0.8620212065010653,
    "residual_skew": 1.6883019192082696,
    "residual_kurtosis": 18.06724712762167
  },
  "log_target": true
}