{
  "train": {
    "RMSE": 37504.777748486405,
    "MAE": 22373.05906107213,
    "MAPE_pct": 8.4568040219578,
    "R2": 0.905737828292265,
    "residual_skew": 1.1522333405310237,
    "residual_kurtosis": 33.04701067072065
  },
  "test": {
    "RMSE": 42303.67222494421,
    "MAE": 23448.214995939827,
    "MAPE_pct": 8.454917698075175,
    "R2": 0.8809674305644841,
    "residual_skew": -0.7206722243674653,
    "residual_kurtosis": 36.42324695711497
  },
  "log_target": true
}