{
  "train": {
    "RMSE": 25978.944316027635,
    "MAE": 17564.660000930202,
    "MAPE_pct": 6.618673238483863,
    "R2": 0.9547720142201345,
    "residual_skew": 0.9525935062723514,
    "residual_kurtosis": 10.601585983512582
  },
  "test": {
    "RMSE": 34030.004311386794,
    "MAE": 20463.97518955269,
    "MAPE_pct": 7.6964673297927515,
    "R2": 0.9229746501435657,
    "residual_skew": -0.9314845703154352,
    "residual_kurtosis": 23.78913352616032
  },
  "log_target": true
}