{
  "train": {
    "RMSE": 20164.46290228368,
    "MAE": 13444.26465344258,
    "MAPE_pct": 5.019403442174917,
    "R2": 0.9727518158156376,
    "residual_skew": 1.131451573914988,
    "residual_kurtosis": 10.603140747636942
  },
  "test": {
    "RMSE": 35912.63863107122,
    "MAE": 20400.602960432778,
    "MAPE_pct": 7.579908212829478,
    "R2": 0.9142163932034394,
    "residual_skew": -1.5597252673409914,
    "residual_kurtosis": 32.96412210378446
  },
  "log_target": true
}