{
  "train": {
    "RMSE": 32563.80267894123,
    "MAE": 20142.86066059225,
    "MAPE_pct": 7.548587586361109,
    "R2": 0.9289384824528842,
    "residual_skew": 1.016017629591719,
    "residual_kurtosis": 23.401553612276565
  },
  "test": {
    "RMSE": 42977.41856449518,
    "MAE": 23244.39590500947,
    "MAPE_pct": 8.415708881577498,
    "R2": 0.8771457108151506,
    "residual_skew": -1.227407018914302,
    "residual_kurtosis": 42.342455461602505
  },
  "log_target": true
}