{
  "train": {
    "RMSE": 12978.383490971975,
    "MAE": 9034.138211763146,
    "MAPE_pct": 3.369964103137489,
    "R2": 0.9887123001055321,
    "residual_skew": 0.9526078994489325,
    "residual_kurtosis": 7.980981685105925
  },
  "test": {
    "RMSE": 30777.777494189202,
    "MAE": 18861.800764283562,
    "MAPE_pct": 7.148244753424129,
    "R2": 0.9369936701314173,
    "residual_skew": -0.07104749790413245,
    "residual_kurtosis": 15.314652039125496
  },
  "log_target": true
}