{
  "train": {
    "RMSE": 36245.45965591846,
    "MAE": 21429.238802523556,
    "MAPE_pct": 8.057316531780792,
    "R2": 0.911961735575732,
    "residual_skew": 1.3256029539922112,
    "residual_kurtosis": 33.81512354524626
  },
  "test": {
    "RMSE": 41554.45835039817,
    "MAE": 23196.916420474216,
    "MAPE_pct": 8.344009956819722,
    "R2": 0.8851463178690668,
    "residual_skew": -1.0043605919141125,
    "residual_kurtosis": 36.77347698815332
  },
  "log_target": true
}