{
  "train": {
    "RMSE": 24593.238829175425,
    "MAE": 16613.290499051916,
    "MAPE_pct": 6.316744660773602,
    "R2": 0.9594682174999788,
    "residual_skew": 0.8299789613671967,
    "residual_kurtosis": 9.642239580482876
  },
  "test": {
    "RMSE": 34990.83842030223,
    "MAE": 20587.02466447936,
    "MAPE_pct": 7.574722141110465,
    "R2": 0.9185636371121255,
    "residual_skew": -0.4606088129160506,
    "residual_kurtosis": 22.55195757065605
  },
  "log_target": true
}