{
  "train": {
    "RMSE": 21594.6505615829,
    "MAE": 14711.475695239453,
    "MAPE_pct": 5.53357712565955,
    "R2": 0.9687495258937802,
    "residual_skew": 0.9297667487276219,
    "residual_kurtosis": 9.860120049796961
  },
  "test": {
    "RMSE": 33207.43574212464,
    "MAE": 19607.78372885619,
    "MAPE_pct": 7.358108318317881,
    "R2": 0.9266533381156234,
    "residual_skew": -0.8903324172128627,
    "residual_kurtosis": 26.55736850835747
  },
  "log_target": true
}