{
  "train": {
    "RMSE": 38570.46637364648,
    "MAE": 23051.037643268704,
    "MAPE_pct": 8.72854569127389,
    "R2": 0.9003048504502713,
    "residual_skew": 1.6773979052931867,
    "residual_kurtosis": 31.003550370016725
  },
  "test": {
    "RMSE": 42547.88978588508,
    "MAE": 23939.896543994444,
    "MAPE_pct": 8.63157111408964,
    "R2": 0.8795891221660831,
    "residual_skew": -0.21745179722351526,
    "residual_kurtosis": 31.982057927930725
  },
  "log_target": true
}