{
  "train": {
    "RMSE": 28452.679960094792,
    "MAE": 17690.970383892974,
    "MAPE_pct": 6.60910216448601,
    "R2": 0.9457486428893185,
    "residual_skew": 2.284714834604452,
    "residual_kurtosis": 26.282914862285793
  },
  "test": {
    "RMSE": 35924.18081472661,
    "MAE": 21052.233522736413,
    "MAPE_pct": 7.710647363199226,
    "R2": 0.9141612433011196,
    "residual_skew": 1.168024927944011,
    "residual_kurtosis": 16.91914613756778
  },
  "log_target": true
}