{
  "train": {
    "RMSE": 27251.991502955807,
    "MAE": 18024.287034114317,
    "MAPE_pct": 6.881512562648257,
    "R2": 0.9502307909801095,
    "residual_skew": 0.788344037495654,
    "residual_kurtosis": 13.312496023027261
  },
  "test": {
    "RMSE": 36196.591243130446,
    "MAE": 20854.236018415442,
    "MAPE_pct": 7.6967492946079865,
    "R2": 0.9128544895128371,
    "residual_skew": -1.1257517256492149,
    "residual_kurtosis": 32.708690370909906
  },
  "log_target": true
}