{
  "train": {
    "RMSE": 28662.393475211466,
    "MAE": 17356.55127426282,
    "MAPE_pct": 6.431170967330457,
    "R2": 0.9449459648001639,
    "residual_skew": 1.9812513484710654,
    "residual_kurtosis": 30.505110026870263
  },
  "test": {
    "RMSE": 36753.86155696228,
    "MAE": 20745.908129504307,
    "MAPE_pct": 7.564850006648152,
    "R2": 0.9101505089105366,
    "residual_skew": -0.1900477020292441,
    "residual_kurtosis": 27.549685127660062
  },
  "log_target": true
}