{
  "train": {
    "RMSE": 23166.05370956253,
    "MAE": 15660.390983172641,
    "MAPE_pct": 5.919547998803938,
    "R2": 0.964035968724761,
    "residual_skew": 0.9714810720797022,
    "residual_kurtosis": 10.216366881858097
  },
  "test": {
    "RMSE": 33223.958897859375,
    "MAE": 19926.866637219955,
    "MAPE_pct": 7.389809980015059,
    "R2": 0.9265803291765499,
    "residual_skew": -0.9623941439787087,
    "residual_kurtosis": 22.831188998115792
  },
  "log_target": true
}