{
  "train": {
    "RMSE": 28079.69125343841,
    "MAE": 18485.716122633567,
    "MAPE_pct": 6.98805887042489,
    "R2": 0.947161691600733,
    "residual_skew": 1.1993827799603645,
    "residual_kurtosis": 13.097636094225777
  },
  "test": {
    "RMSE": 34788.99067638577,
    "MAE": 20601.07356414798,
    "MAPE_pct": 7.701484581420937,
    "R2": 0.9195004728992059,
    "residual_skew": -0.38970210861328325,
    "residual_kurtosis": 26.12803569581972
  },
  "log_target": true
}