{
  "train": {
    "RMSE": 25398.088645301403,
    "MAE": 16248.128434592296,
    "MAPE_pct": 6.092725783099214,
    "R2": 0.956771883008512,
    "residual_skew": 1.5912435456614522,
    "residual_kurtosis": 20.203749726795643
  },
  "test": {
    "RMSE": 36412.170852874195,
    "MAE": 21011.31907649745,
    "MAPE_pct": 7.7391629149462755,
    "R2": 0.9118133560978217,
    "residual_skew": -0.45601688586995787,
    "residual_kurtosis": 24.629874772641358
  },
  "log_target": true
}