{
  "train": {
    "RMSE": 41453.81173087709,
    "MAE": 24517.51098181299,
    "MAPE_pct": 9.227944862744646,
    "R2": 0.8848422448807708,
    "residual_skew": 2.442094506386434,
    "residual_kurtosis": 31.688487812379414
  },
  "test": {
    "RMSE": 43794.968298819585,
    "MAE": 25349.713777439207,
    "MAPE_pct": 9.099015849933851,
    "R2": 0.8724271951964744,
    "residual_skew": 0.8005366403406312,
    "residual_kurtosis": 21.192718215955324
  },
  "log_target": true
}