{
  "train": {
    "RMSE": 36972.6832043659,
    "MAE": 21689.425347763095,
    "MAPE_pct": 8.162322007269454,
    "R2": 0.9083935215880238,
    "residual_skew": 2.35660517361955,
    "residual_kurtosis": 33.975183797977714
  },
  "test": {
    "RMSE": 40346.815809279404,
    "MAE": 23284.58322585127,
    "MAPE_pct": 8.392863158835565,
    "R2": 0.8917249974293529,
    "residual_skew": 0.5546837337311386,
    "residual_kurtosis": 22.424916251365687
  },
  "log_target": true
}