{
  "train": {
    "RMSE": 29760.754788357513,
    "MAE": 17577.19739080692,
    "MAPE_pct": 6.593345593813554,
    "R2": 0.940645707589984,
    "residual_skew": 0.9183291153062564,
    "residual_kurtosis": 35.72702593951769
  },
  "test": {
    "RMSE": 38226.63684142171,
    "MAE": 21006.49683908467,
    "MAPE_pct": 7.6104884597833005,
    "R2": 0.9028054635595288,
    "residual_skew": -1.6609931282350774,
    "residual_kurtosis": 44.77372730000947
  },
  "log_target": true
}