{
  "train": {
    "RMSE": 49726.59712806243,
    "MAE": 29098.7463774231,
    "MAPE_pct": 11.018528018856944,
    "R2": 0.8342926659137593,
    "residual_skew": 3.2511389765088867,
    "residual_kurtosis": 28.751812155235445
  },
  "test": {
    "RMSE": 49519.87707026359,
    "MAE": 28906.232204727712,
    "MAPE_pct": 10.37035262512456,
    "R2": 0.8368944319250268,
    "residual_skew": 2.217463053825001,
    "residual_kurtosis": 14.496826189588154
  },
  "log_target": true
}