{
  "train": {
    "RMSE": 39213.56703701608,
    "MAE": 23237.765033308155,
    "MAPE_pct": 8.756294110258432,
    "R2": 0.8969526215514757,
    "residual_skew": 2.0774265193583905,
    "residual_kurtosis": 31.582998119985263
  },
  "test": {
    "RMSE": 42760.13939502928,
    "MAE": 24325.468099792364,
    "MAPE_pct": 8.702297426243577,
    "R2": 0.8783847894635821,
    "residual_skew": 0.22428810712396788,
    "residual_kurtosis": 26.805485480022874
  },
  "log_target": true
}