{
  "train": {
    "RMSE": 33753.13729281595,
    "MAE": 19993.758908874795,
    "MAPE_pct": 7.507226378461938,
    "R2": 0.9236529008033125,
    "residual_skew": 0.9509505243447478,
    "residual_kurtosis": 35.0090508433981
  },
  "test": {
    "RMSE": 41472.34655793585,
    "MAE": 22330.794736266806,
    "MAPE_pct": 8.090740081971985,
    "R2": 0.8855997721742042,
    "residual_skew": -1.7191857022705848,
    "residual_kurtosis": 46.92174148492073
  },
  "log_target": true
}