{
  "train": {
    "RMSE": 30161.85841229728,
    "MAE": 18564.050445136792,
    "MAPE_pct": 7.038312243698675,
    "R2": 0.9390350190111018,
    "residual_skew": 0.5929978692903352,
    "residual_kurtosis": 29.933330575883573
  },
  "test": {
    "RMSE": 37812.273200922806,
    "MAE": 21128.08543151466,
    "MAPE_pct": 7.7132832346712625,
    "R2": 0.9049011542991738,
    "residual_skew": -1.6462501986385383,
    "residual_kurtosis": 42.60402783296738
  },
  "log_target": true
}