{
  "train": {
    "RMSE": 12945.677357340894,
    "MAE": 8864.507318605096,
    "MAPE_pct": 3.368695057758376,
    "R2": 0.988769119485189,
    "residual_skew": 0.963928162972172,
    "residual_kurtosis": 12.253631491122125
  },
  "test": {
    "RMSE": 32504.024401156003,
    "MAE": 20179.419043358652,
    "MAPE_pct": 7.6282190218446635,
    "R2": 0.9297277365833105,
    "residual_skew": -0.5612499516895333,
    "residual_kurtosis": 16.194572073445016
  },
  "log_target": true
}