{
  "train": {
    "RMSE": 33815.21876572301,
    "MAE": 20583.683607298175,
    "MAPE_pct": 7.782682583632748,
    "R2": 0.9233717951280582,
    "residual_skew": 0.06937522072831084,
    "residual_kurtosis": 35.23433357797579
  },
  "test": {
    "RMSE": 42263.91263498039,
    "MAE": 23032.21750388618,
    "MAPE_pct": 8.354962427887076,
    "R2": 0.8811910736606839,
    "residual_skew": -2.0708145563054954,
    "residual_kurtosis": 50.90139150507529
  },
  "log_target": true
}