{
  "train": {
    "RMSE": 11686.244512383097,
    "MAE": 7862.175904936511,
    "MAPE_pct": 2.9286548151727683,
    "R2": 0.9908480384561243,
    "residual_skew": 1.1939815990543308,
    "residual_kurtosis": 12.73023686943872
  },
  "test": {
    "RMSE": 37089.77982629704,
    "MAE": 20676.258622522884,
    "MAPE_pct": 7.578565518287332,
    "R2": 0.9085006135549814,
    "residual_skew": -0.714263718183401,
    "residual_kurtosis": 31.44653257081483
  },
  "log_target": true
}