{
  "train": {
    "RMSE": 29119.70030143199,
    "MAE": 17998.38541144537,
    "MAPE_pct": 6.836836170039727,
    "R2": 0.9431751823555159,
    "residual_skew": 0.6874680674339513,
    "residual_kurtosis": 27.92550405886997
  },
  "test": {
    "RMSE": 36251.092304978476,
    "MAE": 20735.034708466967,
    "MAPE_pct": 7.641800912426366,
    "R2": 0.9125918626542113,
    "residual_skew": -1.5435179124737208,
    "residual_kurtosis": 37.74848793949441
  },
  "log_target": true
}