{
  "train": {
    "RMSE": 33995.2338201866,
    "MAE": 20811.955806412618,
    "MAPE_pct": 7.899424418553568,
    "R2": 0.9225537642107552,
    "residual_skew": 0.3101022476366663,
    "residual_kurtosis": 31.168162535219295
  },
  "test": {
    "RMSE": 42285.874051854546,
    "MAE": 22696.431576738934,
    "MAPE_pct": 8.210795762533635,
    "R2": 0.8810675692284653,
    "residual_skew": -1.846746494395033,
    "residual_kurtosis": 49.42457656713451
  },
  "log_target": true
}