{
  "train": {
    "RMSE": 28155.816593420222,
    "MAE": 17072.97611225804,
    "MAPE_pct": 6.3277764937233405,
    "R2": 0.9468748090619262,
    "residual_skew": 2.017916394232542,
    "residual_kurtosis": 31.291172764184353
  },
  "test": {
    "RMSE": 35782.19792258059,
    "MAE": 20502.210528489995,
    "MAPE_pct": 7.571557682831129,
    "R2": 0.9148384222989816,
    "residual_skew": -0.35461835581606893,
    "residual_kurtosis": 27.471011891018513
  },
  "log_target": true
}