{
  "train": {
    "RMSE": 21903.767866717943,
    "MAE": 14162.02293487734,
    "MAPE_pct": 5.3325324393901115,
    "R2": 0.9678484506996838,
    "residual_skew": 1.2733557799132604,
    "residual_kurtosis": 14.379999197713918
  },
  "test": {
    "RMSE": 36370.43488811542,
    "MAE": 20663.582232688987,
    "MAPE_pct": 7.670046396604169,
    "R2": 0.91201540092147,
    "residual_skew": -1.110665206200255,
    "residual_kurtosis": 34.76835876392654
  },
  "log_target": true
}