{
  "train": {
    "RMSE": 34923.554224514504,
    "MAE": 21643.70044751569,
    "MAPE_pct": 8.16479217257863,
    "R2": 0.9182663072169204,
    "residual_skew": 0.9396995274595543,
    "residual_kurtosis": 23.58964685803631
  },
  "test": {
    "RMSE": 42535.73492990327,
    "MAE": 23237.99047815243,
    "MAPE_pct": 8.431530861287994,
    "R2": 0.8796579090240274,
    "residual_skew": -0.9484694274112775,
    "residual_kurtosis": 39.773746713220284
  },
  "log_target": true
}