{
  "train": {
    "RMSE": 24547.52167960885,
    "MAE": 16175.96310312255,
    "MAPE_pct": 6.116683075554096,
    "R2": 0.9596187690623592,
    "residual_skew": 1.159093215307814,
    "residual_kurtosis": 14.520580241663108
  },
  "test": {
    "RMSE": 32951.161460435396,
    "MAE": 19571.586154696983,
    "MAPE_pct": 7.30023802155322,
    "R2": 0.9277810573409263,
    "residual_skew": -0.16827412887144633,
    "residual_kurtosis": 21.31436365263557
  },
  "log_target": true
}