{
  "train": {
    "RMSE": 30456.3351279413,
    "MAE": 19456.943671507073,
    "MAPE_pct": 7.391958519543257,
    "R2": 0.937838779343752,
    "residual_skew": 0.8701639999930146,
    "residual_kurtosis": 18.582559650264557
  },
  "test": {
    "RMSE": 40293.100808612115,
    "MAE": 21832.510766861134,
    "MAPE_pct": 8.042284544871588,
    "R2": 0.8920131054354588,
    "residual_skew": -2.532203900873863,
    "residual_kurtosis": 54.88225161479125
  },
  "log_target": true
}