{
  "train": {
    "RMSE": 9819.238919971323,
    "MAE": 6832.318178549908,
    "MAPE_pct": 2.5767459378049797,
    "R2": 0.9935387000357032,
    "residual_skew": 0.9371124846849648,
    "residual_kurtosis": 8.304441828802023
  },
  "test": {
    "RMSE": 31092.191603332096,
    "MAE": 19586.997739362047,
    "MAPE_pct": 7.463312502229519,
    "R2": 0.935699797290251,
    "residual_skew": -0.018885410352126337,
    "residual_kurtosis": 12.146041442138088
  },
  "log_target": true
}