{
  "train": {
    "RMSE": 45437.16197347266,
    "MAE": 26317.472602638765,
    "MAPE_pct": 9.933684308848893,
    "R2": 0.8616476171282127,
    "residual_skew": 3.255858245416336,
    "residual_kurtosis": 33.31812228122708
  },
  "test": {
    "RMSE": 45898.153444531876,
    "MAE": 26478.90297388282,
    "MAPE_pct": 9.456844369856746,
    "R2": 0.85988000974861,
    "residual_skew": 1.8491994226885988,
    "residual_kurtosis": 16.999386152700573
  },
  "log_target": true
}