{
  "train": {
    "RMSE": 45595.51243851536,
    "MAE": 26357.15630226876,
    "MAPE_pct": 10.042997001148095,
    "R2": 0.8606816087482069,
    "residual_skew": 3.275879664441774,
    "residual_kurtosis": 32.50178621539533
  },
  "test": {
    "RMSE": 46036.88735348942,
    "MAE": 26365.886028428038,
    "MAPE_pct": 9.473127516626743,
    "R2": 0.8590316630626946,
    "residual_skew": 1.866352827944091,
    "residual_kurtosis": 16.744774680362084
  },
  "log_target": true
}