{
  "train": {
    "RMSE": 43904.85731263479,
    "MAE": 25891.731585659218,
    "MAPE_pct": 9.74627192970128,
    "R2": 0.870821752316201,
    "residual_skew": 2.7557161327846504,
    "residual_kurtosis": 29.71155155354859
  },
  "test": {
    "RMSE": 45627.834360082226,
    "MAE": 26520.550486600703,
    "MAPE_pct": 9.53198174127185,
    "R2": 0.8615256344739378,
    "residual_skew": 1.2766357268703685,
    "residual_kurtosis": 18.04908556746077
  },
  "log_target": true
}