{
  "train": {
    "RMSE": 28197.378437108386,
    "MAE": 17989.692139495262,
    "MAPE_pct": 6.81016876074174,
    "R2": 0.9467178531792567,
    "residual_skew": 1.2319092205706463,
    "residual_kurtosis": 19.88433093151977
  },
  "test": {
    "RMSE": 35891.78455347897,
    "MAE": 20793.21186874144,
    "MAPE_pct": 7.65975595297297,
    "R2": 0.9143159914870553,
    "residual_skew": -0.8744103856213307,
    "residual_kurtosis": 29.85261228951098
  },
  "log_target": true
}