{
  "train": {
    "RMSE": 31727.882980618662,
    "MAE": 19939.471002024588,
    "MAPE_pct": 7.5617845700858695,
    "R2": 0.9325399841266448,
    "residual_skew": 0.4956177313033155,
    "residual_kurtosis": 24.211076874820286
  },
  "test": {
    "RMSE": 39904.89227697132,
    "MAE": 22060.401361186403,
    "MAPE_pct": 8.02651136899228,
    "R2": 0.8940839058698414,
    "residual_skew": -1.787857572075644,
    "residual_kurtosis": 46.785292047522255
  },
  "log_target": true
}