{
  "train": {
    "RMSE": 14555.458917787802,
    "MAE": 10099.110468677234,
    "MAPE_pct": 3.7574221460094726,
    "R2": 0.9858023634442714,
    "residual_skew": 0.9176814353090647,
    "residual_kurtosis": 7.606052035355188
  },
  "test": {
    "RMSE": 31069.72125898526,
    "MAE": 19555.257823195563,
    "MAPE_pct": 7.362799980671646,
    "R2": 0.9357927032917812,
    "residual_skew": -0.40860141473103684,
    "residual_kurtosis": 13.464158742632764
  },
  "log_target": true
}