{
  "train": {
    "RMSE": 27208.636995018092,
    "MAE": 16590.167365572204,
    "MAPE_pct": 6.204799959397135,
    "R2": 0.950389018186101,
    "residual_skew": 1.5948820109764221,
    "residual_kurtosis": 28.140645288873515
  },
  "test": {
    "RMSE": 36284.62113216948,
    "MAE": 20793.007165501338,
    "MAPE_pct": 7.637266857045025,
    "R2": 0.9124300993829746,
    "residual_skew": -0.814633863601268,
    "residual_kurtosis": 31.97847304291303
  },
  "log_target": true
}