{
  "train": {
    "RMSE": 24696.344924382618,
    "MAE": 16422.224160004716,
    "MAPE_pct": 6.232189407830586,
    "R2": 0.9591276495782002,
    "residual_skew": 1.0516285805003542,
    "residual_kurtosis": 12.433934184254007
  },
  "test": {
    "RMSE": 35293.84594740568,
    "MAE": 20593.281886661403,
    "MAPE_pct": 7.653291102025811,
    "R2": 0.9171471136007852,
    "residual_skew": -1.1356763363348419,
    "residual_kurtosis": 31.011380624805142
  },
  "log_target": true
}