{
  "train": {
    "RMSE": 27690.404879545567,
    "MAE": 17722.68808935151,
    "MAPE_pct": 6.7116022339714325,
    "R2": 0.948616597297647,
    "residual_skew": 1.052338386628972,
    "residual_kurtosis": 18.06434257928588
  },
  "test": {
    "RMSE": 36487.771250851285,
    "MAE": 20861.123755403438,
    "MAPE_pct": 7.660164793494976,
    "R2": 0.9114467827072447,
    "residual_skew": -0.8834275668550975,
    "residual_kurtosis": 32.42160859163964
  },
  "log_target": true
}