{
  "train": {
    "RMSE": 37773.84529571197,
    "MAE": 22517.69795246183,
    "MAPE_pct": 8.487927095946187,
    "R2": 0.9043804614524258,
    "residual_skew": 1.3841749845915894,
    "residual_kurtosis": 32.98073660125743
  },
  "test": {
    "RMSE": 41764.88157666591,
    "MAE": 23274.897986801607,
    "MAPE_pct": 8.387660596571408,
    "R2": 0.8839801819647098,
    "residual_skew": -0.5670174490873301,
    "residual_kurtosis": 37.18504748582441
  },
  "log_target": true
}