{
  "train": {
    "RMSE": 36209.25437910185,
    "MAE": 21535.707758053737,
    "MAPE_pct": 8.145770823055868,
    "R2": 0.9121375290575179,
    "residual_skew": 1.0601303266716187,
    "residual_kurtosis": 34.17438557734635
  },
  "test": {
    "RMSE": 41939.51462415436,
    "MAE": 22868.933807674082,
    "MAPE_pct": 8.301700978839776,
    "R2": 0.8830079175913669,
    "residual_skew": -1.3056801510952043,
    "residual_kurtosis": 43.02995129561532
  },
  "log_target": true
}