{
  "train": {
    "RMSE": 15753.961877278425,
    "MAE": 10842.689823457104,
    "MAPE_pct": 4.0847792224950465,
    "R2": 0.9833680247807867,
    "residual_skew": 0.9907358994529938,
    "residual_kurtosis": 9.90080279973785
  },
  "test": {
    "RMSE": 31802.922897309985,
    "MAE": 19881.021180502077,
    "MAPE_pct": 7.554165820331926,
    "R2": 0.9327265432233256,
    "residual_skew": -0.3191700497774064,
    "residual_kurtosis": 12.154707381452114
  },
  "log_target": true
}