{
  "train": {
    "RMSE": 35111.27765837191,
    "MAE": 21621.595690243503,
    "MAPE_pct": 8.129980287868037,
    "R2": 0.9173852647766443,
    "residual_skew": 1.089729442287695,
    "residual_kurtosis": 23.992538193352836
  },
  "test": {
    "RMSE": 42725.175811769135,
    "MAE": 23548.040897464693,
    "MAPE_pct": 8.55162146910394,
    "R2": 0.8785835898040694,
    "residual_skew": -1.8418605335237797,
    "residual_kurtosis": 48.21779047059559
  },
  "log_target": true
}