{
  "train": {
    "RMSE": 28682.432849599456,
    "MAE": 18123.05884740878,
    "MAPE_pct": 6.83415145547856,
    "R2": 0.9448689555934378,
    "residual_skew": 1.239230322356957,
    "residual_kurtosis": 20.916116391398155
  },
  "test": {
    "RMSE": 35783.208170460144,
    "MAE": 20747.48231076977,
    "MAPE_pct": 7.660200369023938,
    "R2": 0.914833613454204,
    "residual_skew": -0.9494272284738311,
    "residual_kurtosis": 32.6177388468406
  },
  "log_target": true
}