{
  "train": {
    "RMSE": 27062.979775544554,
    "MAE": 16481.796424311986,
    "MAPE_pct": 6.101622453842415,
    "R2": 0.9509187658175822,
    "residual_skew": 2.262314975327966,
    "residual_kurtosis": 28.094329879049663
  },
  "test": {
    "RMSE": 36203.03858453951,
    "MAE": 20546.78735893583,
    "MAPE_pct": 7.516266691392308,
    "R2": 0.9128234420092967,
    "residual_skew": 0.2033712011156314,
    "residual_kurtosis": 24.805936677618
  },
  "log_target": true
}