{
  "train": {
    "RMSE": 24879.34002672302,
    "MAE": 16426.05045983948,
    "MAPE_pct": 6.248499596964397,
    "R2": 0.9585196931727143,
    "residual_skew": 0.7536356692791033,
    "residual_kurtosis": 14.09335049172688
  },
  "test": {
    "RMSE": 34746.503675194996,
    "MAE": 20554.299371670357,
    "MAPE_pct": 7.705262134466784,
    "R2": 0.9196969773071385,
    "residual_skew": -1.3660188311861026,
    "residual_kurtosis": 29.818318218672786
  },
  "log_target": true
}