{
  "train": {
    "RMSE": 39597.72545460864,
    "MAE": 22981.769626810612,
    "MAPE_pct": 8.664097375075107,
    "R2": 0.8949237102906231,
    "residual_skew": 2.2412765448985255,
    "residual_kurtosis": 33.683956808013136
  },
  "test": {
    "RMSE": 42422.93137085071,
    "MAE": 23637.37568908487,
    "MAPE_pct": 8.439789812926907,
    "R2": 0.8802953502677205,
    "residual_skew": 0.6162519866197544,
    "residual_kurtosis": 26.101905969470998
  },
  "log_target": true
}