{
  "train": {
    "RMSE": 22933.162960282425,
    "MAE": 14865.29627976151,
    "MAPE_pct": 5.61057394820997,
    "R2": 0.9647554343232311,
    "residual_skew": 1.3546517304135626,
    "residual_kurtosis": 15.788640881658406
  },
  "test": {
    "RMSE": 34401.95547909075,
    "MAE": 19658.366612501533,
    "MAPE_pct": 7.252620479836365,
    "R2": 0.9212816594313622,
    "residual_skew": -0.7551924251220297,
    "residual_kurtosis": 29.782793290128403
  },
  "log_target": true
}