{
  "train": {
    "RMSE": 44457.37787443055,
    "MAE": 25781.27089385309,
    "MAPE_pct": 9.789245076424313,
    "R2": 0.8675500077731911,
    "residual_skew": 3.049595050598198,
    "residual_kurtosis": 32.57425039443134
  },
  "test": {
    "RMSE": 44538.09488035039,
    "MAE": 25624.822450558244,
    "MAPE_pct": 9.179941331876632,
    "R2": 0.8680610742841564,
    "residual_skew": 1.6437272822944493,
    "residual_kurtosis": 18.221049369451464
  },
  "log_target": true
}