{
  "train": {
    "RMSE": 28399.116962316864,
    "MAE": 18180.237045478916,
    "MAPE_pct": 6.830017713847547,
    "R2": 0.9459527101431897,
    "residual_skew": 1.3896753623682612,
    "residual_kurtosis": 15.438797456570473
  },
  "test": {
    "RMSE": 39380.22531691799,
    "MAE": 21923.051582179167,
    "MAPE_pct": 7.99364647492,
    "R2": 0.8968507523462855,
    "residual_skew": -1.1607068037929427,
    "residual_kurtosis": 36.83921875871982
  },
  "log_target": true
}