{
  "train": {
    "RMSE": 36602.59831994174,
    "MAE": 21375.25601164647,
    "MAPE_pct": 8.035339007787918,
    "R2": 0.9102182470355038,
    "residual_skew": 1.478374653666003,
    "residual_kurtosis": 36.15385373770296
  },
  "test": {
    "RMSE": 41523.44970579903,
    "MAE": 23143.809578348602,
    "MAPE_pct": 8.332672360780993,
    "R2": 0.8853176654616712,
    "residual_skew": -0.7154190015080092,
    "residual_kurtosis": 36.33781588276687
  },
  "log_target": true
}