{
  "train": {
    "RMSE": 23213.137501864203,
    "MAE": 15399.354976379485,
    "MAPE_pct": 5.793388257962617,
    "R2": 0.9638896301385407,
    "residual_skew": 1.2644051760532848,
    "residual_kurtosis": 14.457686888260959
  },
  "test": {
    "RMSE": 34044.76357474058,
    "MAE": 20247.81719886254,
    "MAPE_pct": 7.547914205022038,
    "R2": 0.9229078218267801,
    "residual_skew": -0.9068820365084543,
    "residual_kurtosis": 25.145896916337982
  },
  "log_target": true
}