{
  "train": {
    "RMSE": 49972.33366689595,
    "MAE": 29142.774687320223,
    "MAPE_pct": 11.012269137675181,
    "R2": 0.8326508499024405,
    "residual_skew": 3.3678817056982253,
    "residual_kurtosis": 29.58647057174565
  },
  "test": {
    "RMSE": 49955.05524991448,
    "MAE": 29217.84691576112,
    "MAPE_pct": 10.455341472426023,
    "R2": 0.8340151086034644,
    "residual_skew": 2.2786296668710406,
    "residual_kurtosis": 14.69820469208638
  },
  "log_target": true
}