{
  "train": {
    "RMSE": 22691.99914955065,
    "MAE": 15547.125222926104,
    "MAPE_pct": 5.877446065756526,
    "R2": 0.965492796416066,
    "residual_skew": 0.909267133507498,
    "residual_kurtosis": 9.021706581829424
  },
  "test": {
    "RMSE": 33781.67158824596,
    "MAE": 20363.643909580867,
    "MAPE_pct": 7.564173332236648,
    "R2": 0.9240947277123801,
    "residual_skew": -0.7238679890336354,
    "residual_kurtosis": 21.767603789409804
  },
  "log_target": true
}