{
  "train": {
    "RMSE": 36865.60817427389,
    "MAE": 21964.19260247488,
    "MAPE_pct": 8.266281207607122,
    "R2": 0.9089233485957552,
    "residual_skew": 2.1838990223465498,
    "residual_kurtosis": 33.499511228611155
  },
  "test": {
    "RMSE": 41438.13502977313,
    "MAE": 23773.427648551507,
    "MAPE_pct": 8.488420574760463,
    "R2": 0.8857884372797289,
    "residual_skew": 0.4369298316099779,
    "residual_kurtosis": 23.141572370307962
  },
  "log_target": true
}