{
  "train": {
    "RMSE": 8918.323550064491,
    "MAE": 6151.372344303886,
    "MAPE_pct": 2.3259463221609398,
    "R2": 0.9946699571900853,
    "residual_skew": 0.7287542130440808,
    "residual_kurtosis": 9.847612945847125
  },
  "test": {
    "RMSE": 32005.333902133894,
    "MAE": 19602.084140075858,
    "MAPE_pct": 7.3940782485859575,
    "R2": 0.9318674888119568,
    "residual_skew": -0.4297427516894196,
    "residual_kurtosis": 16.986759053024443
  },
  "log_target": true
}