{
  "train": {
    "RMSE": 49746.63831083653,
    "MAE": 28827.47273864148,
    "MAPE_pct": 10.876899422624769,
    "R2": 0.8341590697948823,
    "residual_skew": 3.3916187286457937,
    "residual_kurtosis": 29.812513642582317
  },
  "test": {
    "RMSE": 49835.93018634339,
    "MAE": 28583.42748397553,
    "MAPE_pct": 10.15351562910951,
    "R2": 0.8348057947470982,
    "residual_skew": 2.392051983264755,
    "residual_kurtosis": 15.770575484082725
  },
  "log_target": true
}