{
  "train": {
    "RMSE": 49186.37533924727,
    "MAE": 28542.65432532346,
    "MAPE_pct": 10.758244402045246,
    "R2": 0.8378735445221068,
    "residual_skew": 3.305495024836922,
    "residual_kurtosis": 29.825464750799085
  },
  "test": {
    "RMSE": 49050.48000763329,
    "MAE": 28468.013339447036,
    "MAPE_pct": 10.199409501095806,
    "R2": 0.8399719199291239,
    "residual_skew": 2.267239503651838,
    "residual_kurtosis": 15.178924899787015
  },
  "log_target": true
}