{
  "train": {
    "RMSE": 22165.477252993685,
    "MAE": 14232.334336452097,
    "MAPE_pct": 5.37114002437461,
    "R2": 0.9670755580818331,
    "residual_skew": 1.2173385545672684,
    "residual_kurtosis": 17.091540102946386
  },
  "test": {
    "RMSE": 36438.666761001914,
    "MAE": 20454.276907751402,
    "MAPE_pct": 7.550436678558803,
    "R2": 0.9116849685127211,
    "residual_skew": -0.8597844103502944,
    "residual_kurtosis": 32.22340382871996
  },
  "log_target": true
}