{
  "train": {
    "RMSE": 22231.448336665468,
    "MAE": 15255.278263689896,
    "MAPE_pct": 5.7750892693584435,
    "R2": 0.9668792804705496,
    "residual_skew": 0.829711081334088,
    "residual_kurtosis": 8.979486098654299
  },
  "test": {
    "RMSE": 34055.575682358736,
    "MAE": 20296.413663314703,
    "MAPE_pct": 7.539213176612945,
    "R2": 0.9228588474061908,
    "residual_skew": 0.04630127489069819,
    "residual_kurtosis": 17.960341136182784
  },
  "log_target": true
}