{
  "train": {
    "RMSE": 23673.923404604255,
    "MAE": 15605.206770842371,
    "MAPE_pct": 5.941698599048119,
    "R2": 0.9624418039007231,
    "residual_skew": 0.9661611971868095,
    "residual_kurtosis": 13.615493276710218
  },
  "test": {
    "RMSE": 33957.61077944353,
    "MAE": 19992.695995879425,
    "MAPE_pct": 7.443104199732834,
    "R2": 0.9233020204190935,
    "residual_skew": -0.5186897496445554,
    "residual_kurtosis": 26.07281530278742
  },
  "log_target": true
}