pid,neighborhood,percentile_label,percentile_value,budget,quality_floor,status,base_price,opt_price,cost,net_gain,slack,budget_used_pct,mip_gap,obj_val,changes,xgb_features_path,model_path
535456050,No aplicames,p25,193260.055562266,20000.0,,OPTIMAL,183251.4375,211972.10438475866,10872.93,17847.736884758662,9127.07,0.5436465,0.0,17847.736884758662,"[{'col': 'Utilities', 'base': 'AllPub', 'new': 3}, {'col': 'Exter Qual', 'base': 'TA', 'new': 3.0}, {'col': 'Exter Cond', 'base': 'TA', 'new': 2.0}, {'col': 'Bsmt Cond', 'base': 'TA', 'new': 2.0}, {'col': 'Heating QC', 'base': 'TA', 'new': 2.0}, {'col': 'Kitchen Qual', 'base': 'TA', 'new': 2.0}, {'col': 'Fireplace Qu', 'base': 'No aplica', 'new': -1.0}, {'col': 'Garage Qual', 'base': 'No aplica', 'new': 1.0}, {'col': 'Garage Cond', 'base': 'No aplica', 'new': 2.0}, {'col': 'Pool QC', 'base': 'No aplica', 'new': -1.0}]",optimization/sensibilidad_remodelacion/xgb_features_pid535456050_b20000.csv,/Users/ignaciocuevasschotte/Documents/GitHub/Optimizacion-Casas-Ames-Iowa-Capstone-/models/xgb/datos_nuevos_reexport/model_xgb.joblib
535456050,No aplicames,p25,193260.055562266,50000.0,,OPTIMAL,183251.4375,211975.0559041394,10872.930000000004,17850.688404139393,39127.06999999999,0.21745860000000009,0.0,17850.688404139393,"[{'col': 'Utilities', 'base': 'AllPub', 'new': 3}, {'col': 'Exter Qual', 'base': 'TA', 'new': 3.0}, {'col': 'Exter Cond', 'base': 'TA', 'new': 2.0}, {'col': 'Bsmt Cond', 'base': 'TA', 'new': 2.0}, {'col': 'Heating QC', 'base': 'TA', 'new': 2.0}, {'col': 'Kitchen Qual', 'base': 'TA', 'new': 2.0}, {'col': 'Fireplace Qu', 'base': 'No aplica', 'new': -1.0}, {'col': 'Garage Qual', 'base': 'No aplica', 'new': 1.0}, {'col': 'Garage Cond', 'base': 'No aplica', 'new': 2.0}, {'col': 'Pool QC', 'base': 'No aplica', 'new': -1.0}]",optimization/sensibilidad_remodelacion/xgb_features_pid535456050_b50000.csv,/Users/ignaciocuevasschotte/Documents/GitHub/Optimizacion-Casas-Ames-Iowa-Capstone-/models/xgb/datos_nuevos_reexport/model_xgb.joblib
535456050,No aplicames,p25,193260.055562266,100000.0,,OPTIMAL,183251.4375,212897.73752107137,10872.929999999995,18773.370021071372,89127.07,0.10872929999999995,0.0,18773.370021071372,"[{'col': 'Utilities', 'base': 'AllPub', 'new': 3}, {'col': 'Exter Qual', 'base': 'TA', 'new': 3.0}, {'col': 'Exter Cond', 'base': 'TA', 'new': 2.0}, {'col': 'Bsmt Cond', 'base': 'TA', 'new': 2.0}, {'col': 'Heating QC', 'base': 'TA', 'new': 2.0}, {'col': 'Kitchen Qual', 'base': 'TA', 'new': 2.0}, {'col': 'Fireplace Qu', 'base': 'No aplica', 'new': -1.0}, {'col': 'Garage Qual', 'base': 'No aplica', 'new': 1.0}, {'col': 'Garage Cond', 'base': 'No aplica', 'new': 2.0}, {'col': 'Pool QC', 'base': 'No aplica', 'new': -1.0}]",optimization/sensibilidad_remodelacion/xgb_features_pid535456050_b100000.csv,/Users/ignaciocuevasschotte/Documents/GitHub/Optimizacion-Casas-Ames-Iowa-Capstone-/models/xgb/datos_nuevos_reexport/model_xgb.joblib
535152060,No aplicames,p50,214522.72551894435,20000.0,,OPTIMAL,207074.953125,220887.9731772178,10872.93,2940.090052217798,9127.07,0.5436465,0.0,2940.090052217798,"[{'col': 'Utilities', 'base': 'AllPub', 'new': 3}, {'col': 'Exter Qual', 'base': 'TA', 'new': 3.0}, {'col': 'Exter Cond', 'base': 'TA', 'new': 2.0}, {'col': 'Bsmt Cond', 'base': 'TA', 'new': 2.0}, {'col': 'Heating QC', 'base': 'Fa', 'new': 1.0}, {'col': 'Kitchen Qual', 'base': 'TA', 'new': 2.0}, {'col': 'Fireplace Qu', 'base': 'No aplica', 'new': -1.0}, {'col': 'Garage Qual', 'base': 'TA', 'new': 2.0}, {'col': 'Garage Cond', 'base': 'TA', 'new': 2.0}, {'col': 'Pool QC', 'base': 'No aplica', 'new': -1.0}]",optimization/sensibilidad_remodelacion/xgb_features_pid535152060_b20000.csv,/Users/ignaciocuevasschotte/Documents/GitHub/Optimizacion-Casas-Ames-Iowa-Capstone-/models/xgb/datos_nuevos_reexport/model_xgb.joblib
535152060,No aplicames,p50,214522.72551894435,50000.0,,OPTIMAL,207074.953125,222490.762126365,10872.93,4542.879001365014,39127.07,0.2174586,0.0,4542.879001365014,"[{'col': 'Utilities', 'base': 'AllPub', 'new': 3}, {'col': 'Exter Qual', 'base': 'TA', 'new': 3.0}, {'col': 'Exter Cond', 'base': 'TA', 'new': 2.0}, {'col': 'Bsmt Cond', 'base': 'TA', 'new': 2.0}, {'col': 'Heating QC', 'base': 'Fa', 'new': 1.0}, {'col': 'Kitchen Qual', 'base': 'TA', 'new': 2.0}, {'col': 'Fireplace Qu', 'base': 'No aplica', 'new': -1.0}, {'col': 'Garage Qual', 'base': 'TA', 'new': 2.0}, {'col': 'Garage Cond', 'base': 'TA', 'new': 2.0}, {'col': 'Pool QC', 'base': 'No aplica', 'new': -1.0}]",optimization/sensibilidad_remodelacion/xgb_features_pid535152060_b50000.csv,/Users/ignaciocuevasschotte/Documents/GitHub/Optimizacion-Casas-Ames-Iowa-Capstone-/models/xgb/datos_nuevos_reexport/model_xgb.joblib
535152060,No aplicames,p50,214522.72551894435,100000.0,,OPTIMAL,207074.953125,222634.29043017406,10872.93,4686.407305174071,89127.07,0.1087293,0.0,4686.407305174071,"[{'col': 'Utilities', 'base': 'AllPub', 'new': 3}, {'col': 'Exter Qual', 'base': 'TA', 'new': 3.0}, {'col': 'Exter Cond', 'base': 'TA', 'new': 2.0}, {'col': 'Bsmt Cond', 'base': 'TA', 'new': 2.0}, {'col': 'Heating QC', 'base': 'Fa', 'new': 1.0}, {'col': 'Kitchen Qual', 'base': 'TA', 'new': 2.0}, {'col': 'Fireplace Qu', 'base': 'No aplica', 'new': -1.0}, {'col': 'Garage Qual', 'base': 'TA', 'new': 2.0}, {'col': 'Garage Cond', 'base': 'TA', 'new': 2.0}, {'col': 'Pool QC', 'base': 'No aplica', 'new': -1.0}]",optimization/sensibilidad_remodelacion/xgb_features_pid535152060_b100000.csv,/Users/ignaciocuevasschotte/Documents/GitHub/Optimizacion-Casas-Ames-Iowa-Capstone-/models/xgb/datos_nuevos_reexport/model_xgb.joblib
535153150,No aplicames,p75,242318.3773588412,20000.0,,OPTIMAL,244393.03125,254285.92838765934,10872.93,-980.0328623406531,9127.07,0.5436465,0.0,-980.0328623406531,"[{'col': 'Utilities', 'base': 'AllPub', 'new': 3}, {'col': 'Exter Qual', 'base': 'TA', 'new': 3.0}, {'col': 'Exter Cond', 'base': 'TA', 'new': 2.0}, {'col': 'Bsmt Cond', 'base': 'TA', 'new': 2.0}, {'col': 'Heating QC', 'base': 'Ex', 'new': 4.0}, {'col': 'Kitchen Qual', 'base': 'TA', 'new': 2.0}, {'col': 'Fireplace Qu', 'base': 'TA', 'new': 2.0}, {'col': 'Garage Qual', 'base': 'TA', 'new': 2.0}, {'col': 'Garage Cond', 'base': 'TA', 'new': 2.0}, {'col': 'Pool QC', 'base': 'No aplica', 'new': -1.0}]",optimization/sensibilidad_remodelacion/xgb_features_pid535153150_b20000.csv,/Users/ignaciocuevasschotte/Documents/GitHub/Optimizacion-Casas-Ames-Iowa-Capstone-/models/xgb/datos_nuevos_reexport/model_xgb.joblib
535153150,No aplicames,p75,242318.3773588412,50000.0,,OPTIMAL,244393.03125,255373.46884505116,10872.93,107.5075950511673,39127.07,0.2174586,0.0,107.5075950511673,"[{'col': 'Utilities', 'base': 'AllPub', 'new': 3}, {'col': 'Exter Qual', 'base': 'TA', 'new': 3.0}, {'col': 'Exter Cond', 'base': 'TA', 'new': 2.0}, {'col': 'Bsmt Cond', 'base': 'TA', 'new': 2.0}, {'col': 'Heating QC', 'base': 'Ex', 'new': 4.0}, {'col': 'Kitchen Qual', 'base': 'TA', 'new': 2.0}, {'col': 'Fireplace Qu', 'base': 'TA', 'new': 2.0}, {'col': 'Garage Qual', 'base': 'TA', 'new': 2.0}, {'col': 'Garage Cond', 'base': 'TA', 'new': 2.0}, {'col': 'Pool QC', 'base': 'No aplica', 'new': -1.0}]",optimization/sensibilidad_remodelacion/xgb_features_pid535153150_b50000.csv,/Users/ignaciocuevasschotte/Documents/GitHub/Optimizacion-Casas-Ames-Iowa-Capstone-/models/xgb/datos_nuevos_reexport/model_xgb.joblib
535153150,No aplicames,p75,242318.3773588412,100000.0,,OPTIMAL,244393.03125,255540.22526101072,10872.93,274.26401101073134,89127.07,0.1087293,0.0,274.26401101073134,"[{'col': 'Utilities', 'base': 'AllPub', 'new': 3}, {'col': 'Exter Qual', 'base': 'TA', 'new': 3.0}, {'col': 'Exter Cond', 'base': 'TA', 'new': 2.0}, {'col': 'Bsmt Cond', 'base': 'TA', 'new': 2.0}, {'col': 'Heating QC', 'base': 'Ex', 'new': 4.0}, {'col': 'Kitchen Qual', 'base': 'TA', 'new': 2.0}, {'col': 'Fireplace Qu', 'base': 'TA', 'new': 2.0}, {'col': 'Garage Qual', 'base': 'TA', 'new': 2.0}, {'col': 'Garage Cond', 'base': 'TA', 'new': 2.0}, {'col': 'Pool QC', 'base': 'No aplica', 'new': -1.0}]",optimization/sensibilidad_remodelacion/xgb_features_pid535153150_b100000.csv,/Users/ignaciocuevasschotte/Documents/GitHub/Optimizacion-Casas-Ames-Iowa-Capstone-/models/xgb/datos_nuevos_reexport/model_xgb.joblib
907290230,CollgCr,p25,247511.88243582493,20000.0,,OPTIMAL,227947.921875,239996.77772638146,12875.62,-826.7641486185312,7124.379999999999,0.643781,0.0,-826.7641486185312,"[{'col': 'Utilities', 'base': 'AllPub', 'new': 3}, {'col': 'Exter Qual', 'base': 'Gd', 'new': 3.0}, {'col': 'Exter Cond', 'base': 'TA', 'new': 2.0}, {'col': 'Bsmt Cond', 'base': 'TA', 'new': 2.0}, {'col': 'BsmtFin SF 1', 'base': np.float64(662.0), 'new': 770.0}, {'col': 'BsmtFin SF 2', 'base': np.float64(0.0), 'new': 78.0}, {'col': 'Bsmt Unf SF', 'base': np.float64(186.0), 'new': 0.0}, {'col': 'Heating QC', 'base': 'Ex', 'new': 4.0}, {'col': 'Kitchen Qual', 'base': 'Gd', 'new': 3.0}, {'col': 'Fireplace Qu', 'base': 'Gd', 'new': 3.0}, {'col': 'Garage Qual', 'base': 'TA', 'new': 2.0}, {'col': 'Garage Cond', 'base': 'TA', 'new': 2.0}, {'col': 'Pool QC', 'base': 'No aplica', 'new': -1.0}]",optimization/sensibilidad_remodelacion/xgb_features_pid907290230_b20000.csv,/Users/ignaciocuevasschotte/Documents/GitHub/Optimizacion-Casas-Ames-Iowa-Capstone-/models/xgb/datos_nuevos_reexport/model_xgb.joblib
907290230,CollgCr,p25,247511.88243582493,50000.0,,OPTIMAL,227947.921875,239996.77826065026,12875.619999999999,-826.7636143497366,37124.380000000005,0.2575124,0.0,-826.7636143497366,"[{'col': 'Utilities', 'base': 'AllPub', 'new': 3}, {'col': 'Exter Qual', 'base': 'Gd', 'new': 3.0}, {'col': 'Exter Cond', 'base': 'TA', 'new': 2.0}, {'col': 'Bsmt Cond', 'base': 'TA', 'new': 2.0}, {'col': 'BsmtFin SF 1', 'base': np.float64(662.0), 'new': 788.0}, {'col': 'BsmtFin SF 2', 'base': np.float64(0.0), 'new': 60.0}, {'col': 'Bsmt Unf SF', 'base': np.float64(186.0), 'new': 0.0}, {'col': 'Heating QC', 'base': 'Ex', 'new': 4.0}, {'col': 'Kitchen Qual', 'base': 'Gd', 'new': 3.0}, {'col': 'Fireplace Qu', 'base': 'Gd', 'new': 3.0}, {'col': 'Garage Qual', 'base': 'TA', 'new': 2.0}, {'col': 'Garage Cond', 'base': 'TA', 'new': 2.0}, {'col': 'Pool QC', 'base': 'No aplica', 'new': -1.0}]",optimization/sensibilidad_remodelacion/xgb_features_pid907290230_b50000.csv,/Users/ignaciocuevasschotte/Documents/GitHub/Optimizacion-Casas-Ames-Iowa-Capstone-/models/xgb/datos_nuevos_reexport/model_xgb.joblib
907290230,CollgCr,p25,247511.88243582493,100000.0,,OPTIMAL,227947.921875,241548.86631913026,12875.619999999999,725.3244441302668,87124.38,0.1287562,0.0,725.3244441302668,"[{'col': 'Utilities', 'base': 'AllPub', 'new': 3}, {'col': 'Exter Qual', 'base': 'Gd', 'new': 3.0}, {'col': 'Exter Cond', 'base': 'TA', 'new': 2.0}, {'col': 'Bsmt Cond', 'base': 'TA', 'new': 2.0}, {'col': 'BsmtFin SF 1', 'base': np.float64(662.0), 'new': 770.0}, {'col': 'BsmtFin SF 2', 'base': np.float64(0.0), 'new': 78.0}, {'col': 'Bsmt Unf SF', 'base': np.float64(186.0), 'new': 0.0}, {'col': 'Heating QC', 'base': 'Ex', 'new': 4.0}, {'col': 'Kitchen Qual', 'base': 'Gd', 'new': 3.0}, {'col': 'Fireplace Qu', 'base': 'Gd', 'new': 3.0}, {'col': 'Garage Qual', 'base': 'TA', 'new': 2.0}, {'col': 'Garage Cond', 'base': 'TA', 'new': 2.0}, {'col': 'Pool QC', 'base': 'No aplica', 'new': -1.0}]",optimization/sensibilidad_remodelacion/xgb_features_pid907290230_b100000.csv,/Users/ignaciocuevasschotte/Documents/GitHub/Optimizacion-Casas-Ames-Iowa-Capstone-/models/xgb/datos_nuevos_reexport/model_xgb.joblib
906380170,CollgCr,p50,308000.67474374623,20000.0,,OPTIMAL,297064.9375,310038.8858535626,12747.5,226.44835356262047,7252.5,0.637375,0.0,226.44835356262047,"[{'col': 'Utilities', 'base': 'AllPub', 'new': 3}, {'col': 'Exter Qual', 'base': 'Gd', 'new': 3.0}, {'col': 'Exter Cond', 'base': 'TA', 'new': 2.0}, {'col': 'Bsmt Cond', 'base': 'TA', 'new': 2.0}, {'col': 'Heating QC', 'base': 'Ex', 'new': 4.0}, {'col': 'Kitchen Qual', 'base': 'Gd', 'new': 3.0}, {'col': 'Fireplace Qu', 'base': 'No aplica', 'new': -1.0}, {'col': 'Garage Area', 'base': np.float64(632.0), 'new': 695.2}, {'col': 'Garage Qual', 'base': 'TA', 'new': 2.0}, {'col': 'Garage Cond', 'base': 'TA', 'new': 2.0}, {'col': 'Pool QC', 'base': 'No aplica', 'new': -1.0}]",optimization/sensibilidad_remodelacion/xgb_features_pid906380170_b20000.csv,/Users/ignaciocuevasschotte/Documents/GitHub/Optimizacion-Casas-Ames-Iowa-Capstone-/models/xgb/datos_nuevos_reexport/model_xgb.joblib
906380170,CollgCr,p50,308000.67474374623,50000.0,,OPTIMAL,297064.9375,310038.8864016238,12747.5,226.4489016237785,37252.5,0.25495,0.0,226.4489016237785,"[{'col': 'Utilities', 'base': 'AllPub', 'new': 3}, {'col': 'Exter Qual', 'base': 'Gd', 'new': 3.0}, {'col': 'Exter Cond', 'base': 'TA', 'new': 2.0}, {'col': 'Bsmt Cond', 'base': 'TA', 'new': 2.0}, {'col': 'Heating QC', 'base': 'Ex', 'new': 4.0}, {'col': 'Kitchen Qual', 'base': 'Gd', 'new': 3.0}, {'col': 'Fireplace Qu', 'base': 'No aplica', 'new': -1.0}, {'col': 'Garage Area', 'base': np.float64(632.0), 'new': 695.2}, {'col': 'Garage Qual', 'base': 'TA', 'new': 2.0}, {'col': 'Garage Cond', 'base': 'TA', 'new': 2.0}, {'col': 'Pool QC', 'base': 'No aplica', 'new': -1.0}]",optimization/sensibilidad_remodelacion/xgb_features_pid906380170_b50000.csv,/Users/ignaciocuevasschotte/Documents/GitHub/Optimizacion-Casas-Ames-Iowa-Capstone-/models/xgb/datos_nuevos_reexport/model_xgb.joblib
906380170,CollgCr,p50,308000.67474374623,100000.0,,OPTIMAL,297064.9375,312312.66445974505,12747.5,2500.2269597450504,87252.5,0.127475,0.0,2500.2269597450504,"[{'col': 'Utilities', 'base': 'AllPub', 'new': 3}, {'col': 'Exter Qual', 'base': 'Gd', 'new': 3.0}, {'col': 'Exter Cond', 'base': 'TA', 'new': 2.0}, {'col': 'Bsmt Cond', 'base': 'TA', 'new': 2.0}, {'col': 'Heating QC', 'base': 'Ex', 'new': 4.0}, {'col': 'Kitchen Qual', 'base': 'Gd', 'new': 3.0}, {'col': 'Fireplace Qu', 'base': 'No aplica', 'new': -1.0}, {'col': 'Garage Area', 'base': np.float64(632.0), 'new': 695.2}, {'col': 'Garage Qual', 'base': 'TA', 'new': 2.0}, {'col': 'Garage Cond', 'base': 'TA', 'new': 2.0}, {'col': 'Pool QC', 'base': 'No aplica', 'new': -1.0}]",optimization/sensibilidad_remodelacion/xgb_features_pid906380170_b100000.csv,/Users/ignaciocuevasschotte/Documents/GitHub/Optimizacion-Casas-Ames-Iowa-Capstone-/models/xgb/datos_nuevos_reexport/model_xgb.joblib
907262050,CollgCr,p75,347889.9082568808,20000.0,,OPTIMAL,329019.875,346504.95254764275,14701.079999999953,2783.9975476427935,5298.920000000047,0.7350539999999977,0.0,2783.9975476427935,"[{'col': 'Utilities', 'base': 'AllPub', 'new': 3}, {'col': 'Exter Qual', 'base': 'Gd', 'new': 3.0}, {'col': 'Exter Cond', 'base': 'TA', 'new': 2.0}, {'col': 'Bsmt Cond', 'base': 'TA', 'new': 2.0}, {'col': 'Heating QC', 'base': 'Ex', 'new': 4.0}, {'col': 'Kitchen Qual', 'base': 'Gd', 'new': 3.0}, {'col': 'Fireplace Qu', 'base': 'TA', 'new': 2.0}, {'col': 'Garage Area', 'base': np.float64(613.0), 'new': 674.3}, {'col': 'Garage Qual', 'base': 'TA', 'new': 2.0}, {'col': 'Garage Cond', 'base': 'TA', 'new': 2.0}, {'col': 'Wood Deck SF', 'base': np.int64(192), 'new': 211.2}, {'col': 'Open Porch SF', 'base': np.int64(39), 'new': 42.9}, {'col': 'Pool QC', 'base': 'No aplica', 'new': -1.0}]",optimization/sensibilidad_remodelacion/xgb_features_pid907262050_b20000.csv,/Users/ignaciocuevasschotte/Documents/GitHub/Optimizacion-Casas-Ames-Iowa-Capstone-/models/xgb/datos_nuevos_reexport/model_xgb.joblib
907262050,CollgCr,p75,347889.9082568808,50000.0,,OPTIMAL,329019.875,364537.1318073093,31469.98999999999,4047.2668073092937,18530.01000000001,0.6293997999999998,0.0,4047.2668073092937,"[{'col': 'Utilities', 'base': 'AllPub', 'new': 3}, {'col': 'Exter Qual', 'base': 'Gd', 'new': 3.0}, {'col': 'Exter Cond', 'base': 'TA', 'new': 2.0}, {'col': 'Bsmt Cond', 'base': 'TA', 'new': 2.0}, {'col': 'Heating QC', 'base': 'Ex', 'new': 4.0}, {'col': 'Kitchen Qual', 'base': 'Gd', 'new': 3.0}, {'col': 'Fireplace Qu', 'base': 'TA', 'new': 2.0}, {'col': 'Garage Area', 'base': np.float64(613.0), 'new': 674.3}, {'col': 'Garage Qual', 'base': 'TA', 'new': 2.0}, {'col': 'Garage Cond', 'base': 'TA', 'new': 2.0}, {'col': 'Open Porch SF', 'base': np.int64(39), 'new': 42.9}, {'col': 'Pool QC', 'base': 'No aplica', 'new': -1.0}]",optimization/sensibilidad_remodelacion/xgb_features_pid907262050_b50000.csv,/Users/ignaciocuevasschotte/Documents/GitHub/Optimizacion-Casas-Ames-Iowa-Capstone-/models/xgb/datos_nuevos_reexport/model_xgb.joblib
907262050,CollgCr,p75,347889.9082568808,100000.0,,OPTIMAL,329019.875,367868.29394212173,31469.989999999998,7378.42894212174,68530.01000000001,0.3146999,0.0,7378.42894212174,"[{'col': 'Utilities', 'base': 'AllPub', 'new': 3}, {'col': 'Exter Qual', 'base': 'Gd', 'new': 3.0}, {'col': 'Exter Cond', 'base': 'TA', 'new': 2.0}, {'col': 'Bsmt Cond', 'base': 'TA', 'new': 2.0}, {'col': 'Heating QC', 'base': 'Ex', 'new': 4.0}, {'col': 'Kitchen Qual', 'base': 'Gd', 'new': 3.0}, {'col': 'Fireplace Qu', 'base': 'TA', 'new': 2.0}, {'col': 'Garage Area', 'base': np.float64(613.0), 'new': 674.3}, {'col': 'Garage Qual', 'base': 'TA', 'new': 2.0}, {'col': 'Garage Cond', 'base': 'TA', 'new': 2.0}, {'col': 'Open Porch SF', 'base': np.int64(39), 'new': 42.9}, {'col': 'Pool QC', 'base': 'No aplica', 'new': -1.0}]",optimization/sensibilidad_remodelacion/xgb_features_pid907262050_b100000.csv,/Users/ignaciocuevasschotte/Documents/GitHub/Optimizacion-Casas-Ames-Iowa-Capstone-/models/xgb/datos_nuevos_reexport/model_xgb.joblib
902207140,OldTown,p25,155449.54128440368,20000.0,,OPTIMAL,160683.921875,176711.5216519406,10872.929999999995,5154.669776940602,9127.070000000005,0.5436464999999997,0.0,5154.669776940602,"[{'col': 'Utilities', 'base': 'AllPub', 'new': 3}, {'col': 'Exter Qual', 'base': 'TA', 'new': 3.0}, {'col': 'Exter Cond', 'base': 'Gd', 'new': 3.0}, {'col': 'Bsmt Cond', 'base': 'TA', 'new': 2.0}, {'col': 'Heating QC', 'base': 'Gd', 'new': 3.0}, {'col': 'Kitchen Qual', 'base': 'TA', 'new': 2.0}, {'col': 'Fireplace Qu', 'base': 'No aplica', 'new': -1.0}, {'col': 'Garage Qual', 'base': 'TA', 'new': 2.0}, {'col': 'Garage Cond', 'base': 'TA', 'new': 2.0}, {'col': 'Pool QC', 'base': 'No aplica', 'new': -1.0}]",optimization/sensibilidad_remodelacion/xgb_features_pid902207140_b20000.csv,/Users/ignaciocuevasschotte/Documents/GitHub/Optimizacion-Casas-Ames-Iowa-Capstone-/models/xgb/datos_nuevos_reexport/model_xgb.joblib
902207140,OldTown,p25,155449.54128440368,50000.0,,OPTIMAL,160683.921875,177113.3748803697,10872.930000000002,5556.523005369701,39127.07,0.21745860000000003,0.0,5556.523005369701,"[{'col': 'Utilities', 'base': 'AllPub', 'new': 3}, {'col': 'Exter Qual', 'base': 'TA', 'new': 3.0}, {'col': 'Exter Cond', 'base': 'Gd', 'new': 3.0}, {'col': 'Bsmt Cond', 'base': 'TA', 'new': 2.0}, {'col': 'Heating QC', 'base': 'Gd', 'new': 3.0}, {'col': 'Kitchen Qual', 'base': 'TA', 'new': 2.0}, {'col': 'Fireplace Qu', 'base': 'No aplica', 'new': -1.0}, {'col': 'Garage Qual', 'base': 'TA', 'new': 2.0}, {'col': 'Garage Cond', 'base': 'TA', 'new': 2.0}, {'col': 'Pool QC', 'base': 'No aplica', 'new': -1.0}]",optimization/sensibilidad_remodelacion/xgb_features_pid902207140_b50000.csv,/Users/ignaciocuevasschotte/Documents/GitHub/Optimizacion-Casas-Ames-Iowa-Capstone-/models/xgb/datos_nuevos_reexport/model_xgb.joblib
902207140,OldTown,p25,155449.54128440368,100000.0,,OPTIMAL,160683.921875,177419.79937851705,10872.930000000004,5862.947503517062,89127.06999999999,0.10872930000000004,0.0,5862.947503517062,"[{'col': 'Utilities', 'base': 'AllPub', 'new': 3}, {'col': 'Exter Qual', 'base': 'TA', 'new': 3.0}, {'col': 'Exter Cond', 'base': 'Gd', 'new': 3.0}, {'col': 'Bsmt Cond', 'base': 'TA', 'new': 2.0}, {'col': 'Heating QC', 'base': 'Gd', 'new': 3.0}, {'col': 'Kitchen Qual', 'base': 'TA', 'new': 2.0}, {'col': 'Fireplace Qu', 'base': 'No aplica', 'new': -1.0}, {'col': 'Garage Qual', 'base': 'TA', 'new': 2.0}, {'col': 'Garage Cond', 'base': 'TA', 'new': 2.0}, {'col': 'Pool QC', 'base': 'No aplica', 'new': -1.0}]",optimization/sensibilidad_remodelacion/xgb_features_pid902207140_b100000.csv,/Users/ignaciocuevasschotte/Documents/GitHub/Optimizacion-Casas-Ames-Iowa-Capstone-/models/xgb/datos_nuevos_reexport/model_xgb.joblib
902330010,OldTown,p50,181367.1290661265,20000.0,,OPTIMAL,227521.8125,261937.61595729706,10872.93,23542.87345729707,9127.07,0.5436465,0.0,23542.87345729707,"[{'col': 'Utilities', 'base': 'AllPub', 'new': 3}, {'col': 'Exter Qual', 'base': 'TA', 'new': 3.0}, {'col': 'Exter Cond', 'base': 'Gd', 'new': 3.0}, {'col': 'Bsmt Cond', 'base': 'Fa', 'new': 1.0}, {'col': 'Heating QC', 'base': 'Fa', 'new': 1.0}, {'col': 'Kitchen Qual', 'base': 'TA', 'new': 2.0}, {'col': 'Fireplace Qu', 'base': 'No aplica', 'new': -1.0}, {'col': 'Garage Qual', 'base': 'No aplica', 'new': 1.0}, {'col': 'Garage Cond', 'base': 'No aplica', 'new': 2.0}, {'col': 'Pool QC', 'base': 'No aplica', 'new': -1.0}]",optimization/sensibilidad_remodelacion/xgb_features_pid902330010_b20000.csv,/Users/ignaciocuevasschotte/Documents/GitHub/Optimizacion-Casas-Ames-Iowa-Capstone-/models/xgb/datos_nuevos_reexport/model_xgb.joblib
902330010,OldTown,p50,181367.1290661265,50000.0,,OPTIMAL,227521.8125,262888.7345057526,10872.930000000058,24493.992005752574,39127.06999999994,0.21745860000000117,0.0,24493.992005752574,"[{'col': 'Utilities', 'base': 'AllPub', 'new': 3}, {'col': 'Exter Qual', 'base': 'TA', 'new': 3.0}, {'col': 'Exter Cond', 'base': 'Gd', 'new': 3.0}, {'col': 'Bsmt Cond', 'base': 'Fa', 'new': 1.0}, {'col': 'Heating QC', 'base': 'Fa', 'new': 1.0}, {'col': 'Kitchen Qual', 'base': 'TA', 'new': 2.0}, {'col': 'Fireplace Qu', 'base': 'No aplica', 'new': -1.0}, {'col': 'Garage Qual', 'base': 'No aplica', 'new': 1.0}, {'col': 'Garage Cond', 'base': 'No aplica', 'new': 2.0}, {'col': 'Pool QC', 'base': 'No aplica', 'new': -1.0}]",optimization/sensibilidad_remodelacion/xgb_features_pid902330010_b50000.csv,/Users/ignaciocuevasschotte/Documents/GitHub/Optimizacion-Casas-Ames-Iowa-Capstone-/models/xgb/datos_nuevos_reexport/model_xgb.joblib
902330010,OldTown,p50,181367.1290661265,100000.0,,OPTIMAL,227521.8125,263289.7543409382,10872.929999999993,24895.011840938183,89127.07,0.10872929999999993,1.6108440509304525e-08,24895.011840938183,"[{'col': 'Utilities', 'base': 'AllPub', 'new': 3}, {'col': 'Exter Qual', 'base': 'TA', 'new': 3.0}, {'col': 'Exter Cond', 'base': 'Gd', 'new': 3.0}, {'col': 'Bsmt Cond', 'base': 'Fa', 'new': 1.0}, {'col': 'Heating QC', 'base': 'Fa', 'new': 1.0}, {'col': 'Kitchen Qual', 'base': 'TA', 'new': 2.0}, {'col': 'Fireplace Qu', 'base': 'No aplica', 'new': -1.0}, {'col': 'Garage Qual', 'base': 'No aplica', 'new': 1.0}, {'col': 'Garage Cond', 'base': 'No aplica', 'new': 2.0}, {'col': 'Pool QC', 'base': 'No aplica', 'new': -1.0}]",optimization/sensibilidad_remodelacion/xgb_features_pid902330010_b100000.csv,/Users/ignaciocuevasschotte/Documents/GitHub/Optimizacion-Casas-Ames-Iowa-Capstone-/models/xgb/datos_nuevos_reexport/model_xgb.joblib
902100020,OldTown,p75,212586.0611184926,20000.0,,OPTIMAL,186237.390625,207912.17933122625,12485.555000000002,9189.233706226252,7514.444999999998,0.6242777500000001,0.0,9189.233706226252,"[{'col': 'Utilities', 'base': 'AllPub', 'new': 3}, {'col': 'Exter Qual', 'base': 'TA', 'new': 3.0}, {'col': 'Exter Cond', 'base': 'TA', 'new': 2.0}, {'col': 'Bsmt Cond', 'base': 'TA', 'new': 2.0}, {'col': 'Heating QC', 'base': 'Gd', 'new': 3.0}, {'col': 'Kitchen Qual', 'base': 'TA', 'new': 2.0}, {'col': 'Fireplace Qu', 'base': 'No aplica', 'new': -1.0}, {'col': 'Garage Qual', 'base': 'TA', 'new': 2.0}, {'col': 'Garage Cond', 'base': 'TA', 'new': 2.0}, {'col': 'Open Porch SF', 'base': np.int64(175), 'new': 192.5}, {'col': 'Pool QC', 'base': 'No aplica', 'new': -1.0}]",optimization/sensibilidad_remodelacion/xgb_features_pid902100020_b20000.csv,/Users/ignaciocuevasschotte/Documents/GitHub/Optimizacion-Casas-Ames-Iowa-Capstone-/models/xgb/datos_nuevos_reexport/model_xgb.joblib
902100020,OldTown,p75,212586.0611184926,50000.0,,OPTIMAL,186237.390625,208658.42468396347,12485.555,9935.47905896348,37514.445,0.24971110000000002,0.0,9935.47905896348,"[{'col': 'Utilities', 'base': 'AllPub', 'new': 3}, {'col': 'Exter Qual', 'base': 'TA', 'new': 3.0}, {'col': 'Exter Cond', 'base': 'TA', 'new': 2.0}, {'col': 'Bsmt Cond', 'base': 'TA', 'new': 2.0}, {'col': 'Heating QC', 'base': 'Gd', 'new': 3.0}, {'col': 'Kitchen Qual', 'base': 'TA', 'new': 2.0}, {'col': 'Fireplace Qu', 'base': 'No aplica', 'new': -1.0}, {'col': 'Garage Qual', 'base': 'TA', 'new': 2.0}, {'col': 'Garage Cond', 'base': 'TA', 'new': 2.0}, {'col': 'Open Porch SF', 'base': np.int64(175), 'new': 192.5}, {'col': 'Pool QC', 'base': 'No aplica', 'new': -1.0}]",optimization/sensibilidad_remodelacion/xgb_features_pid902100020_b50000.csv,/Users/ignaciocuevasschotte/Documents/GitHub/Optimizacion-Casas-Ames-Iowa-Capstone-/models/xgb/datos_nuevos_reexport/model_xgb.joblib
902100020,OldTown,p75,212586.0611184926,100000.0,,OPTIMAL,186237.390625,209323.68923035404,12485.555000000004,10600.743605354044,87514.44499999999,0.12485555000000004,0.0,10600.743605354044,"[{'col': 'Utilities', 'base': 'AllPub', 'new': 3}, {'col': 'Exter Qual', 'base': 'TA', 'new': 3.0}, {'col': 'Exter Cond', 'base': 'TA', 'new': 2.0}, {'col': 'Bsmt Cond', 'base': 'TA', 'new': 2.0}, {'col': 'Heating QC', 'base': 'Gd', 'new': 3.0}, {'col': 'Kitchen Qual', 'base': 'TA', 'new': 2.0}, {'col': 'Fireplace Qu', 'base': 'No aplica', 'new': -1.0}, {'col': 'Garage Qual', 'base': 'TA', 'new': 2.0}, {'col': 'Garage Cond', 'base': 'TA', 'new': 2.0}, {'col': 'Open Porch SF', 'base': np.int64(175), 'new': 192.5}, {'col': 'Pool QC', 'base': 'No aplica', 'new': -1.0}]",optimization/sensibilidad_remodelacion/xgb_features_pid902100020_b100000.csv,/Users/ignaciocuevasschotte/Documents/GitHub/Optimizacion-Casas-Ames-Iowa-Capstone-/models/xgb/datos_nuevos_reexport/model_xgb.joblib
908102020,Edwards,p25,155587.96971591303,20000.0,,OPTIMAL,182765.015625,196969.8368182628,16184.930000000004,-1980.1088067372038,3815.069999999996,0.8092465000000002,0.0,-1980.1088067372038,"[{'col': 'Utilities', 'base': 'AllPub', 'new': 3}, {'col': 'Exter Qual', 'base': 'TA', 'new': 3.0}, {'col': 'Exter Cond', 'base': 'Gd', 'new': 3.0}, {'col': 'Bsmt Cond', 'base': 'TA', 'new': 2.0}, {'col': 'BsmtFin SF 1', 'base': np.float64(173.0), 'new': 329.0}, {'col': 'BsmtFin SF 2', 'base': np.float64(337.0), 'new': 347.0}, {'col': 'Bsmt Unf SF', 'base': np.float64(166.0), 'new': 0.0}, {'col': 'Heating QC', 'base': 'Gd', 'new': 3.0}, {'col': 'Kitchen Qual', 'base': 'TA', 'new': 2.0}, {'col': 'Fireplace Qu', 'base': 'No aplica', 'new': -1.0}, {'col': 'Garage Qual', 'base': 'TA', 'new': 2.0}, {'col': 'Garage Cond', 'base': 'TA', 'new': 2.0}, {'col': 'Pool QC', 'base': 'No aplica', 'new': -1.0}]",optimization/sensibilidad_remodelacion/xgb_features_pid908102020_b20000.csv,/Users/ignaciocuevasschotte/Documents/GitHub/Optimizacion-Casas-Ames-Iowa-Capstone-/models/xgb/datos_nuevos_reexport/model_xgb.joblib
908102020,Edwards,p25,155587.96971591303,50000.0,,OPTIMAL,182765.015625,197679.68736932304,16184.93,-1270.2582556769485,33815.07,0.3236986,0.0,-1270.2582556769485,"[{'col': 'Utilities', 'base': 'AllPub', 'new': 3}, {'col': 'Exter Qual', 'base': 'TA', 'new': 3.0}, {'col': 'Exter Cond', 'base': 'Gd', 'new': 3.0}, {'col': 'Bsmt Cond', 'base': 'TA', 'new': 2.0}, {'col': 'BsmtFin SF 1', 'base': np.float64(173.0), 'new': 329.0}, {'col': 'BsmtFin SF 2', 'base': np.float64(337.0), 'new': 347.0}, {'col': 'Bsmt Unf SF', 'base': np.float64(166.0), 'new': 0.0}, {'col': 'Heating QC', 'base': 'Gd', 'new': 3.0}, {'col': 'Kitchen Qual', 'base': 'TA', 'new': 2.0}, {'col': 'Fireplace Qu', 'base': 'No aplica', 'new': -1.0}, {'col': 'Garage Qual', 'base': 'TA', 'new': 2.0}, {'col': 'Garage Cond', 'base': 'TA', 'new': 2.0}, {'col': 'Pool QC', 'base': 'No aplica', 'new': -1.0}]",optimization/sensibilidad_remodelacion/xgb_features_pid908102020_b50000.csv,/Users/ignaciocuevasschotte/Documents/GitHub/Optimizacion-Casas-Ames-Iowa-Capstone-/models/xgb/datos_nuevos_reexport/model_xgb.joblib
908102020,Edwards,p25,155587.96971591303,100000.0,,OPTIMAL,182765.015625,197976.77004364075,16184.929999999998,-973.1755813592463,83815.07,0.16184929999999997,0.0,-973.1755813592463,"[{'col': 'Utilities', 'base': 'AllPub', 'new': 3}, {'col': 'Exter Qual', 'base': 'TA', 'new': 3.0}, {'col': 'Exter Cond', 'base': 'Gd', 'new': 3.0}, {'col': 'Bsmt Cond', 'base': 'TA', 'new': 2.0}, {'col': 'BsmtFin SF 1', 'base': np.float64(173.0), 'new': 329.0}, {'col': 'BsmtFin SF 2', 'base': np.float64(337.0), 'new': 347.0}, {'col': 'Bsmt Unf SF', 'base': np.float64(166.0), 'new': 0.0}, {'col': 'Heating QC', 'base': 'Gd', 'new': 3.0}, {'col': 'Kitchen Qual', 'base': 'TA', 'new': 2.0}, {'col': 'Fireplace Qu', 'base': 'No aplica', 'new': -1.0}, {'col': 'Garage Qual', 'base': 'TA', 'new': 2.0}, {'col': 'Garage Cond', 'base': 'TA', 'new': 2.0}, {'col': 'Pool QC', 'base': 'No aplica', 'new': -1.0}]",optimization/sensibilidad_remodelacion/xgb_features_pid908102020_b100000.csv,/Users/ignaciocuevasschotte/Documents/GitHub/Optimizacion-Casas-Ames-Iowa-Capstone-/models/xgb/datos_nuevos_reexport/model_xgb.joblib
905452160,Edwards,p50,187889.90825688076,20000.0,,OPTIMAL,214686.015625,226391.41704983148,10872.93,832.4714248314849,9127.07,0.5436465,0.0,832.4714248314849,"[{'col': 'Utilities', 'base': 'AllPub', 'new': 3}, {'col': 'Exter Qual', 'base': 'TA', 'new': 3.0}, {'col': 'Exter Cond', 'base': 'TA', 'new': 2.0}, {'col': 'Bsmt Cond', 'base': 'TA', 'new': 2.0}, {'col': 'Heating QC', 'base': 'TA', 'new': 2.0}, {'col': 'Kitchen Qual', 'base': 'TA', 'new': 2.0}, {'col': 'Fireplace Qu', 'base': 'No aplica', 'new': -1.0}, {'col': 'Garage Qual', 'base': 'TA', 'new': 2.0}, {'col': 'Garage Cond', 'base': 'TA', 'new': 2.0}, {'col': 'Pool QC', 'base': 'No aplica', 'new': -1.0}]",optimization/sensibilidad_remodelacion/xgb_features_pid905452160_b20000.csv,/Users/ignaciocuevasschotte/Documents/GitHub/Optimizacion-Casas-Ames-Iowa-Capstone-/models/xgb/datos_nuevos_reexport/model_xgb.joblib
905452160,Edwards,p50,187889.90825688076,50000.0,,OPTIMAL,214686.015625,228316.4056858289,10872.93,2757.4600608289184,39127.07,0.2174586,0.0,2757.4600608289184,"[{'col': 'Utilities', 'base': 'AllPub', 'new': 3}, {'col': 'Exter Qual', 'base': 'TA', 'new': 3.0}, {'col': 'Exter Cond', 'base': 'TA', 'new': 2.0}, {'col': 'Bsmt Cond', 'base': 'TA', 'new': 2.0}, {'col': 'Heating QC', 'base': 'TA', 'new': 2.0}, {'col': 'Kitchen Qual', 'base': 'TA', 'new': 2.0}, {'col': 'Fireplace Qu', 'base': 'No aplica', 'new': -1.0}, {'col': 'Garage Qual', 'base': 'TA', 'new': 2.0}, {'col': 'Garage Cond', 'base': 'TA', 'new': 2.0}, {'col': 'Pool QC', 'base': 'No aplica', 'new': -1.0}]",optimization/sensibilidad_remodelacion/xgb_features_pid905452160_b50000.csv,/Users/ignaciocuevasschotte/Documents/GitHub/Optimizacion-Casas-Ames-Iowa-Capstone-/models/xgb/datos_nuevos_reexport/model_xgb.joblib
905452160,Edwards,p50,187889.90825688076,100000.0,,OPTIMAL,214686.015625,226996.4545271377,10872.93,1437.5089021377207,89127.07,0.1087293,0.0,1437.5089021377207,"[{'col': 'Utilities', 'base': 'AllPub', 'new': 3}, {'col': 'Exter Qual', 'base': 'TA', 'new': 3.0}, {'col': 'Exter Cond', 'base': 'TA', 'new': 2.0}, {'col': 'Bsmt Cond', 'base': 'TA', 'new': 2.0}, {'col': 'Heating QC', 'base': 'TA', 'new': 2.0}, {'col': 'Kitchen Qual', 'base': 'TA', 'new': 2.0}, {'col': 'Fireplace Qu', 'base': 'No aplica', 'new': -1.0}, {'col': 'Garage Qual', 'base': 'TA', 'new': 2.0}, {'col': 'Garage Cond', 'base': 'TA', 'new': 2.0}, {'col': 'Pool QC', 'base': 'No aplica', 'new': -1.0}]",optimization/sensibilidad_remodelacion/xgb_features_pid905452160_b100000.csv,/Users/ignaciocuevasschotte/Documents/GitHub/Optimizacion-Casas-Ames-Iowa-Capstone-/models/xgb/datos_nuevos_reexport/model_xgb.joblib
908188140,Edwards,p75,218299.44730549023,20000.0,,OPTIMAL,232506.328125,238320.84814300164,7292.22,-1477.6999819983612,12707.779999999999,0.364611,0.0,-1477.6999819983612,"[{'col': 'Utilities', 'base': 'AllPub', 'new': 3}, {'col': 'Exter Qual', 'base': 'Gd', 'new': 3.0}, {'col': 'Exter Cond', 'base': 'TA', 'new': 2.0}, {'col': 'Bsmt Cond', 'base': 'TA', 'new': 2.0}, {'col': 'Heating QC', 'base': 'Ex', 'new': 4.0}, {'col': 'Kitchen Qual', 'base': 'Gd', 'new': 3.0}, {'col': 'Fireplace Qu', 'base': 'No aplica', 'new': -1.0}, {'col': 'Garage Qual', 'base': 'TA', 'new': 2.0}, {'col': 'Garage Cond', 'base': 'TA', 'new': 2.0}, {'col': 'Open Porch SF', 'base': np.int64(40), 'new': 44.0}, {'col': 'Pool QC', 'base': 'No aplica', 'new': -1.0}]",optimization/sensibilidad_remodelacion/xgb_features_pid908188140_b20000.csv,/Users/ignaciocuevasschotte/Documents/GitHub/Optimizacion-Casas-Ames-Iowa-Capstone-/models/xgb/datos_nuevos_reexport/model_xgb.joblib
908188140,Edwards,p75,218299.44730549023,50000.0,,OPTIMAL,232506.328125,234696.84225299815,7292.22,-5101.705872001854,42707.78,0.1458444,0.0,-5101.705872001854,"[{'col': 'Utilities', 'base': 'AllPub', 'new': 3}, {'col': 'Exter Qual', 'base': 'Gd', 'new': 3.0}, {'col': 'Exter Cond', 'base': 'TA', 'new': 2.0}, {'col': 'Bsmt Cond', 'base': 'TA', 'new': 2.0}, {'col': 'Heating QC', 'base': 'Ex', 'new': 4.0}, {'col': 'Kitchen Qual', 'base': 'Gd', 'new': 3.0}, {'col': 'Fireplace Qu', 'base': 'No aplica', 'new': -1.0}, {'col': 'Garage Qual', 'base': 'TA', 'new': 2.0}, {'col': 'Garage Cond', 'base': 'TA', 'new': 2.0}, {'col': 'Open Porch SF', 'base': np.int64(40), 'new': 44.0}, {'col': 'Pool QC', 'base': 'No aplica', 'new': -1.0}]",optimization/sensibilidad_remodelacion/xgb_features_pid908188140_b50000.csv,/Users/ignaciocuevasschotte/Documents/GitHub/Optimizacion-Casas-Ames-Iowa-Capstone-/models/xgb/datos_nuevos_reexport/model_xgb.joblib
908188140,Edwards,p75,218299.44730549023,100000.0,,OPTIMAL,232506.328125,239667.4597988258,7292.219999999994,-131.08832617421285,92707.78,0.07292219999999994,0.0,-131.08832617421285,"[{'col': 'Utilities', 'base': 'AllPub', 'new': 3}, {'col': 'Exter Qual', 'base': 'Gd', 'new': 3.0}, {'col': 'Exter Cond', 'base': 'TA', 'new': 2.0}, {'col': 'Bsmt Cond', 'base': 'TA', 'new': 2.0}, {'col': 'Heating QC', 'base': 'Ex', 'new': 4.0}, {'col': 'Kitchen Qual', 'base': 'Gd', 'new': 3.0}, {'col': 'Fireplace Qu', 'base': 'No aplica', 'new': -1.0}, {'col': 'Garage Qual', 'base': 'TA', 'new': 2.0}, {'col': 'Garage Cond', 'base': 'TA', 'new': 2.0}, {'col': 'Open Porch SF', 'base': np.int64(40), 'new': 44.0}, {'col': 'Pool QC', 'base': 'No aplica', 'new': -1.0}]",optimization/sensibilidad_remodelacion/xgb_features_pid908188140_b100000.csv,/Users/ignaciocuevasschotte/Documents/GitHub/Optimizacion-Casas-Ames-Iowa-Capstone-/models/xgb/datos_nuevos_reexport/model_xgb.joblib
533206040,Somerst,p25,280058.34548864345,20000.0,,INF_OR_UNBD,275524.34375,,,,,,,,[],optimization/sensibilidad_remodelacion/xgb_features_pid533206040_b20000.csv,/Users/ignaciocuevasschotte/Documents/GitHub/Optimizacion-Casas-Ames-Iowa-Capstone-/models/xgb/datos_nuevos_reexport/model_xgb.joblib
533206040,Somerst,p25,280058.34548864345,50000.0,,OPTIMAL,275524.34375,283647.11585881445,32403.620000000006,-24280.84789118555,17596.379999999994,0.6480724000000001,0.0,-24280.84789118555,"[{'col': 'Utilities', 'base': 'AllPub', 'new': 3}, {'col': 'Exter Qual', 'base': 'Gd', 'new': 3.0}, {'col': 'Exter Cond', 'base': 'TA', 'new': 2.0}, {'col': 'Bsmt Cond', 'base': 'TA', 'new': 2.0}, {'col': 'Heating QC', 'base': 'Ex', 'new': 4.0}, {'col': '1st Flr SF', 'base': np.int64(1143), 'new': 1213.0}, {'col': 'Gr Liv Area', 'base': np.int64(1143), 'new': 1213.0}, {'col': 'Bedroom AbvGr', 'base': np.int64(1), 'new': 2.0}, {'col': 'Kitchen Qual', 'base': 'Gd', 'new': 3.0}, {'col': 'Fireplace Qu', 'base': 'Gd', 'new': 3.0}, {'col': 'Garage Qual', 'base': 'TA', 'new': 2.0}, {'col': 'Garage Cond', 'base': 'TA', 'new': 2.0}, {'col': 'Pool QC', 'base': 'No aplica', 'new': -1.0}]",optimization/sensibilidad_remodelacion/xgb_features_pid533206040_b50000.csv,/Users/ignaciocuevasschotte/Documents/GitHub/Optimizacion-Casas-Ames-Iowa-Capstone-/models/xgb/datos_nuevos_reexport/model_xgb.joblib
533206040,Somerst,p25,280058.34548864345,100000.0,,OPTIMAL,275524.34375,284234.98003771773,32403.619999999995,-23692.983712282265,67596.38,0.32403619999999994,0.0,-23692.983712282265,"[{'col': 'Utilities', 'base': 'AllPub', 'new': 3}, {'col': 'Exter Qual', 'base': 'Gd', 'new': 3.0}, {'col': 'Exter Cond', 'base': 'TA', 'new': 2.0}, {'col': 'Bsmt Cond', 'base': 'TA', 'new': 2.0}, {'col': 'Heating QC', 'base': 'Ex', 'new': 4.0}, {'col': '1st Flr SF', 'base': np.int64(1143), 'new': 1213.0}, {'col': 'Gr Liv Area', 'base': np.int64(1143), 'new': 1213.0}, {'col': 'Bedroom AbvGr', 'base': np.int64(1), 'new': 2.0}, {'col': 'Kitchen Qual', 'base': 'Gd', 'new': 3.0}, {'col': 'Fireplace Qu', 'base': 'Gd', 'new': 3.0}, {'col': 'Garage Qual', 'base': 'TA', 'new': 2.0}, {'col': 'Garage Cond', 'base': 'TA', 'new': 2.0}, {'col': 'Pool QC', 'base': 'No aplica', 'new': -1.0}]",optimization/sensibilidad_remodelacion/xgb_features_pid533206040_b100000.csv,/Users/ignaciocuevasschotte/Documents/GitHub/Optimizacion-Casas-Ames-Iowa-Capstone-/models/xgb/datos_nuevos_reexport/model_xgb.joblib
528445070,Somerst,p50,341538.6989736862,20000.0,,OPTIMAL,375248.0625,383011.08441618306,6923.62,839.4019161830656,13076.380000000001,0.346181,0.0,839.4019161830656,"[{'col': 'Utilities', 'base': 'AllPub', 'new': 3}, {'col': 'Exter Qual', 'base': 'Gd', 'new': 3.0}, {'col': 'Exter Cond', 'base': 'TA', 'new': 2.0}, {'col': 'Bsmt Cond', 'base': 'TA', 'new': 2.0}, {'col': 'Heating QC', 'base': 'Ex', 'new': 4.0}, {'col': 'Kitchen Qual', 'base': 'Gd', 'new': 3.0}, {'col': 'Fireplace Qu', 'base': 'No aplica', 'new': -1.0}, {'col': 'Garage Qual', 'base': 'TA', 'new': 2.0}, {'col': 'Garage Cond', 'base': 'TA', 'new': 2.0}, {'col': 'Pool QC', 'base': 'No aplica', 'new': -1.0}]",optimization/sensibilidad_remodelacion/xgb_features_pid528445070_b20000.csv,/Users/ignaciocuevasschotte/Documents/GitHub/Optimizacion-Casas-Ames-Iowa-Capstone-/models/xgb/datos_nuevos_reexport/model_xgb.joblib
528445070,Somerst,p50,341538.6989736862,50000.0,,OPTIMAL,375248.0625,403240.66620624193,25461.809999999998,2530.793706241937,24538.190000000002,0.5092361999999999,0.0,2530.793706241937,"[{'col': 'Utilities', 'base': 'AllPub', 'new': 3}, {'col': 'Exter Qual', 'base': 'Gd', 'new': 3.0}, {'col': 'Exter Cond', 'base': 'TA', 'new': 2.0}, {'col': 'Bsmt Cond', 'base': 'TA', 'new': 2.0}, {'col': 'Heating QC', 'base': 'Ex', 'new': 4.0}, {'col': 'Kitchen Qual', 'base': 'Gd', 'new': 3.0}, {'col': 'Fireplace Qu', 'base': 'No aplica', 'new': -1.0}, {'col': 'Garage Qual', 'base': 'TA', 'new': 2.0}, {'col': 'Garage Cond', 'base': 'TA', 'new': 2.0}, {'col': 'Pool QC', 'base': 'No aplica', 'new': -1.0}]",optimization/sensibilidad_remodelacion/xgb_features_pid528445070_b50000.csv,/Users/ignaciocuevasschotte/Documents/GitHub/Optimizacion-Casas-Ames-Iowa-Capstone-/models/xgb/datos_nuevos_reexport/model_xgb.joblib
528445070,Somerst,p50,341538.6989736862,100000.0,,OPTIMAL,375248.0625,408279.5143394002,25461.81,7569.641839400225,74538.19,0.2546181,0.0,7569.641839400225,"[{'col': 'Utilities', 'base': 'AllPub', 'new': 3}, {'col': 'Exter Qual', 'base': 'Gd', 'new': 3.0}, {'col': 'Exter Cond', 'base': 'TA', 'new': 2.0}, {'col': 'Bsmt Cond', 'base': 'TA', 'new': 2.0}, {'col': 'Heating QC', 'base': 'Ex', 'new': 4.0}, {'col': 'Kitchen Qual', 'base': 'Gd', 'new': 3.0}, {'col': 'Fireplace Qu', 'base': 'No aplica', 'new': -1.0}, {'col': 'Garage Qual', 'base': 'TA', 'new': 2.0}, {'col': 'Garage Cond', 'base': 'TA', 'new': 2.0}, {'col': 'Pool QC', 'base': 'No aplica', 'new': -1.0}]",optimization/sensibilidad_remodelacion/xgb_features_pid528445070_b100000.csv,/Users/ignaciocuevasschotte/Documents/GitHub/Optimizacion-Casas-Ames-Iowa-Capstone-/models/xgb/datos_nuevos_reexport/model_xgb.joblib
528429080,Somerst,p75,392662.807659788,20000.0,,OPTIMAL,402061.0625,412154.35745343036,8527.02999999999,1566.2649534303928,11472.97000000001,0.4263514999999995,0.0,1566.2649534303928,"[{'col': 'Utilities', 'base': 'AllPub', 'new': 3}, {'col': 'Exter Qual', 'base': 'Gd', 'new': 3.0}, {'col': 'Exter Cond', 'base': 'TA', 'new': 2.0}, {'col': 'Bsmt Cond', 'base': 'TA', 'new': 2.0}, {'col': 'Heating QC', 'base': 'Ex', 'new': 4.0}, {'col': 'Kitchen Qual', 'base': 'Ex', 'new': 4.0}, {'col': 'Fireplace Qu', 'base': 'Gd', 'new': 3.0}, {'col': 'Garage Qual', 'base': 'TA', 'new': 2.0}, {'col': 'Garage Cond', 'base': 'TA', 'new': 2.0}, {'col': 'Open Porch SF', 'base': np.int64(174), 'new': 191.4}, {'col': 'Pool QC', 'base': 'No aplica', 'new': -1.0}]",optimization/sensibilidad_remodelacion/xgb_features_pid528429080_b20000.csv,/Users/ignaciocuevasschotte/Documents/GitHub/Optimizacion-Casas-Ames-Iowa-Capstone-/models/xgb/datos_nuevos_reexport/model_xgb.joblib
528429080,Somerst,p75,392662.807659788,50000.0,,OPTIMAL,402061.0625,436119.6826004299,27065.219999999972,6993.40010042995,22934.780000000028,0.5413043999999995,0.0,6993.40010042995,"[{'col': 'Utilities', 'base': 'AllPub', 'new': 3}, {'col': 'Exter Qual', 'base': 'Gd', 'new': 3.0}, {'col': 'Exter Cond', 'base': 'TA', 'new': 2.0}, {'col': 'Bsmt Cond', 'base': 'TA', 'new': 2.0}, {'col': 'Heating QC', 'base': 'Ex', 'new': 4.0}, {'col': 'Kitchen Qual', 'base': 'Ex', 'new': 4.0}, {'col': 'Fireplace Qu', 'base': 'Gd', 'new': 3.0}, {'col': 'Garage Qual', 'base': 'TA', 'new': 2.0}, {'col': 'Garage Cond', 'base': 'TA', 'new': 2.0}, {'col': 'Open Porch SF', 'base': np.int64(174), 'new': 191.4}, {'col': 'Pool QC', 'base': 'No aplica', 'new': -1.0}]",optimization/sensibilidad_remodelacion/xgb_features_pid528429080_b50000.csv,/Users/ignaciocuevasschotte/Documents/GitHub/Optimizacion-Casas-Ames-Iowa-Capstone-/models/xgb/datos_nuevos_reexport/model_xgb.joblib
528429080,Somerst,p75,392662.807659788,100000.0,,OPTIMAL,402061.0625,489402.3823316469,75001.22,12340.09983164689,24998.78,0.7500122,0.0,12340.09983164689,"[{'col': 'Utilities', 'base': 'AllPub', 'new': 3}, {'col': 'Exter Qual', 'base': 'Gd', 'new': 3.0}, {'col': 'Exter Cond', 'base': 'TA', 'new': 2.0}, {'col': 'Bsmt Cond', 'base': 'TA', 'new': 2.0}, {'col': 'BsmtFin SF 1', 'base': np.float64(0.0), 'new': 1438.0}, {'col': 'BsmtFin SF 2', 'base': np.float64(0.0), 'new': 60.0}, {'col': 'Bsmt Unf SF', 'base': np.float64(1498.0), 'new': 0.0}, {'col': 'Heating QC', 'base': 'Ex', 'new': 4.0}, {'col': 'Kitchen Qual', 'base': 'Ex', 'new': 4.0}, {'col': 'Fireplace Qu', 'base': 'Gd', 'new': 3.0}, {'col': 'Garage Qual', 'base': 'TA', 'new': 2.0}, {'col': 'Garage Cond', 'base': 'TA', 'new': 2.0}, {'col': 'Open Porch SF', 'base': np.int64(174), 'new': 191.4}, {'col': 'Pool QC', 'base': 'No aplica', 'new': -1.0}]",optimization/sensibilidad_remodelacion/xgb_features_pid528429080_b100000.csv,/Users/ignaciocuevasschotte/Documents/GitHub/Optimizacion-Casas-Ames-Iowa-Capstone-/models/xgb/datos_nuevos_reexport/model_xgb.joblib
528120020,NridgHt,p25,381050.0314589985,20000.0,,OPTIMAL,395241.46875,400902.5374569452,6923.62,-1262.5512930547702,13076.380000000001,0.346181,0.0,-1262.5512930547702,"[{'col': 'Utilities', 'base': 'AllPub', 'new': 3}, {'col': 'Exter Qual', 'base': 'Gd', 'new': 3.0}, {'col': 'Exter Cond', 'base': 'TA', 'new': 2.0}, {'col': 'Bsmt Cond', 'base': 'TA', 'new': 2.0}, {'col': 'Heating QC', 'base': 'Ex', 'new': 4.0}, {'col': 'Kitchen Qual', 'base': 'Gd', 'new': 3.0}, {'col': 'Fireplace Qu', 'base': 'Gd', 'new': 3.0}, {'col': 'Garage Qual', 'base': 'TA', 'new': 2.0}, {'col': 'Garage Cond', 'base': 'TA', 'new': 2.0}, {'col': 'Pool QC', 'base': 'No aplica', 'new': -1.0}]",optimization/sensibilidad_remodelacion/xgb_features_pid528120020_b20000.csv,/Users/ignaciocuevasschotte/Documents/GitHub/Optimizacion-Casas-Ames-Iowa-Capstone-/models/xgb/datos_nuevos_reexport/model_xgb.joblib
528120020,NridgHt,p25,381050.0314589985,50000.0,,OPTIMAL,395241.46875,426524.9221283376,25461.81,5821.643378337612,24538.19,0.5092362,0.0,5821.643378337612,"[{'col': 'Utilities', 'base': 'AllPub', 'new': 3}, {'col': 'Exter Qual', 'base': 'Gd', 'new': 3.0}, {'col': 'Exter Cond', 'base': 'TA', 'new': 2.0}, {'col': 'Bsmt Cond', 'base': 'TA', 'new': 2.0}, {'col': 'Heating QC', 'base': 'Ex', 'new': 4.0}, {'col': 'Kitchen Qual', 'base': 'Gd', 'new': 3.0}, {'col': 'Fireplace Qu', 'base': 'Gd', 'new': 3.0}, {'col': 'Garage Qual', 'base': 'TA', 'new': 2.0}, {'col': 'Garage Cond', 'base': 'TA', 'new': 2.0}, {'col': 'Pool QC', 'base': 'No aplica', 'new': -1.0}]",optimization/sensibilidad_remodelacion/xgb_features_pid528120020_b50000.csv,/Users/ignaciocuevasschotte/Documents/GitHub/Optimizacion-Casas-Ames-Iowa-Capstone-/models/xgb/datos_nuevos_reexport/model_xgb.joblib
528120020,NridgHt,p25,381050.0314589985,100000.0,,OPTIMAL,395241.46875,462028.2763260082,53461.81000000001,13324.997576008202,46538.18999999999,0.5346181000000001,0.0,13324.997576008202,"[{'col': 'Utilities', 'base': 'AllPub', 'new': 3}, {'col': 'Exter Qual', 'base': 'Gd', 'new': 3.0}, {'col': 'Exter Cond', 'base': 'TA', 'new': 2.0}, {'col': 'Bsmt Cond', 'base': 'TA', 'new': 2.0}, {'col': 'Heating QC', 'base': 'Ex', 'new': 4.0}, {'col': '1st Flr SF', 'base': np.int64(1717), 'new': 1757.0}, {'col': 'Gr Liv Area', 'base': np.int64(1717), 'new': 1757.0}, {'col': 'Full Bath', 'base': np.int64(2), 'new': 3.0}, {'col': 'Kitchen Qual', 'base': 'Gd', 'new': 3.0}, {'col': 'Fireplace Qu', 'base': 'Gd', 'new': 3.0}, {'col': 'Garage Qual', 'base': 'TA', 'new': 2.0}, {'col': 'Garage Cond', 'base': 'TA', 'new': 2.0}, {'col': 'Pool QC', 'base': 'No aplica', 'new': -1.0}]",optimization/sensibilidad_remodelacion/xgb_features_pid528120020_b100000.csv,/Users/ignaciocuevasschotte/Documents/GitHub/Optimizacion-Casas-Ames-Iowa-Capstone-/models/xgb/datos_nuevos_reexport/model_xgb.joblib
528102090,NridgHt,p50,485860.02006327646,20000.0,,OPTIMAL,505670.34375,509605.6206686048,6923.62,-2988.3430813952,13076.380000000001,0.346181,0.0,-2988.3430813952,"[{'col': 'Utilities', 'base': 'AllPub', 'new': 3}, {'col': 'Exter Qual', 'base': 'Ex', 'new': 4.0}, {'col': 'Exter Cond', 'base': 'TA', 'new': 2.0}, {'col': 'Bsmt Cond', 'base': 'TA', 'new': 2.0}, {'col': 'Heating QC', 'base': 'Ex', 'new': 4.0}, {'col': 'Kitchen Qual', 'base': 'Gd', 'new': 3.0}, {'col': 'Fireplace Qu', 'base': 'Gd', 'new': 3.0}, {'col': 'Garage Qual', 'base': 'TA', 'new': 2.0}, {'col': 'Garage Cond', 'base': 'TA', 'new': 2.0}, {'col': 'Pool QC', 'base': 'No aplica', 'new': -1.0}]",optimization/sensibilidad_remodelacion/xgb_features_pid528102090_b20000.csv,/Users/ignaciocuevasschotte/Documents/GitHub/Optimizacion-Casas-Ames-Iowa-Capstone-/models/xgb/datos_nuevos_reexport/model_xgb.joblib
528102090,NridgHt,p50,485860.02006327646,50000.0,,OPTIMAL,505670.34375,537323.3782984114,25461.809999999994,6191.224548411381,24538.190000000006,0.5092361999999999,0.0,6191.224548411381,"[{'col': 'Utilities', 'base': 'AllPub', 'new': 3}, {'col': 'Exter Qual', 'base': 'Ex', 'new': 4.0}, {'col': 'Exter Cond', 'base': 'TA', 'new': 2.0}, {'col': 'Bsmt Cond', 'base': 'TA', 'new': 2.0}, {'col': 'Heating QC', 'base': 'Ex', 'new': 4.0}, {'col': 'Kitchen Qual', 'base': 'Gd', 'new': 3.0}, {'col': 'Fireplace Qu', 'base': 'Gd', 'new': 3.0}, {'col': 'Garage Qual', 'base': 'TA', 'new': 2.0}, {'col': 'Garage Cond', 'base': 'TA', 'new': 2.0}, {'col': 'Pool QC', 'base': 'No aplica', 'new': -1.0}]",optimization/sensibilidad_remodelacion/xgb_features_pid528102090_b50000.csv,/Users/ignaciocuevasschotte/Documents/GitHub/Optimizacion-Casas-Ames-Iowa-Capstone-/models/xgb/datos_nuevos_reexport/model_xgb.joblib
528102090,NridgHt,p50,485860.02006327646,100000.0,,OPTIMAL,505670.34375,626412.910324813,99029.81,21712.756574813044,970.1900000000023,0.9902981,0.0,21712.756574813044,"[{'col': 'Utilities', 'base': 'AllPub', 'new': 3}, {'col': 'Exter Qual', 'base': 'Ex', 'new': 4.0}, {'col': 'Exter Cond', 'base': 'TA', 'new': 2.0}, {'col': 'Bsmt Cond', 'base': 'TA', 'new': 2.0}, {'col': 'BsmtFin SF 1', 'base': np.float64(48.0), 'new': 1731.9999989999924}, {'col': 'BsmtFin SF 2', 'base': np.float64(0.0), 'new': 90.00000100000761}, {'col': 'Bsmt Unf SF', 'base': np.float64(1774.0), 'new': 0.0}, {'col': 'Heating QC', 'base': 'Ex', 'new': 4.0}, {'col': '1st Flr SF', 'base': np.int64(1828), 'new': 1903.0}, {'col': 'Gr Liv Area', 'base': np.int64(1828), 'new': 1903.0}, {'col': 'Kitchen AbvGr', 'base': np.int64(1), 'new': 2.0}, {'col': 'Kitchen Qual', 'base': 'Gd', 'new': 3.0}, {'col': 'Fireplace Qu', 'base': 'Gd', 'new': 3.0}, {'col': 'Garage Qual', 'base': 'TA', 'new': 2.0}, {'col': 'Garage Cond', 'base': 'TA', 'new': 2.0}, {'col': 'Pool QC', 'base': 'No aplica', 'new': -1.0}]",optimization/sensibilidad_remodelacion/xgb_features_pid528102090_b100000.csv,/Users/ignaciocuevasschotte/Documents/GitHub/Optimizacion-Casas-Ames-Iowa-Capstone-/models/xgb/datos_nuevos_reexport/model_xgb.joblib
528150040,NridgHt,p75,574118.3733312755,20000.0,,OPTIMAL,537028.125,538255.3167004815,6923.62,-5696.428299518535,13076.380000000001,0.346181,0.0,-5696.428299518535,"[{'col': 'Utilities', 'base': 'AllPub', 'new': 3}, {'col': 'Exter Qual', 'base': 'Ex', 'new': 4.0}, {'col': 'Exter Cond', 'base': 'TA', 'new': 2.0}, {'col': 'Bsmt Cond', 'base': 'TA', 'new': 2.0}, {'col': 'Heating QC', 'base': 'Ex', 'new': 4.0}, {'col': 'Kitchen Qual', 'base': 'Ex', 'new': 4.0}, {'col': 'Fireplace Qu', 'base': 'Gd', 'new': 3.0}, {'col': 'Garage Qual', 'base': 'TA', 'new': 2.0}, {'col': 'Garage Cond', 'base': 'TA', 'new': 2.0}, {'col': 'Pool QC', 'base': 'No aplica', 'new': -1.0}]",optimization/sensibilidad_remodelacion/xgb_features_pid528150040_b20000.csv,/Users/ignaciocuevasschotte/Documents/GitHub/Optimizacion-Casas-Ames-Iowa-Capstone-/models/xgb/datos_nuevos_reexport/model_xgb.joblib
528150040,NridgHt,p75,574118.3733312755,50000.0,,OPTIMAL,537028.125,578853.735067912,33230.055,8595.555067911977,16769.945,0.6646011000000001,0.0,8595.555067911977,"[{'col': 'Utilities', 'base': 'AllPub', 'new': 3}, {'col': 'Exter Qual', 'base': 'Ex', 'new': 4.0}, {'col': 'Exter Cond', 'base': 'TA', 'new': 2.0}, {'col': 'Bsmt Cond', 'base': 'TA', 'new': 2.0}, {'col': 'Heating QC', 'base': 'Ex', 'new': 4.0}, {'col': 'Kitchen Qual', 'base': 'Ex', 'new': 4.0}, {'col': 'Fireplace Qu', 'base': 'Gd', 'new': 3.0}, {'col': 'Garage Area', 'base': np.float64(843.0), 'new': 927.3}, {'col': 'Garage Qual', 'base': 'TA', 'new': 2.0}, {'col': 'Garage Cond', 'base': 'TA', 'new': 2.0}, {'col': 'Pool QC', 'base': 'No aplica', 'new': -1.0}]",optimization/sensibilidad_remodelacion/xgb_features_pid528150040_b50000.csv,/Users/ignaciocuevasschotte/Documents/GitHub/Optimizacion-Casas-Ames-Iowa-Capstone-/models/xgb/datos_nuevos_reexport/model_xgb.joblib
528150040,NridgHt,p75,574118.3733312755,100000.0,,OPTIMAL,537028.125,668782.423044892,99925.8100000199,31828.48804487218,74.18999998009531,0.9992581000001991,0.0,31828.48804487218,"[{'col': 'Utilities', 'base': 'AllPub', 'new': 3}, {'col': 'Exter Qual', 'base': 'Ex', 'new': 4.0}, {'col': 'Exter Cond', 'base': 'TA', 'new': 2.0}, {'col': 'Bsmt Cond', 'base': 'TA', 'new': 2.0}, {'col': 'BsmtFin SF 1', 'base': np.float64(0.0), 'new': 1573.0}, {'col': 'BsmtFin SF 2', 'base': np.float64(0.0), 'new': 229.0}, {'col': 'Bsmt Unf SF', 'base': np.float64(1802.0), 'new': 0.0}, {'col': 'Heating QC', 'base': 'Ex', 'new': 4.0}, {'col': '1st Flr SF', 'base': np.int64(1802), 'new': 1877.0}, {'col': 'Gr Liv Area', 'base': np.int64(1802), 'new': 1877.0}, {'col': 'Kitchen AbvGr', 'base': np.int64(1), 'new': 2.0}, {'col': 'Kitchen Qual', 'base': 'Ex', 'new': 4.0}, {'col': 'Fireplace Qu', 'base': 'Gd', 'new': 3.0}, {'col': 'Garage Qual', 'base': 'TA', 'new': 2.0}, {'col': 'Garage Cond', 'base': 'TA', 'new': 2.0}, {'col': 'Pool QC', 'base': 'No aplica', 'new': -1.0}]",optimization/sensibilidad_remodelacion/xgb_features_pid528150040_b100000.csv,/Users/ignaciocuevasschotte/Documents/GitHub/Optimizacion-Casas-Ames-Iowa-Capstone-/models/xgb/datos_nuevos_reexport/model_xgb.joblib
527107090,Gilbert,p25,264468.95295790094,20000.0,,OPTIMAL,265236.375,271364.01967405615,7283.005,-1155.3603259438532,12716.994999999999,0.36415025,0.0,-1155.3603259438532,"[{'col': 'Utilities', 'base': 'AllPub', 'new': 3}, {'col': 'Exter Qual', 'base': 'Gd', 'new': 3.0}, {'col': 'Exter Cond', 'base': 'TA', 'new': 2.0}, {'col': 'Bsmt Cond', 'base': 'TA', 'new': 2.0}, {'col': 'Heating QC', 'base': 'Gd', 'new': 3.0}, {'col': 'Kitchen Qual', 'base': 'Gd', 'new': 3.0}, {'col': 'Fireplace Qu', 'base': 'No aplica', 'new': -1.0}, {'col': 'Garage Qual', 'base': 'TA', 'new': 2.0}, {'col': 'Garage Cond', 'base': 'TA', 'new': 2.0}, {'col': 'Open Porch SF', 'base': np.int64(39), 'new': 42.9}, {'col': 'Pool QC', 'base': 'No aplica', 'new': -1.0}]",optimization/sensibilidad_remodelacion/xgb_features_pid527107090_b20000.csv,/Users/ignaciocuevasschotte/Documents/GitHub/Optimizacion-Casas-Ames-Iowa-Capstone-/models/xgb/datos_nuevos_reexport/model_xgb.joblib
527107090,Gilbert,p25,264468.95295790094,50000.0,,OPTIMAL,265236.375,271973.35800921166,7283.004999999999,-546.0219907883438,42716.995,0.1456601,0.0,-546.0219907883438,"[{'col': 'Utilities', 'base': 'AllPub', 'new': 3}, {'col': 'Exter Qual', 'base': 'Gd', 'new': 3.0}, {'col': 'Exter Cond', 'base': 'TA', 'new': 2.0}, {'col': 'Bsmt Cond', 'base': 'TA', 'new': 2.0}, {'col': 'Heating QC', 'base': 'Gd', 'new': 3.0}, {'col': 'Kitchen Qual', 'base': 'Gd', 'new': 3.0}, {'col': 'Fireplace Qu', 'base': 'No aplica', 'new': -1.0}, {'col': 'Garage Qual', 'base': 'TA', 'new': 2.0}, {'col': 'Garage Cond', 'base': 'TA', 'new': 2.0}, {'col': 'Open Porch SF', 'base': np.int64(39), 'new': 42.9}, {'col': 'Pool QC', 'base': 'No aplica', 'new': -1.0}]",optimization/sensibilidad_remodelacion/xgb_features_pid527107090_b50000.csv,/Users/ignaciocuevasschotte/Documents/GitHub/Optimizacion-Casas-Ames-Iowa-Capstone-/models/xgb/datos_nuevos_reexport/model_xgb.joblib
527107090,Gilbert,p25,264468.95295790094,100000.0,,OPTIMAL,265236.375,274298.60360029613,7283.005000000002,1779.223600296129,92716.995,0.07283005000000002,0.0,1779.223600296129,"[{'col': 'Utilities', 'base': 'AllPub', 'new': 3}, {'col': 'Exter Qual', 'base': 'Gd', 'new': 3.0}, {'col': 'Exter Cond', 'base': 'TA', 'new': 2.0}, {'col': 'Bsmt Cond', 'base': 'TA', 'new': 2.0}, {'col': 'Heating QC', 'base': 'Gd', 'new': 3.0}, {'col': 'Kitchen Qual', 'base': 'Gd', 'new': 3.0}, {'col': 'Fireplace Qu', 'base': 'No aplica', 'new': -1.0}, {'col': 'Garage Qual', 'base': 'TA', 'new': 2.0}, {'col': 'Garage Cond', 'base': 'TA', 'new': 2.0}, {'col': 'Open Porch SF', 'base': np.int64(39), 'new': 42.9}, {'col': 'Pool QC', 'base': 'No aplica', 'new': -1.0}]",optimization/sensibilidad_remodelacion/xgb_features_pid527107090_b100000.csv,/Users/ignaciocuevasschotte/Documents/GitHub/Optimizacion-Casas-Ames-Iowa-Capstone-/models/xgb/datos_nuevos_reexport/model_xgb.joblib
528218050,Gilbert,p50,276101.5510456054,20000.0,,OPTIMAL,270724.46875,275163.61876252637,6923.620000000001,-2484.469987473625,13076.38,0.346181,0.0,-2484.469987473625,"[{'col': 'Utilities', 'base': 'AllPub', 'new': 3}, {'col': 'Exter Qual', 'base': 'Gd', 'new': 3.0}, {'col': 'Exter Cond', 'base': 'TA', 'new': 2.0}, {'col': 'Bsmt Cond', 'base': 'TA', 'new': 2.0}, {'col': 'Heating QC', 'base': 'Ex', 'new': 4.0}, {'col': 'Kitchen Qual', 'base': 'Gd', 'new': 3.0}, {'col': 'Fireplace Qu', 'base': 'Gd', 'new': 3.0}, {'col': 'Garage Qual', 'base': 'TA', 'new': 2.0}, {'col': 'Garage Cond', 'base': 'TA', 'new': 2.0}, {'col': 'Pool QC', 'base': 'No aplica', 'new': -1.0}]",optimization/sensibilidad_remodelacion/xgb_features_pid528218050_b20000.csv,/Users/ignaciocuevasschotte/Documents/GitHub/Optimizacion-Casas-Ames-Iowa-Capstone-/models/xgb/datos_nuevos_reexport/model_xgb.joblib
528218050,Gilbert,p50,276101.5510456054,50000.0,,OPTIMAL,270724.46875,275788.38277402497,6923.619999999997,-1859.7059759750264,43076.380000000005,0.13847239999999994,0.0,-1859.7059759750264,"[{'col': 'Utilities', 'base': 'AllPub', 'new': 3}, {'col': 'Exter Qual', 'base': 'Gd', 'new': 3.0}, {'col': 'Exter Cond', 'base': 'TA', 'new': 2.0}, {'col': 'Bsmt Cond', 'base': 'TA', 'new': 2.0}, {'col': 'Heating QC', 'base': 'Ex', 'new': 4.0}, {'col': 'Kitchen Qual', 'base': 'Gd', 'new': 3.0}, {'col': 'Fireplace Qu', 'base': 'Gd', 'new': 3.0}, {'col': 'Garage Qual', 'base': 'TA', 'new': 2.0}, {'col': 'Garage Cond', 'base': 'TA', 'new': 2.0}, {'col': 'Pool QC', 'base': 'No aplica', 'new': -1.0}]",optimization/sensibilidad_remodelacion/xgb_features_pid528218050_b50000.csv,/Users/ignaciocuevasschotte/Documents/GitHub/Optimizacion-Casas-Ames-Iowa-Capstone-/models/xgb/datos_nuevos_reexport/model_xgb.joblib
528218050,Gilbert,p50,276101.5510456054,100000.0,,OPTIMAL,270724.46875,277988.66222778795,6923.619999999999,340.5734777879552,93076.38,0.06923619999999998,0.0,340.5734777879552,"[{'col': 'Utilities', 'base': 'AllPub', 'new': 3}, {'col': 'Exter Qual', 'base': 'Gd', 'new': 3.0}, {'col': 'Exter Cond', 'base': 'TA', 'new': 2.0}, {'col': 'Bsmt Cond', 'base': 'TA', 'new': 2.0}, {'col': 'Heating QC', 'base': 'Ex', 'new': 4.0}, {'col': 'Kitchen Qual', 'base': 'Gd', 'new': 3.0}, {'col': 'Fireplace Qu', 'base': 'Gd', 'new': 3.0}, {'col': 'Garage Qual', 'base': 'TA', 'new': 2.0}, {'col': 'Garage Cond', 'base': 'TA', 'new': 2.0}, {'col': 'Pool QC', 'base': 'No aplica', 'new': -1.0}]",optimization/sensibilidad_remodelacion/xgb_features_pid528218050_b100000.csv,/Users/ignaciocuevasschotte/Documents/GitHub/Optimizacion-Casas-Ames-Iowa-Capstone-/models/xgb/datos_nuevos_reexport/model_xgb.joblib
528222020,Gilbert,p75,293872.33451413485,20000.0,,OPTIMAL,289950.75,297687.99903431186,6923.62,813.6290343118599,13076.380000000001,0.346181,0.0,813.6290343118599,"[{'col': 'Utilities', 'base': 'AllPub', 'new': 3}, {'col': 'Exter Qual', 'base': 'Gd', 'new': 3.0}, {'col': 'Exter Cond', 'base': 'TA', 'new': 2.0}, {'col': 'Bsmt Cond', 'base': 'TA', 'new': 2.0}, {'col': 'Heating QC', 'base': 'Ex', 'new': 4.0}, {'col': 'Kitchen Qual', 'base': 'Gd', 'new': 3.0}, {'col': 'Fireplace Qu', 'base': 'No aplica', 'new': -1.0}, {'col': 'Garage Qual', 'base': 'TA', 'new': 2.0}, {'col': 'Garage Cond', 'base': 'TA', 'new': 2.0}, {'col': 'Pool QC', 'base': 'No aplica', 'new': -1.0}]",optimization/sensibilidad_remodelacion/xgb_features_pid528222020_b20000.csv,/Users/ignaciocuevasschotte/Documents/GitHub/Optimizacion-Casas-Ames-Iowa-Capstone-/models/xgb/datos_nuevos_reexport/model_xgb.joblib
528222020,Gilbert,p75,293872.33451413485,50000.0,,OPTIMAL,289950.75,297906.31149622623,6923.620000000003,1031.941496226238,43076.38,0.13847240000000005,0.0,1031.941496226238,"[{'col': 'Utilities', 'base': 'AllPub', 'new': 3}, {'col': 'Exter Qual', 'base': 'Gd', 'new': 3.0}, {'col': 'Exter Cond', 'base': 'TA', 'new': 2.0}, {'col': 'Bsmt Cond', 'base': 'TA', 'new': 2.0}, {'col': 'Heating QC', 'base': 'Ex', 'new': 4.0}, {'col': 'Kitchen Qual', 'base': 'Gd', 'new': 3.0}, {'col': 'Fireplace Qu', 'base': 'No aplica', 'new': -1.0}, {'col': 'Garage Qual', 'base': 'TA', 'new': 2.0}, {'col': 'Garage Cond', 'base': 'TA', 'new': 2.0}, {'col': 'Pool QC', 'base': 'No aplica', 'new': -1.0}]",optimization/sensibilidad_remodelacion/xgb_features_pid528222020_b50000.csv,/Users/ignaciocuevasschotte/Documents/GitHub/Optimizacion-Casas-Ames-Iowa-Capstone-/models/xgb/datos_nuevos_reexport/model_xgb.joblib
528222020,Gilbert,p75,293872.33451413485,100000.0,,OPTIMAL,289950.75,301188.1819408067,6923.62,4313.811940806685,93076.38,0.0692362,0.0,4313.811940806685,"[{'col': 'Utilities', 'base': 'AllPub', 'new': 3}, {'col': 'Exter Qual', 'base': 'Gd', 'new': 3.0}, {'col': 'Exter Cond', 'base': 'TA', 'new': 2.0}, {'col': 'Bsmt Cond', 'base': 'TA', 'new': 2.0}, {'col': 'Heating QC', 'base': 'Ex', 'new': 4.0}, {'col': 'Kitchen Qual', 'base': 'Gd', 'new': 3.0}, {'col': 'Fireplace Qu', 'base': 'No aplica', 'new': -1.0}, {'col': 'Garage Qual', 'base': 'TA', 'new': 2.0}, {'col': 'Garage Cond', 'base': 'TA', 'new': 2.0}, {'col': 'Pool QC', 'base': 'No aplica', 'new': -1.0}]",optimization/sensibilidad_remodelacion/xgb_features_pid528222020_b100000.csv,/Users/ignaciocuevasschotte/Documents/GitHub/Optimizacion-Casas-Ames-Iowa-Capstone-/models/xgb/datos_nuevos_reexport/model_xgb.joblib
532351050,Sawyer,p25,190286.82393823116,20000.0,,OPTIMAL,189226.515625,210194.3538657572,15096.93,5870.908240757213,4903.07,0.7548465,0.0,5870.908240757213,"[{'col': 'Utilities', 'base': 'AllPub', 'new': 3}, {'col': 'Exter Qual', 'base': 'TA', 'new': 3.0}, {'col': 'Exter Cond', 'base': 'TA', 'new': 2.0}, {'col': 'Bsmt Cond', 'base': 'Gd', 'new': 3.0}, {'col': 'BsmtFin SF 1', 'base': np.float64(53.0), 'new': 170.0}, {'col': 'BsmtFin SF 2', 'base': np.float64(799.0), 'new': 814.0}, {'col': 'Bsmt Unf SF', 'base': np.float64(132.0), 'new': 0.0}, {'col': 'Heating QC', 'base': 'TA', 'new': 2.0}, {'col': 'Kitchen Qual', 'base': 'TA', 'new': 2.0}, {'col': 'Fireplace Qu', 'base': 'TA', 'new': 2.0}, {'col': 'Garage Qual', 'base': 'TA', 'new': 2.0}, {'col': 'Garage Cond', 'base': 'TA', 'new': 2.0}, {'col': 'Pool QC', 'base': 'No aplica', 'new': -1.0}]",optimization/sensibilidad_remodelacion/xgb_features_pid532351050_b20000.csv,/Users/ignaciocuevasschotte/Documents/GitHub/Optimizacion-Casas-Ames-Iowa-Capstone-/models/xgb/datos_nuevos_reexport/model_xgb.joblib
532351050,Sawyer,p25,190286.82393823116,50000.0,,OPTIMAL,189226.515625,210218.8743763308,15096.933499996501,5895.425251334294,34903.0665000035,0.30193866999993,0.0,5895.425251334294,"[{'col': 'Utilities', 'base': 'AllPub', 'new': 3}, {'col': 'Exter Qual', 'base': 'TA', 'new': 3.0}, {'col': 'Exter Cond', 'base': 'TA', 'new': 2.0}, {'col': 'Bsmt Cond', 'base': 'Gd', 'new': 3.0}, {'col': 'BsmtFin SF 1', 'base': np.float64(53.0), 'new': 176.0}, {'col': 'BsmtFin SF 2', 'base': np.float64(799.0), 'new': 808.0}, {'col': 'Bsmt Unf SF', 'base': np.float64(132.0), 'new': 0.0}, {'col': 'Heating QC', 'base': 'TA', 'new': 2.0}, {'col': '1st Flr SF', 'base': np.int64(984), 'new': 984.000004999995}, {'col': 'Gr Liv Area', 'base': np.int64(984), 'new': 984.000004999995}, {'col': 'Kitchen Qual', 'base': 'TA', 'new': 2.0}, {'col': 'Fireplace Qu', 'base': 'TA', 'new': 2.0}, {'col': 'Garage Qual', 'base': 'TA', 'new': 2.0}, {'col': 'Garage Cond', 'base': 'TA', 'new': 2.0}, {'col': 'Pool QC', 'base': 'No aplica', 'new': -1.0}]",optimization/sensibilidad_remodelacion/xgb_features_pid532351050_b50000.csv,/Users/ignaciocuevasschotte/Documents/GitHub/Optimizacion-Casas-Ames-Iowa-Capstone-/models/xgb/datos_nuevos_reexport/model_xgb.joblib
532351050,Sawyer,p25,190286.82393823116,100000.0,,OPTIMAL,189226.515625,210355.39947933963,15096.929999999995,6031.953854339634,84903.07,0.15096929999999995,0.0,6031.953854339634,"[{'col': 'Utilities', 'base': 'AllPub', 'new': 3}, {'col': 'Exter Qual', 'base': 'TA', 'new': 3.0}, {'col': 'Exter Cond', 'base': 'TA', 'new': 2.0}, {'col': 'Bsmt Cond', 'base': 'Gd', 'new': 3.0}, {'col': 'BsmtFin SF 1', 'base': np.float64(53.0), 'new': 170.0}, {'col': 'BsmtFin SF 2', 'base': np.float64(799.0), 'new': 814.0}, {'col': 'Bsmt Unf SF', 'base': np.float64(132.0), 'new': 0.0}, {'col': 'Heating QC', 'base': 'TA', 'new': 2.0}, {'col': 'Kitchen Qual', 'base': 'TA', 'new': 2.0}, {'col': 'Fireplace Qu', 'base': 'TA', 'new': 2.0}, {'col': 'Garage Qual', 'base': 'TA', 'new': 2.0}, {'col': 'Garage Cond', 'base': 'TA', 'new': 2.0}, {'col': 'Pool QC', 'base': 'No aplica', 'new': -1.0}]",optimization/sensibilidad_remodelacion/xgb_features_pid532351050_b100000.csv,/Users/ignaciocuevasschotte/Documents/GitHub/Optimizacion-Casas-Ames-Iowa-Capstone-/models/xgb/datos_nuevos_reexport/model_xgb.joblib
532378220,Sawyer,p50,205122.09884995883,20000.0,,OPTIMAL,204318.8125,223260.257531111,11372.93,7568.515031111019,8627.07,0.5686465,0.0,7568.515031111019,"[{'col': 'Utilities', 'base': 'AllPub', 'new': 3}, {'col': 'Exter Qual', 'base': 'TA', 'new': 3.0}, {'col': 'Exter Cond', 'base': 'TA', 'new': 2.0}, {'col': 'Bsmt Cond', 'base': 'TA', 'new': 2.0}, {'col': 'Heating QC', 'base': 'TA', 'new': 2.0}, {'col': 'Kitchen Qual', 'base': 'TA', 'new': 2.0}, {'col': 'Fireplace Qu', 'base': 'Po', 'new': 1.0}, {'col': 'Garage Qual', 'base': 'TA', 'new': 2.0}, {'col': 'Garage Cond', 'base': 'TA', 'new': 2.0}, {'col': 'Pool QC', 'base': 'No aplica', 'new': -1.0}]",optimization/sensibilidad_remodelacion/xgb_features_pid532378220_b20000.csv,/Users/ignaciocuevasschotte/Documents/GitHub/Optimizacion-Casas-Ames-Iowa-Capstone-/models/xgb/datos_nuevos_reexport/model_xgb.joblib
532378220,Sawyer,p50,205122.09884995883,50000.0,,OPTIMAL,204318.8125,225223.94685786605,11372.929999999998,9532.204357866052,38627.07,0.22745859999999998,0.0,9532.204357866052,"[{'col': 'Utilities', 'base': 'AllPub', 'new': 3}, {'col': 'Exter Qual', 'base': 'TA', 'new': 3.0}, {'col': 'Exter Cond', 'base': 'TA', 'new': 2.0}, {'col': 'Bsmt Cond', 'base': 'TA', 'new': 2.0}, {'col': 'Heating QC', 'base': 'TA', 'new': 2.0}, {'col': 'Kitchen Qual', 'base': 'TA', 'new': 2.0}, {'col': 'Fireplace Qu', 'base': 'Po', 'new': 1.0}, {'col': 'Garage Qual', 'base': 'TA', 'new': 2.0}, {'col': 'Garage Cond', 'base': 'TA', 'new': 2.0}, {'col': 'Pool QC', 'base': 'No aplica', 'new': -1.0}]",optimization/sensibilidad_remodelacion/xgb_features_pid532378220_b50000.csv,/Users/ignaciocuevasschotte/Documents/GitHub/Optimizacion-Casas-Ames-Iowa-Capstone-/models/xgb/datos_nuevos_reexport/model_xgb.joblib
532378220,Sawyer,p50,205122.09884995883,100000.0,,OPTIMAL,204318.8125,225370.28217109403,11372.929999999998,9678.53967109404,88627.07,0.11372929999999999,0.0,9678.53967109404,"[{'col': 'Utilities', 'base': 'AllPub', 'new': 3}, {'col': 'Exter Qual', 'base': 'TA', 'new': 3.0}, {'col': 'Exter Cond', 'base': 'TA', 'new': 2.0}, {'col': 'Bsmt Cond', 'base': 'TA', 'new': 2.0}, {'col': 'Heating QC', 'base': 'TA', 'new': 2.0}, {'col': 'Kitchen Qual', 'base': 'TA', 'new': 2.0}, {'col': 'Fireplace Qu', 'base': 'Po', 'new': 1.0}, {'col': 'Garage Qual', 'base': 'TA', 'new': 2.0}, {'col': 'Garage Cond', 'base': 'TA', 'new': 2.0}, {'col': 'Pool QC', 'base': 'No aplica', 'new': -1.0}]",optimization/sensibilidad_remodelacion/xgb_features_pid532378220_b100000.csv,/Users/ignaciocuevasschotte/Documents/GitHub/Optimizacion-Casas-Ames-Iowa-Capstone-/models/xgb/datos_nuevos_reexport/model_xgb.joblib
532353030,Sawyer,p75,228619.05754174976,20000.0,,OPTIMAL,232078.109375,243289.91797501445,10872.93,338.878600014461,9127.07,0.5436465,0.0,338.878600014461,"[{'col': 'Utilities', 'base': 'AllPub', 'new': 3}, {'col': 'Exter Qual', 'base': 'TA', 'new': 3.0}, {'col': 'Exter Cond', 'base': 'TA', 'new': 2.0}, {'col': 'Bsmt Cond', 'base': 'TA', 'new': 2.0}, {'col': 'Heating QC', 'base': 'Gd', 'new': 3.0}, {'col': 'Kitchen Qual', 'base': 'TA', 'new': 2.0}, {'col': 'Fireplace Qu', 'base': 'TA', 'new': 2.0}, {'col': 'Garage Qual', 'base': 'TA', 'new': 2.0}, {'col': 'Garage Cond', 'base': 'TA', 'new': 2.0}, {'col': 'Pool QC', 'base': 'No aplica', 'new': -1.0}]",optimization/sensibilidad_remodelacion/xgb_features_pid532353030_b20000.csv,/Users/ignaciocuevasschotte/Documents/GitHub/Optimizacion-Casas-Ames-Iowa-Capstone-/models/xgb/datos_nuevos_reexport/model_xgb.joblib
532353030,Sawyer,p75,228619.05754174976,50000.0,,OPTIMAL,232078.109375,244168.87870920985,10872.929999999995,1217.839334209857,39127.07000000001,0.2174585999999999,0.0,1217.839334209857,"[{'col': 'Utilities', 'base': 'AllPub', 'new': 3}, {'col': 'Exter Qual', 'base': 'TA', 'new': 3.0}, {'col': 'Exter Cond', 'base': 'TA', 'new': 2.0}, {'col': 'Bsmt Cond', 'base': 'TA', 'new': 2.0}, {'col': 'Heating QC', 'base': 'Gd', 'new': 3.0}, {'col': 'Kitchen Qual', 'base': 'TA', 'new': 2.0}, {'col': 'Fireplace Qu', 'base': 'TA', 'new': 2.0}, {'col': 'Garage Qual', 'base': 'TA', 'new': 2.0}, {'col': 'Garage Cond', 'base': 'TA', 'new': 2.0}, {'col': 'Pool QC', 'base': 'No aplica', 'new': -1.0}]",optimization/sensibilidad_remodelacion/xgb_features_pid532353030_b50000.csv,/Users/ignaciocuevasschotte/Documents/GitHub/Optimizacion-Casas-Ames-Iowa-Capstone-/models/xgb/datos_nuevos_reexport/model_xgb.joblib
532353030,Sawyer,p75,228619.05754174976,100000.0,,OPTIMAL,232078.109375,244327.5016654795,10872.929999999995,1376.4622904795106,89127.07,0.10872929999999995,0.0,1376.4622904795106,"[{'col': 'Utilities', 'base': 'AllPub', 'new': 3}, {'col': 'Exter Qual', 'base': 'TA', 'new': 3.0}, {'col': 'Exter Cond', 'base': 'TA', 'new': 2.0}, {'col': 'Bsmt Cond', 'base': 'TA', 'new': 2.0}, {'col': 'Heating QC', 'base': 'Gd', 'new': 3.0}, {'col': 'Kitchen Qual', 'base': 'TA', 'new': 2.0}, {'col': 'Fireplace Qu', 'base': 'TA', 'new': 2.0}, {'col': 'Garage Qual', 'base': 'TA', 'new': 2.0}, {'col': 'Garage Cond', 'base': 'TA', 'new': 2.0}, {'col': 'Pool QC', 'base': 'No aplica', 'new': -1.0}]",optimization/sensibilidad_remodelacion/xgb_features_pid532353030_b100000.csv,/Users/ignaciocuevasschotte/Documents/GitHub/Optimizacion-Casas-Ames-Iowa-Capstone-/models/xgb/datos_nuevos_reexport/model_xgb.joblib
527375180,NWAmes,p25,250404.3063873418,20000.0,,OPTIMAL,230286.328125,242539.86246177583,10872.930000000038,1380.6043367757811,9127.069999999962,0.5436465000000019,0.0,1380.6043367757811,"[{'col': 'Utilities', 'base': 'AllPub', 'new': 3}, {'col': 'Exter Qual', 'base': 'TA', 'new': 3.0}, {'col': 'Exter Cond', 'base': 'TA', 'new': 2.0}, {'col': 'Bsmt Cond', 'base': 'TA', 'new': 2.0}, {'col': 'Heating QC', 'base': 'Ex', 'new': 4.0}, {'col': 'Kitchen Qual', 'base': 'TA', 'new': 2.0}, {'col': 'Fireplace Qu', 'base': 'TA', 'new': 2.0}, {'col': 'Garage Qual', 'base': 'TA', 'new': 2.0}, {'col': 'Garage Cond', 'base': 'TA', 'new': 2.0}, {'col': 'Pool QC', 'base': 'No aplica', 'new': -1.0}]",optimization/sensibilidad_remodelacion/xgb_features_pid527375180_b20000.csv,/Users/ignaciocuevasschotte/Documents/GitHub/Optimizacion-Casas-Ames-Iowa-Capstone-/models/xgb/datos_nuevos_reexport/model_xgb.joblib
527375180,NWAmes,p25,250404.3063873418,50000.0,,OPTIMAL,230286.328125,243928.5709660118,10872.929999999991,2769.3128410117934,39127.07000000001,0.21745859999999984,0.0,2769.3128410117934,"[{'col': 'Utilities', 'base': 'AllPub', 'new': 3}, {'col': 'Exter Qual', 'base': 'TA', 'new': 3.0}, {'col': 'Exter Cond', 'base': 'TA', 'new': 2.0}, {'col': 'Bsmt Cond', 'base': 'TA', 'new': 2.0}, {'col': 'Heating QC', 'base': 'Ex', 'new': 4.0}, {'col': 'Kitchen Qual', 'base': 'TA', 'new': 2.0}, {'col': 'Fireplace Qu', 'base': 'TA', 'new': 2.0}, {'col': 'Garage Qual', 'base': 'TA', 'new': 2.0}, {'col': 'Garage Cond', 'base': 'TA', 'new': 2.0}, {'col': 'Pool QC', 'base': 'No aplica', 'new': -1.0}]",optimization/sensibilidad_remodelacion/xgb_features_pid527375180_b50000.csv,/Users/ignaciocuevasschotte/Documents/GitHub/Optimizacion-Casas-Ames-Iowa-Capstone-/models/xgb/datos_nuevos_reexport/model_xgb.joblib
527375180,NWAmes,p25,250404.3063873418,100000.0,,OPTIMAL,230286.328125,244300.61783501206,10872.930000000011,3141.3597100120387,89127.06999999999,0.10872930000000011,0.0,3141.3597100120387,"[{'col': 'Utilities', 'base': 'AllPub', 'new': 3}, {'col': 'Exter Qual', 'base': 'TA', 'new': 3.0}, {'col': 'Exter Cond', 'base': 'TA', 'new': 2.0}, {'col': 'Bsmt Cond', 'base': 'TA', 'new': 2.0}, {'col': 'Heating QC', 'base': 'Ex', 'new': 4.0}, {'col': 'Kitchen Qual', 'base': 'TA', 'new': 2.0}, {'col': 'Fireplace Qu', 'base': 'TA', 'new': 2.0}, {'col': 'Garage Qual', 'base': 'TA', 'new': 2.0}, {'col': 'Garage Cond', 'base': 'TA', 'new': 2.0}, {'col': 'Pool QC', 'base': 'No aplica', 'new': -1.0}]",optimization/sensibilidad_remodelacion/xgb_features_pid527375180_b100000.csv,/Users/ignaciocuevasschotte/Documents/GitHub/Optimizacion-Casas-Ames-Iowa-Capstone-/models/xgb/datos_nuevos_reexport/model_xgb.joblib
534250410,NWAmes,p50,275023.9252232247,20000.0,,OPTIMAL,285312.03125,292936.3108256192,6923.62,700.659575619211,13076.380000000001,0.346181,0.0,700.659575619211,"[{'col': 'Utilities', 'base': 'AllPub', 'new': 3}, {'col': 'Exter Qual', 'base': 'Gd', 'new': 3.0}, {'col': 'Exter Cond', 'base': 'TA', 'new': 2.0}, {'col': 'Bsmt Cond', 'base': 'TA', 'new': 2.0}, {'col': 'Heating QC', 'base': 'TA', 'new': 2.0}, {'col': 'Kitchen Qual', 'base': 'Gd', 'new': 3.0}, {'col': 'Fireplace Qu', 'base': 'TA', 'new': 2.0}, {'col': 'Garage Qual', 'base': 'Gd', 'new': 3.0}, {'col': 'Garage Cond', 'base': 'TA', 'new': 2.0}, {'col': 'Pool QC', 'base': 'No aplica', 'new': -1.0}]",optimization/sensibilidad_remodelacion/xgb_features_pid534250410_b20000.csv,/Users/ignaciocuevasschotte/Documents/GitHub/Optimizacion-Casas-Ames-Iowa-Capstone-/models/xgb/datos_nuevos_reexport/model_xgb.joblib
534250410,NWAmes,p50,275023.9252232247,50000.0,,OPTIMAL,285312.03125,292936.31133518793,6923.619999999999,700.6600851879339,43076.380000000005,0.13847239999999997,0.0,700.6600851879339,"[{'col': 'Utilities', 'base': 'AllPub', 'new': 3}, {'col': 'Exter Qual', 'base': 'Gd', 'new': 3.0}, {'col': 'Exter Cond', 'base': 'TA', 'new': 2.0}, {'col': 'Bsmt Cond', 'base': 'TA', 'new': 2.0}, {'col': 'Heating QC', 'base': 'TA', 'new': 2.0}, {'col': 'Kitchen Qual', 'base': 'Gd', 'new': 3.0}, {'col': 'Fireplace Qu', 'base': 'TA', 'new': 2.0}, {'col': 'Garage Qual', 'base': 'Gd', 'new': 3.0}, {'col': 'Garage Cond', 'base': 'TA', 'new': 2.0}, {'col': 'Pool QC', 'base': 'No aplica', 'new': -1.0}]",optimization/sensibilidad_remodelacion/xgb_features_pid534250410_b50000.csv,/Users/ignaciocuevasschotte/Documents/GitHub/Optimizacion-Casas-Ames-Iowa-Capstone-/models/xgb/datos_nuevos_reexport/model_xgb.joblib
534250410,NWAmes,p50,275023.9252232247,100000.0,,OPTIMAL,285312.03125,325519.0472304734,40149.81,57.20598047343083,59850.19,0.40149809999999997,0.0,57.20598047343083,"[{'col': 'Utilities', 'base': 'AllPub', 'new': 3}, {'col': 'Exter Qual', 'base': 'Gd', 'new': 3.0}, {'col': 'Exter Cond', 'base': 'TA', 'new': 2.0}, {'col': 'Bsmt Cond', 'base': 'TA', 'new': 2.0}, {'col': 'BsmtFin SF 1', 'base': np.float64(442.0), 'new': 856.0}, {'col': 'BsmtFin SF 2', 'base': np.float64(0.0), 'new': 45.0}, {'col': 'Bsmt Unf SF', 'base': np.float64(459.0), 'new': 0.0}, {'col': 'Heating QC', 'base': 'TA', 'new': 2.0}, {'col': 'Kitchen Qual', 'base': 'Gd', 'new': 3.0}, {'col': 'Fireplace Qu', 'base': 'TA', 'new': 2.0}, {'col': 'Garage Qual', 'base': 'Gd', 'new': 3.0}, {'col': 'Garage Cond', 'base': 'TA', 'new': 2.0}, {'col': 'Pool QC', 'base': 'No aplica', 'new': -1.0}]",optimization/sensibilidad_remodelacion/xgb_features_pid534250410_b100000.csv,/Users/ignaciocuevasschotte/Documents/GitHub/Optimizacion-Casas-Ames-Iowa-Capstone-/models/xgb/datos_nuevos_reexport/model_xgb.joblib
534152070,NWAmes,p75,311926.6055045872,20000.0,,OPTIMAL,297017.0625,318104.79499734833,11508.765000000001,9578.96749734832,8491.234999999999,0.57543825,0.0,9578.96749734832,"[{'col': 'Utilities', 'base': 'AllPub', 'new': 3}, {'col': 'Exter Qual', 'base': 'TA', 'new': 3.0}, {'col': 'Exter Cond', 'base': 'TA', 'new': 2.0}, {'col': 'Bsmt Cond', 'base': 'TA', 'new': 2.0}, {'col': 'Heating QC', 'base': 'TA', 'new': 2.0}, {'col': 'Kitchen Qual', 'base': 'TA', 'new': 2.0}, {'col': 'Fireplace Qu', 'base': 'TA', 'new': 2.0}, {'col': 'Garage Qual', 'base': 'TA', 'new': 2.0}, {'col': 'Garage Cond', 'base': 'TA', 'new': 2.0}, {'col': 'Open Porch SF', 'base': np.int64(69), 'new': 75.9}, {'col': 'Pool QC', 'base': 'No aplica', 'new': -1.0}]",optimization/sensibilidad_remodelacion/xgb_features_pid534152070_b20000.csv,/Users/ignaciocuevasschotte/Documents/GitHub/Optimizacion-Casas-Ames-Iowa-Capstone-/models/xgb/datos_nuevos_reexport/model_xgb.joblib
534152070,NWAmes,p75,311926.6055045872,50000.0,,OPTIMAL,297017.0625,360482.68513950374,45758.955,17706.66763950372,4241.044999999998,0.9151791,0.0,17706.66763950372,"[{'col': 'Utilities', 'base': 'AllPub', 'new': 3}, {'col': 'Exter Qual', 'base': 'TA', 'new': 3.0}, {'col': 'Exter Cond', 'base': 'TA', 'new': 2.0}, {'col': 'Bsmt Cond', 'base': 'TA', 'new': 2.0}, {'col': 'BsmtFin SF 1', 'base': np.float64(687.0), 'new': 1097.0}, {'col': 'BsmtFin SF 2', 'base': np.float64(46.0), 'new': 127.0}, {'col': 'Bsmt Unf SF', 'base': np.float64(491.0), 'new': 0.0}, {'col': 'Heating QC', 'base': 'TA', 'new': 2.0}, {'col': 'Kitchen Qual', 'base': 'TA', 'new': 2.0}, {'col': 'Fireplace Qu', 'base': 'TA', 'new': 2.0}, {'col': 'Garage Qual', 'base': 'TA', 'new': 2.0}, {'col': 'Garage Cond', 'base': 'TA', 'new': 2.0}, {'col': 'Open Porch SF', 'base': np.int64(69), 'new': 75.9}, {'col': 'Pool QC', 'base': 'No aplica', 'new': -1.0}]",optimization/sensibilidad_remodelacion/xgb_features_pid534152070_b50000.csv,/Users/ignaciocuevasschotte/Documents/GitHub/Optimizacion-Casas-Ames-Iowa-Capstone-/models/xgb/datos_nuevos_reexport/model_xgb.joblib
534152070,NWAmes,p75,311926.6055045872,100000.0,,OPTIMAL,297017.0625,360175.748780963,45758.955,17399.731280962995,54241.045,0.45758955,0.0,17399.731280962995,"[{'col': 'Utilities', 'base': 'AllPub', 'new': 3}, {'col': 'Exter Qual', 'base': 'TA', 'new': 3.0}, {'col': 'Exter Cond', 'base': 'TA', 'new': 2.0}, {'col': 'Bsmt Cond', 'base': 'TA', 'new': 2.0}, {'col': 'BsmtFin SF 1', 'base': np.float64(687.0), 'new': 1164.0}, {'col': 'BsmtFin SF 2', 'base': np.float64(46.0), 'new': 60.0}, {'col': 'Bsmt Unf SF', 'base': np.float64(491.0), 'new': 0.0}, {'col': 'Heating QC', 'base': 'TA', 'new': 2.0}, {'col': 'Kitchen Qual', 'base': 'TA', 'new': 2.0}, {'col': 'Fireplace Qu', 'base': 'TA', 'new': 2.0}, {'col': 'Garage Qual', 'base': 'TA', 'new': 2.0}, {'col': 'Garage Cond', 'base': 'TA', 'new': 2.0}, {'col': 'Open Porch SF', 'base': np.int64(69), 'new': 75.9}, {'col': 'Pool QC', 'base': 'No aplica', 'new': -1.0}]",optimization/sensibilidad_remodelacion/xgb_features_pid534152070_b100000.csv,/Users/ignaciocuevasschotte/Documents/GitHub/Optimizacion-Casas-Ames-Iowa-Capstone-/models/xgb/datos_nuevos_reexport/model_xgb.joblib
531375070,SawyerW,p25,226237.60902568983,20000.0,,OPTIMAL,228383.328125,232994.21702368656,6923.620000000022,-2312.7311013134604,13076.37999999998,0.34618100000000107,0.0,-2312.7311013134604,"[{'col': 'Utilities', 'base': 'AllPub', 'new': 3}, {'col': 'Exter Qual', 'base': 'Gd', 'new': 3.0}, {'col': 'Exter Cond', 'base': 'TA', 'new': 2.0}, {'col': 'Bsmt Cond', 'base': 'TA', 'new': 2.0}, {'col': 'Heating QC', 'base': 'Ex', 'new': 4.0}, {'col': 'Kitchen Qual', 'base': 'TA', 'new': 2.0}, {'col': 'Fireplace Qu', 'base': 'No aplica', 'new': -1.0}, {'col': 'Garage Qual', 'base': 'TA', 'new': 2.0}, {'col': 'Garage Cond', 'base': 'TA', 'new': 2.0}, {'col': 'Pool QC', 'base': 'No aplica', 'new': -1.0}]",optimization/sensibilidad_remodelacion/xgb_features_pid531375070_b20000.csv,/Users/ignaciocuevasschotte/Documents/GitHub/Optimizacion-Casas-Ames-Iowa-Capstone-/models/xgb/datos_nuevos_reexport/model_xgb.joblib
531375070,SawyerW,p25,226237.60902568983,50000.0,,OPTIMAL,228383.328125,233164.23893894663,6923.619999999988,-2142.709186053369,43076.38000000001,0.13847239999999977,0.0,-2142.709186053369,"[{'col': 'Utilities', 'base': 'AllPub', 'new': 3}, {'col': 'Exter Qual', 'base': 'Gd', 'new': 3.0}, {'col': 'Exter Cond', 'base': 'TA', 'new': 2.0}, {'col': 'Bsmt Cond', 'base': 'TA', 'new': 2.0}, {'col': 'Heating QC', 'base': 'Ex', 'new': 4.0}, {'col': 'Kitchen Qual', 'base': 'TA', 'new': 2.0}, {'col': 'Fireplace Qu', 'base': 'No aplica', 'new': -1.0}, {'col': 'Garage Qual', 'base': 'TA', 'new': 2.0}, {'col': 'Garage Cond', 'base': 'TA', 'new': 2.0}, {'col': 'Pool QC', 'base': 'No aplica', 'new': -1.0}]",optimization/sensibilidad_remodelacion/xgb_features_pid531375070_b50000.csv,/Users/ignaciocuevasschotte/Documents/GitHub/Optimizacion-Casas-Ames-Iowa-Capstone-/models/xgb/datos_nuevos_reexport/model_xgb.joblib
531375070,SawyerW,p25,226237.60902568983,100000.0,,OPTIMAL,228383.328125,235183.53748212432,6923.619999999988,-123.4106428756786,93076.38,0.06923619999999989,0.0,-123.4106428756786,"[{'col': 'Utilities', 'base': 'AllPub', 'new': 3}, {'col': 'Exter Qual', 'base': 'Gd', 'new': 3.0}, {'col': 'Exter Cond', 'base': 'TA', 'new': 2.0}, {'col': 'Bsmt Cond', 'base': 'TA', 'new': 2.0}, {'col': 'Heating QC', 'base': 'Ex', 'new': 4.0}, {'col': 'Kitchen Qual', 'base': 'TA', 'new': 2.0}, {'col': 'Fireplace Qu', 'base': 'No aplica', 'new': -1.0}, {'col': 'Garage Qual', 'base': 'TA', 'new': 2.0}, {'col': 'Garage Cond', 'base': 'TA', 'new': 2.0}, {'col': 'Pool QC', 'base': 'No aplica', 'new': -1.0}]",optimization/sensibilidad_remodelacion/xgb_features_pid531375070_b100000.csv,/Users/ignaciocuevasschotte/Documents/GitHub/Optimizacion-Casas-Ames-Iowa-Capstone-/models/xgb/datos_nuevos_reexport/model_xgb.joblib
531385070,SawyerW,p50,276255.88394166215,20000.0,,OPTIMAL,265525.15625,286948.7124396309,10872.929999999998,10550.626189630886,9127.070000000002,0.5436464999999999,0.0,10550.626189630886,"[{'col': 'Utilities', 'base': 'AllPub', 'new': 3}, {'col': 'Exter Qual', 'base': 'TA', 'new': 3.0}, {'col': 'Exter Cond', 'base': 'TA', 'new': 2.0}, {'col': 'Bsmt Cond', 'base': 'TA', 'new': 2.0}, {'col': 'Heating QC', 'base': 'Ex', 'new': 4.0}, {'col': 'Kitchen Qual', 'base': 'TA', 'new': 2.0}, {'col': 'Fireplace Qu', 'base': 'No aplica', 'new': -1.0}, {'col': 'Garage Qual', 'base': 'TA', 'new': 2.0}, {'col': 'Garage Cond', 'base': 'TA', 'new': 2.0}, {'col': 'Pool QC', 'base': 'No aplica', 'new': -1.0}]",optimization/sensibilidad_remodelacion/xgb_features_pid531385070_b20000.csv,/Users/ignaciocuevasschotte/Documents/GitHub/Optimizacion-Casas-Ames-Iowa-Capstone-/models/xgb/datos_nuevos_reexport/model_xgb.joblib
531385070,SawyerW,p50,276255.88394166215,50000.0,,OPTIMAL,265525.15625,288433.2786870436,10872.930000000008,12035.192437043588,39127.06999999999,0.21745860000000014,0.0,12035.192437043588,"[{'col': 'Utilities', 'base': 'AllPub', 'new': 3}, {'col': 'Exter Qual', 'base': 'TA', 'new': 3.0}, {'col': 'Exter Cond', 'base': 'TA', 'new': 2.0}, {'col': 'Bsmt Cond', 'base': 'TA', 'new': 2.0}, {'col': 'Heating QC', 'base': 'Ex', 'new': 4.0}, {'col': 'Kitchen Qual', 'base': 'TA', 'new': 2.0}, {'col': 'Fireplace Qu', 'base': 'No aplica', 'new': -1.0}, {'col': 'Garage Qual', 'base': 'TA', 'new': 2.0}, {'col': 'Garage Cond', 'base': 'TA', 'new': 2.0}, {'col': 'Pool QC', 'base': 'No aplica', 'new': -1.0}]",optimization/sensibilidad_remodelacion/xgb_features_pid531385070_b50000.csv,/Users/ignaciocuevasschotte/Documents/GitHub/Optimizacion-Casas-Ames-Iowa-Capstone-/models/xgb/datos_nuevos_reexport/model_xgb.joblib
531385070,SawyerW,p50,276255.88394166215,100000.0,,OPTIMAL,265525.15625,289468.7760976704,10872.929999999997,13070.68984767038,89127.07,0.10872929999999997,0.0,13070.68984767038,"[{'col': 'Utilities', 'base': 'AllPub', 'new': 3}, {'col': 'Exter Qual', 'base': 'TA', 'new': 3.0}, {'col': 'Exter Cond', 'base': 'TA', 'new': 2.0}, {'col': 'Bsmt Cond', 'base': 'TA', 'new': 2.0}, {'col': 'Heating QC', 'base': 'Ex', 'new': 4.0}, {'col': 'Kitchen Qual', 'base': 'TA', 'new': 2.0}, {'col': 'Fireplace Qu', 'base': 'No aplica', 'new': -1.0}, {'col': 'Garage Qual', 'base': 'TA', 'new': 2.0}, {'col': 'Garage Cond', 'base': 'TA', 'new': 2.0}, {'col': 'Pool QC', 'base': 'No aplica', 'new': -1.0}]",optimization/sensibilidad_remodelacion/xgb_features_pid531385070_b100000.csv,/Users/ignaciocuevasschotte/Documents/GitHub/Optimizacion-Casas-Ames-Iowa-Capstone-/models/xgb/datos_nuevos_reexport/model_xgb.joblib
531376090,SawyerW,p75,334433.668119218,20000.0,,OPTIMAL,309409.03125,316391.19967824145,6923.62,58.54842824145453,13076.380000000001,0.346181,0.0,58.54842824145453,"[{'col': 'Utilities', 'base': 'AllPub', 'new': 3}, {'col': 'Exter Qual', 'base': 'Gd', 'new': 3.0}, {'col': 'Exter Cond', 'base': 'TA', 'new': 2.0}, {'col': 'Bsmt Cond', 'base': 'TA', 'new': 2.0}, {'col': 'Heating QC', 'base': 'Ex', 'new': 4.0}, {'col': 'Kitchen Qual', 'base': 'Gd', 'new': 3.0}, {'col': 'Fireplace Qu', 'base': 'No aplica', 'new': -1.0}, {'col': 'Garage Qual', 'base': 'TA', 'new': 2.0}, {'col': 'Garage Cond', 'base': 'TA', 'new': 2.0}, {'col': 'Pool QC', 'base': 'No aplica', 'new': -1.0}]",optimization/sensibilidad_remodelacion/xgb_features_pid531376090_b20000.csv,/Users/ignaciocuevasschotte/Documents/GitHub/Optimizacion-Casas-Ames-Iowa-Capstone-/models/xgb/datos_nuevos_reexport/model_xgb.joblib
531376090,SawyerW,p75,334433.668119218,50000.0,,OPTIMAL,309409.03125,311868.76215977146,6923.619999999995,-4463.889090228535,43076.380000000005,0.1384723999999999,1.6764009634030794e-05,-4463.889090228535,"[{'col': 'Utilities', 'base': 'AllPub', 'new': 3}, {'col': 'Exter Qual', 'base': 'Gd', 'new': 3.0}, {'col': 'Exter Cond', 'base': 'TA', 'new': 2.0}, {'col': 'Bsmt Cond', 'base': 'TA', 'new': 2.0}, {'col': 'Heating QC', 'base': 'Ex', 'new': 4.0}, {'col': 'Kitchen Qual', 'base': 'Gd', 'new': 3.0}, {'col': 'Fireplace Qu', 'base': 'No aplica', 'new': -1.0}, {'col': 'Garage Qual', 'base': 'TA', 'new': 2.0}, {'col': 'Garage Cond', 'base': 'TA', 'new': 2.0}, {'col': 'Pool QC', 'base': 'No aplica', 'new': -1.0}]",optimization/sensibilidad_remodelacion/xgb_features_pid531376090_b50000.csv,/Users/ignaciocuevasschotte/Documents/GitHub/Optimizacion-Casas-Ames-Iowa-Capstone-/models/xgb/datos_nuevos_reexport/model_xgb.joblib
531376090,SawyerW,p75,334433.668119218,100000.0,,OPTIMAL,309409.03125,318708.61135498295,6923.619999999995,2375.9601049829507,93076.38,0.06923619999999996,0.0,2375.9601049829507,"[{'col': 'Utilities', 'base': 'AllPub', 'new': 3}, {'col': 'Exter Qual', 'base': 'Gd', 'new': 3.0}, {'col': 'Exter Cond', 'base': 'TA', 'new': 2.0}, {'col': 'Bsmt Cond', 'base': 'TA', 'new': 2.0}, {'col': 'Heating QC', 'base': 'Ex', 'new': 4.0}, {'col': 'Kitchen Qual', 'base': 'Gd', 'new': 3.0}, {'col': 'Fireplace Qu', 'base': 'No aplica', 'new': -1.0}, {'col': 'Garage Qual', 'base': 'TA', 'new': 2.0}, {'col': 'Garage Cond', 'base': 'TA', 'new': 2.0}, {'col': 'Pool QC', 'base': 'No aplica', 'new': -1.0}]",optimization/sensibilidad_remodelacion/xgb_features_pid531376090_b100000.csv,/Users/ignaciocuevasschotte/Documents/GitHub/Optimizacion-Casas-Ames-Iowa-Capstone-/models/xgb/datos_nuevos_reexport/model_xgb.joblib
923277040,Mitchel,p25,205152.98205840544,20000.0,,OPTIMAL,215319.8125,229514.18928741445,10872.93,3321.446787414461,9127.07,0.5436465,0.0,3321.446787414461,"[{'col': 'Utilities', 'base': 'AllPub', 'new': 3}, {'col': 'Exter Qual', 'base': 'TA', 'new': 3.0}, {'col': 'Exter Cond', 'base': 'Gd', 'new': 3.0}, {'col': 'Bsmt Cond', 'base': 'Gd', 'new': 3.0}, {'col': 'Heating QC', 'base': 'Ex', 'new': 4.0}, {'col': 'Kitchen Qual', 'base': 'TA', 'new': 2.0}, {'col': 'Fireplace Qu', 'base': 'No aplica', 'new': -1.0}, {'col': 'Garage Qual', 'base': 'TA', 'new': 2.0}, {'col': 'Garage Cond', 'base': 'TA', 'new': 2.0}, {'col': 'Pool QC', 'base': 'No aplica', 'new': -1.0}]",optimization/sensibilidad_remodelacion/xgb_features_pid923277040_b20000.csv,/Users/ignaciocuevasschotte/Documents/GitHub/Optimizacion-Casas-Ames-Iowa-Capstone-/models/xgb/datos_nuevos_reexport/model_xgb.joblib
923277040,Mitchel,p25,205152.98205840544,50000.0,,OPTIMAL,215319.8125,230709.38696149032,10872.93,4516.64446149033,39127.07,0.2174586,0.0,4516.64446149033,"[{'col': 'Utilities', 'base': 'AllPub', 'new': 3}, {'col': 'Exter Qual', 'base': 'TA', 'new': 3.0}, {'col': 'Exter Cond', 'base': 'Gd', 'new': 3.0}, {'col': 'Bsmt Cond', 'base': 'Gd', 'new': 3.0}, {'col': 'Heating QC', 'base': 'Ex', 'new': 4.0}, {'col': 'Kitchen Qual', 'base': 'TA', 'new': 2.0}, {'col': 'Fireplace Qu', 'base': 'No aplica', 'new': -1.0}, {'col': 'Garage Qual', 'base': 'TA', 'new': 2.0}, {'col': 'Garage Cond', 'base': 'TA', 'new': 2.0}, {'col': 'Pool QC', 'base': 'No aplica', 'new': -1.0}]",optimization/sensibilidad_remodelacion/xgb_features_pid923277040_b50000.csv,/Users/ignaciocuevasschotte/Documents/GitHub/Optimizacion-Casas-Ames-Iowa-Capstone-/models/xgb/datos_nuevos_reexport/model_xgb.joblib
923277040,Mitchel,p25,205152.98205840544,100000.0,,OPTIMAL,215319.8125,229661.3155704066,10872.93,3468.5730704065936,89127.07,0.1087293,2.1189421304640202e-05,3468.5730704065936,"[{'col': 'Utilities', 'base': 'AllPub', 'new': 3}, {'col': 'Exter Qual', 'base': 'TA', 'new': 3.0}, {'col': 'Exter Cond', 'base': 'Gd', 'new': 3.0}, {'col': 'Bsmt Cond', 'base': 'Gd', 'new': 3.0}, {'col': 'Heating QC', 'base': 'Ex', 'new': 4.0}, {'col': 'Kitchen Qual', 'base': 'TA', 'new': 2.0}, {'col': 'Fireplace Qu', 'base': 'No aplica', 'new': -1.0}, {'col': 'Garage Qual', 'base': 'TA', 'new': 2.0}, {'col': 'Garage Cond', 'base': 'TA', 'new': 2.0}, {'col': 'Pool QC', 'base': 'No aplica', 'new': -1.0}]",optimization/sensibilidad_remodelacion/xgb_features_pid923277040_b100000.csv,/Users/ignaciocuevasschotte/Documents/GitHub/Optimizacion-Casas-Ames-Iowa-Capstone-/models/xgb/datos_nuevos_reexport/model_xgb.joblib
914476130,Mitchel,p50,234969.58691790947,20000.0,,OPTIMAL,241691.84375,251756.57461868576,10872.930000000038,-808.1991313142935,9127.069999999962,0.5436465000000019,0.0,-808.1991313142935,"[{'col': 'Utilities', 'base': 'AllPub', 'new': 3}, {'col': 'Exter Qual', 'base': 'TA', 'new': 3.0}, {'col': 'Exter Cond', 'base': 'TA', 'new': 2.0}, {'col': 'Bsmt Cond', 'base': 'TA', 'new': 2.0}, {'col': 'Heating QC', 'base': 'TA', 'new': 2.0}, {'col': 'Kitchen Qual', 'base': 'TA', 'new': 2.0}, {'col': 'Fireplace Qu', 'base': 'No aplica', 'new': -1.0}, {'col': 'Garage Qual', 'base': 'TA', 'new': 2.0}, {'col': 'Garage Cond', 'base': 'TA', 'new': 2.0}, {'col': 'Pool QC', 'base': 'No aplica', 'new': -1.0}]",optimization/sensibilidad_remodelacion/xgb_features_pid914476130_b20000.csv,/Users/ignaciocuevasschotte/Documents/GitHub/Optimizacion-Casas-Ames-Iowa-Capstone-/models/xgb/datos_nuevos_reexport/model_xgb.joblib
914476130,Mitchel,p50,234969.58691790947,50000.0,,OPTIMAL,241691.84375,253537.85985534385,10872.93,973.0861053438566,39127.07,0.2174586,0.0,973.0861053438566,"[{'col': 'Utilities', 'base': 'AllPub', 'new': 3}, {'col': 'Exter Qual', 'base': 'TA', 'new': 3.0}, {'col': 'Exter Cond', 'base': 'TA', 'new': 2.0}, {'col': 'Bsmt Cond', 'base': 'TA', 'new': 2.0}, {'col': 'Heating QC', 'base': 'TA', 'new': 2.0}, {'col': 'Kitchen Qual', 'base': 'TA', 'new': 2.0}, {'col': 'Fireplace Qu', 'base': 'No aplica', 'new': -1.0}, {'col': 'Garage Qual', 'base': 'TA', 'new': 2.0}, {'col': 'Garage Cond', 'base': 'TA', 'new': 2.0}, {'col': 'Pool QC', 'base': 'No aplica', 'new': -1.0}]",optimization/sensibilidad_remodelacion/xgb_features_pid914476130_b50000.csv,/Users/ignaciocuevasschotte/Documents/GitHub/Optimizacion-Casas-Ames-Iowa-Capstone-/models/xgb/datos_nuevos_reexport/model_xgb.joblib
914476130,Mitchel,p50,234969.58691790947,100000.0,,OPTIMAL,241691.84375,253919.3248672675,10872.930000000004,1354.5511172675178,89127.06999999999,0.10872930000000004,0.0,1354.5511172675178,"[{'col': 'Utilities', 'base': 'AllPub', 'new': 3}, {'col': 'Exter Qual', 'base': 'TA', 'new': 3.0}, {'col': 'Exter Cond', 'base': 'TA', 'new': 2.0}, {'col': 'Bsmt Cond', 'base': 'TA', 'new': 2.0}, {'col': 'Heating QC', 'base': 'TA', 'new': 2.0}, {'col': 'Kitchen Qual', 'base': 'TA', 'new': 2.0}, {'col': 'Fireplace Qu', 'base': 'No aplica', 'new': -1.0}, {'col': 'Garage Qual', 'base': 'TA', 'new': 2.0}, {'col': 'Garage Cond', 'base': 'TA', 'new': 2.0}, {'col': 'Pool QC', 'base': 'No aplica', 'new': -1.0}]",optimization/sensibilidad_remodelacion/xgb_features_pid914476130_b100000.csv,/Users/ignaciocuevasschotte/Documents/GitHub/Optimizacion-Casas-Ames-Iowa-Capstone-/models/xgb/datos_nuevos_reexport/model_xgb.joblib
924100070,Mitchel,p75,269897.4984867879,20000.0,,OPTIMAL,268893.96875,288141.91748705046,10872.93,8375.018737050472,9127.07,0.5436465,0.0,8375.018737050472,"[{'col': 'Utilities', 'base': 'AllPub', 'new': 3}, {'col': 'Exter Qual', 'base': 'TA', 'new': 3.0}, {'col': 'Exter Cond', 'base': 'TA', 'new': 2.0}, {'col': 'Bsmt Cond', 'base': 'TA', 'new': 2.0}, {'col': 'Heating QC', 'base': 'Gd', 'new': 3.0}, {'col': 'Kitchen Qual', 'base': 'TA', 'new': 2.0}, {'col': 'Fireplace Qu', 'base': 'TA', 'new': 2.0}, {'col': 'Garage Qual', 'base': 'TA', 'new': 2.0}, {'col': 'Garage Cond', 'base': 'TA', 'new': 2.0}, {'col': 'Pool QC', 'base': 'No aplica', 'new': -1.0}]",optimization/sensibilidad_remodelacion/xgb_features_pid924100070_b20000.csv,/Users/ignaciocuevasschotte/Documents/GitHub/Optimizacion-Casas-Ames-Iowa-Capstone-/models/xgb/datos_nuevos_reexport/model_xgb.joblib
924100070,Mitchel,p75,269897.4984867879,50000.0,,OPTIMAL,268893.96875,285704.8721762719,10872.93,5937.9734262719285,39127.07,0.2174586,0.0,5937.9734262719285,"[{'col': 'Utilities', 'base': 'AllPub', 'new': 3}, {'col': 'Exter Qual', 'base': 'TA', 'new': 3.0}, {'col': 'Exter Cond', 'base': 'TA', 'new': 2.0}, {'col': 'Bsmt Cond', 'base': 'TA', 'new': 2.0}, {'col': 'Heating QC', 'base': 'Gd', 'new': 3.0}, {'col': 'Kitchen Qual', 'base': 'TA', 'new': 2.0}, {'col': 'Fireplace Qu', 'base': 'TA', 'new': 2.0}, {'col': 'Garage Qual', 'base': 'TA', 'new': 2.0}, {'col': 'Garage Cond', 'base': 'TA', 'new': 2.0}, {'col': 'Pool QC', 'base': 'No aplica', 'new': -1.0}]",optimization/sensibilidad_remodelacion/xgb_features_pid924100070_b50000.csv,/Users/ignaciocuevasschotte/Documents/GitHub/Optimizacion-Casas-Ames-Iowa-Capstone-/models/xgb/datos_nuevos_reexport/model_xgb.joblib
924100070,Mitchel,p75,269897.4984867879,100000.0,,OPTIMAL,268893.96875,289666.5024948835,10872.93,9899.603744883498,89127.07,0.1087293,0.0,9899.603744883498,"[{'col': 'Utilities', 'base': 'AllPub', 'new': 3}, {'col': 'Exter Qual', 'base': 'TA', 'new': 3.0}, {'col': 'Exter Cond', 'base': 'TA', 'new': 2.0}, {'col': 'Bsmt Cond', 'base': 'TA', 'new': 2.0}, {'col': 'Heating QC', 'base': 'Gd', 'new': 3.0}, {'col': 'Kitchen Qual', 'base': 'TA', 'new': 2.0}, {'col': 'Fireplace Qu', 'base': 'TA', 'new': 2.0}, {'col': 'Garage Qual', 'base': 'TA', 'new': 2.0}, {'col': 'Garage Cond', 'base': 'TA', 'new': 2.0}, {'col': 'Pool QC', 'base': 'No aplica', 'new': -1.0}]",optimization/sensibilidad_remodelacion/xgb_features_pid924100070_b100000.csv,/Users/ignaciocuevasschotte/Documents/GitHub/Optimizacion-Casas-Ames-Iowa-Capstone-/models/xgb/datos_nuevos_reexport/model_xgb.joblib
903204010,BrkSide,p25,160554.5076978825,20000.0,,OPTIMAL,202552.34375,220414.46489571955,10872.929999999998,6989.191145719553,9127.070000000002,0.5436464999999999,0.0,6989.191145719553,"[{'col': 'Utilities', 'base': 'AllPub', 'new': 3}, {'col': 'Exter Qual', 'base': 'TA', 'new': 3.0}, {'col': 'Exter Cond', 'base': 'TA', 'new': 2.0}, {'col': 'Bsmt Cond', 'base': 'Fa', 'new': 1.0}, {'col': 'Heating QC', 'base': 'Gd', 'new': 3.0}, {'col': 'Kitchen Qual', 'base': 'Gd', 'new': 3.0}, {'col': 'Fireplace Qu', 'base': 'No aplica', 'new': -1.0}, {'col': 'Garage Qual', 'base': 'TA', 'new': 2.0}, {'col': 'Garage Cond', 'base': 'TA', 'new': 2.0}, {'col': 'Pool QC', 'base': 'No aplica', 'new': -1.0}]",optimization/sensibilidad_remodelacion/xgb_features_pid903204010_b20000.csv,/Users/ignaciocuevasschotte/Documents/GitHub/Optimizacion-Casas-Ames-Iowa-Capstone-/models/xgb/datos_nuevos_reexport/model_xgb.joblib
903204010,BrkSide,p25,160554.5076978825,50000.0,,OPTIMAL,202552.34375,221654.39682425532,10872.929999999998,8229.12307425533,39127.07,0.21745859999999997,0.0,8229.12307425533,"[{'col': 'Utilities', 'base': 'AllPub', 'new': 3}, {'col': 'Exter Qual', 'base': 'TA', 'new': 3.0}, {'col': 'Exter Cond', 'base': 'TA', 'new': 2.0}, {'col': 'Bsmt Cond', 'base': 'Fa', 'new': 1.0}, {'col': 'Heating QC', 'base': 'Gd', 'new': 3.0}, {'col': 'Kitchen Qual', 'base': 'Gd', 'new': 3.0}, {'col': 'Fireplace Qu', 'base': 'No aplica', 'new': -1.0}, {'col': 'Garage Qual', 'base': 'TA', 'new': 2.0}, {'col': 'Garage Cond', 'base': 'TA', 'new': 2.0}, {'col': 'Pool QC', 'base': 'No aplica', 'new': -1.0}]",optimization/sensibilidad_remodelacion/xgb_features_pid903204010_b50000.csv,/Users/ignaciocuevasschotte/Documents/GitHub/Optimizacion-Casas-Ames-Iowa-Capstone-/models/xgb/datos_nuevos_reexport/model_xgb.joblib
903204010,BrkSide,p25,160554.5076978825,100000.0,,OPTIMAL,202552.34375,222038.14207421307,10872.930000000004,8612.86832421308,89127.06999999999,0.10872930000000004,0.0,8612.86832421308,"[{'col': 'Utilities', 'base': 'AllPub', 'new': 3}, {'col': 'Exter Qual', 'base': 'TA', 'new': 3.0}, {'col': 'Exter Cond', 'base': 'TA', 'new': 2.0}, {'col': 'Bsmt Cond', 'base': 'Fa', 'new': 1.0}, {'col': 'Heating QC', 'base': 'Gd', 'new': 3.0}, {'col': 'Kitchen Qual', 'base': 'Gd', 'new': 3.0}, {'col': 'Fireplace Qu', 'base': 'No aplica', 'new': -1.0}, {'col': 'Garage Qual', 'base': 'TA', 'new': 2.0}, {'col': 'Garage Cond', 'base': 'TA', 'new': 2.0}, {'col': 'Pool QC', 'base': 'No aplica', 'new': -1.0}]",optimization/sensibilidad_remodelacion/xgb_features_pid903204010_b100000.csv,/Users/ignaciocuevasschotte/Documents/GitHub/Optimizacion-Casas-Ames-Iowa-Capstone-/models/xgb/datos_nuevos_reexport/model_xgb.joblib
903236010,BrkSide,p50,188800.2081262137,20000.0,,OPTIMAL,177518.515625,189336.8923014685,10872.93,945.4466764685058,9127.07,0.5436465,0.0,945.4466764685058,"[{'col': 'Utilities', 'base': 'AllPub', 'new': 3}, {'col': 'Exter Qual', 'base': 'TA', 'new': 3.0}, {'col': 'Exter Cond', 'base': 'TA', 'new': 2.0}, {'col': 'Bsmt Cond', 'base': 'TA', 'new': 2.0}, {'col': 'Heating QC', 'base': 'TA', 'new': 2.0}, {'col': 'Kitchen Qual', 'base': 'TA', 'new': 2.0}, {'col': 'Fireplace Qu', 'base': 'No aplica', 'new': -1.0}, {'col': 'Garage Qual', 'base': 'TA', 'new': 2.0}, {'col': 'Garage Cond', 'base': 'TA', 'new': 2.0}, {'col': 'Pool QC', 'base': 'No aplica', 'new': -1.0}]",optimization/sensibilidad_remodelacion/xgb_features_pid903236010_b20000.csv,/Users/ignaciocuevasschotte/Documents/GitHub/Optimizacion-Casas-Ames-Iowa-Capstone-/models/xgb/datos_nuevos_reexport/model_xgb.joblib
903236010,BrkSide,p50,188800.2081262137,50000.0,,OPTIMAL,177518.515625,190021.42764112193,10872.93,1629.9820161219395,39127.07,0.2174586,0.0,1629.9820161219395,"[{'col': 'Utilities', 'base': 'AllPub', 'new': 3}, {'col': 'Exter Qual', 'base': 'TA', 'new': 3.0}, {'col': 'Exter Cond', 'base': 'TA', 'new': 2.0}, {'col': 'Bsmt Cond', 'base': 'TA', 'new': 2.0}, {'col': 'Heating QC', 'base': 'TA', 'new': 2.0}, {'col': 'Kitchen Qual', 'base': 'TA', 'new': 2.0}, {'col': 'Fireplace Qu', 'base': 'No aplica', 'new': -1.0}, {'col': 'Garage Qual', 'base': 'TA', 'new': 2.0}, {'col': 'Garage Cond', 'base': 'TA', 'new': 2.0}, {'col': 'Pool QC', 'base': 'No aplica', 'new': -1.0}]",optimization/sensibilidad_remodelacion/xgb_features_pid903236010_b50000.csv,/Users/ignaciocuevasschotte/Documents/GitHub/Optimizacion-Casas-Ames-Iowa-Capstone-/models/xgb/datos_nuevos_reexport/model_xgb.joblib
903236010,BrkSide,p50,188800.2081262137,100000.0,,OPTIMAL,177518.515625,190144.96387357445,10872.929999999997,1753.518248574459,89127.07,0.10872929999999997,0.0,1753.518248574459,"[{'col': 'Utilities', 'base': 'AllPub', 'new': 3}, {'col': 'Exter Qual', 'base': 'TA', 'new': 3.0}, {'col': 'Exter Cond', 'base': 'TA', 'new': 2.0}, {'col': 'Bsmt Cond', 'base': 'TA', 'new': 2.0}, {'col': 'Heating QC', 'base': 'TA', 'new': 2.0}, {'col': 'Kitchen Qual', 'base': 'TA', 'new': 2.0}, {'col': 'Fireplace Qu', 'base': 'No aplica', 'new': -1.0}, {'col': 'Garage Qual', 'base': 'TA', 'new': 2.0}, {'col': 'Garage Cond', 'base': 'TA', 'new': 2.0}, {'col': 'Pool QC', 'base': 'No aplica', 'new': -1.0}]",optimization/sensibilidad_remodelacion/xgb_features_pid903236010_b100000.csv,/Users/ignaciocuevasschotte/Documents/GitHub/Optimizacion-Casas-Ames-Iowa-Capstone-/models/xgb/datos_nuevos_reexport/model_xgb.joblib
903201090,BrkSide,p75,210664.4031175245,20000.0,,OPTIMAL,195190.796875,220003.91354711048,10872.93,13940.186672110489,9127.07,0.5436465,0.0,13940.186672110489,"[{'col': 'Utilities', 'base': 'AllPub', 'new': 3}, {'col': 'Exter Qual', 'base': 'TA', 'new': 3.0}, {'col': 'Exter Cond', 'base': 'Gd', 'new': 3.0}, {'col': 'Bsmt Cond', 'base': 'TA', 'new': 2.0}, {'col': 'Heating QC', 'base': 'TA', 'new': 2.0}, {'col': 'Kitchen Qual', 'base': 'TA', 'new': 2.0}, {'col': 'Fireplace Qu', 'base': 'Gd', 'new': 3.0}, {'col': 'Garage Qual', 'base': 'Fa', 'new': 1.0}, {'col': 'Garage Cond', 'base': 'TA', 'new': 2.0}, {'col': 'Pool QC', 'base': 'No aplica', 'new': -1.0}]",optimization/sensibilidad_remodelacion/xgb_features_pid903201090_b20000.csv,/Users/ignaciocuevasschotte/Documents/GitHub/Optimizacion-Casas-Ames-Iowa-Capstone-/models/xgb/datos_nuevos_reexport/model_xgb.joblib
903201090,BrkSide,p75,210664.4031175245,50000.0,,OPTIMAL,195190.796875,220802.33684827463,10872.93,14738.609973274637,39127.07,0.2174586,0.0,14738.609973274637,"[{'col': 'Utilities', 'base': 'AllPub', 'new': 3}, {'col': 'Exter Qual', 'base': 'TA', 'new': 3.0}, {'col': 'Exter Cond', 'base': 'Gd', 'new': 3.0}, {'col': 'Bsmt Cond', 'base': 'TA', 'new': 2.0}, {'col': 'Heating QC', 'base': 'TA', 'new': 2.0}, {'col': 'Kitchen Qual', 'base': 'TA', 'new': 2.0}, {'col': 'Fireplace Qu', 'base': 'Gd', 'new': 3.0}, {'col': 'Garage Qual', 'base': 'Fa', 'new': 1.0}, {'col': 'Garage Cond', 'base': 'TA', 'new': 2.0}, {'col': 'Pool QC', 'base': 'No aplica', 'new': -1.0}]",optimization/sensibilidad_remodelacion/xgb_features_pid903201090_b50000.csv,/Users/ignaciocuevasschotte/Documents/GitHub/Optimizacion-Casas-Ames-Iowa-Capstone-/models/xgb/datos_nuevos_reexport/model_xgb.joblib
903201090,BrkSide,p75,210664.4031175245,100000.0,,OPTIMAL,195190.796875,220945.8626484883,10872.930000000006,14882.13577348832,89127.06999999999,0.10872930000000006,0.0,14882.13577348832,"[{'col': 'Utilities', 'base': 'AllPub', 'new': 3}, {'col': 'Exter Qual', 'base': 'TA', 'new': 3.0}, {'col': 'Exter Cond', 'base': 'Gd', 'new': 3.0}, {'col': 'Bsmt Cond', 'base': 'TA', 'new': 2.0}, {'col': 'Heating QC', 'base': 'TA', 'new': 2.0}, {'col': 'Kitchen Qual', 'base': 'TA', 'new': 2.0}, {'col': 'Fireplace Qu', 'base': 'Gd', 'new': 3.0}, {'col': 'Garage Qual', 'base': 'Fa', 'new': 1.0}, {'col': 'Garage Cond', 'base': 'TA', 'new': 2.0}, {'col': 'Pool QC', 'base': 'No aplica', 'new': -1.0}]",optimization/sensibilidad_remodelacion/xgb_features_pid903201090_b100000.csv,/Users/ignaciocuevasschotte/Documents/GitHub/Optimizacion-Casas-Ames-Iowa-Capstone-/models/xgb/datos_nuevos_reexport/model_xgb.joblib
909426090,Crawfor,p25,235639.54978677788,20000.0,,OPTIMAL,240206.5,262507.9962182531,12805.104000000001,9496.39221825311,7194.895999999999,0.6402552,0.0,9496.39221825311,"[{'col': 'Utilities', 'base': 'AllPub', 'new': 3}, {'col': 'Exter Qual', 'base': 'TA', 'new': 3.0}, {'col': 'Exter Cond', 'base': 'TA', 'new': 2.0}, {'col': 'Bsmt Cond', 'base': 'TA', 'new': 2.0}, {'col': 'Heating QC', 'base': 'Fa', 'new': 1.0}, {'col': 'Kitchen Qual', 'base': 'Fa', 'new': 1.0}, {'col': 'Fireplace Qu', 'base': 'TA', 'new': 2.0}, {'col': 'Garage Qual', 'base': 'TA', 'new': 2.0}, {'col': 'Garage Cond', 'base': 'TA', 'new': 2.0}, {'col': 'Enclosed Porch', 'base': np.int64(81), 'new': 97.2}, {'col': 'Pool QC', 'base': 'No aplica', 'new': -1.0}]",optimization/sensibilidad_remodelacion/xgb_features_pid909426090_b20000.csv,/Users/ignaciocuevasschotte/Documents/GitHub/Optimizacion-Casas-Ames-Iowa-Capstone-/models/xgb/datos_nuevos_reexport/model_xgb.joblib
909426090,Crawfor,p25,235639.54978677788,50000.0,,OPTIMAL,240206.5,262507.99621704774,12805.104000000007,9496.392217047745,37194.89599999999,0.2561020800000001,0.0,9496.392217047745,"[{'col': 'Utilities', 'base': 'AllPub', 'new': 3}, {'col': 'Exter Qual', 'base': 'TA', 'new': 3.0}, {'col': 'Exter Cond', 'base': 'TA', 'new': 2.0}, {'col': 'Bsmt Cond', 'base': 'TA', 'new': 2.0}, {'col': 'Heating QC', 'base': 'Fa', 'new': 1.0}, {'col': 'Kitchen Qual', 'base': 'Fa', 'new': 1.0}, {'col': 'Fireplace Qu', 'base': 'TA', 'new': 2.0}, {'col': 'Garage Qual', 'base': 'TA', 'new': 2.0}, {'col': 'Garage Cond', 'base': 'TA', 'new': 2.0}, {'col': 'Enclosed Porch', 'base': np.int64(81), 'new': 97.2}, {'col': 'Pool QC', 'base': 'No aplica', 'new': -1.0}]",optimization/sensibilidad_remodelacion/xgb_features_pid909426090_b50000.csv,/Users/ignaciocuevasschotte/Documents/GitHub/Optimizacion-Casas-Ames-Iowa-Capstone-/models/xgb/datos_nuevos_reexport/model_xgb.joblib
909426090,Crawfor,p25,235639.54978677788,100000.0,,OPTIMAL,240206.5,262738.0444312299,12805.104000000007,9726.440431229887,87194.896,0.12805104000000006,0.0,9726.440431229887,"[{'col': 'Utilities', 'base': 'AllPub', 'new': 3}, {'col': 'Exter Qual', 'base': 'TA', 'new': 3.0}, {'col': 'Exter Cond', 'base': 'TA', 'new': 2.0}, {'col': 'Bsmt Cond', 'base': 'TA', 'new': 2.0}, {'col': 'Heating QC', 'base': 'Fa', 'new': 1.0}, {'col': 'Kitchen Qual', 'base': 'Fa', 'new': 1.0}, {'col': 'Fireplace Qu', 'base': 'TA', 'new': 2.0}, {'col': 'Garage Qual', 'base': 'TA', 'new': 2.0}, {'col': 'Garage Cond', 'base': 'TA', 'new': 2.0}, {'col': 'Enclosed Porch', 'base': np.int64(81), 'new': 97.2}, {'col': 'Pool QC', 'base': 'No aplica', 'new': -1.0}]",optimization/sensibilidad_remodelacion/xgb_features_pid909426090_b100000.csv,/Users/ignaciocuevasschotte/Documents/GitHub/Optimizacion-Casas-Ames-Iowa-Capstone-/models/xgb/datos_nuevos_reexport/model_xgb.joblib
909275250,Crawfor,p50,309588.30708778615,20000.0,,OPTIMAL,267789.21875,282731.53160755266,10872.929999999998,4069.3828575526713,9127.070000000002,0.5436464999999999,0.0,4069.3828575526713,"[{'col': 'Utilities', 'base': 'AllPub', 'new': 3}, {'col': 'Exter Qual', 'base': 'TA', 'new': 3.0}, {'col': 'Exter Cond', 'base': 'TA', 'new': 2.0}, {'col': 'Bsmt Cond', 'base': 'Fa', 'new': 1.0}, {'col': 'Heating QC', 'base': 'Gd', 'new': 3.0}, {'col': 'Kitchen Qual', 'base': 'TA', 'new': 2.0}, {'col': 'Fireplace Qu', 'base': 'TA', 'new': 2.0}, {'col': 'Garage Qual', 'base': 'TA', 'new': 2.0}, {'col': 'Garage Cond', 'base': 'TA', 'new': 2.0}, {'col': 'Pool QC', 'base': 'No aplica', 'new': -1.0}]",optimization/sensibilidad_remodelacion/xgb_features_pid909275250_b20000.csv,/Users/ignaciocuevasschotte/Documents/GitHub/Optimizacion-Casas-Ames-Iowa-Capstone-/models/xgb/datos_nuevos_reexport/model_xgb.joblib
909275250,Crawfor,p50,309588.30708778615,50000.0,,OPTIMAL,267789.21875,283960.40309058526,10872.929999999993,5298.254340585263,39127.07000000001,0.21745859999999986,0.0,5298.254340585263,"[{'col': 'Utilities', 'base': 'AllPub', 'new': 3}, {'col': 'Exter Qual', 'base': 'TA', 'new': 3.0}, {'col': 'Exter Cond', 'base': 'TA', 'new': 2.0}, {'col': 'Bsmt Cond', 'base': 'Fa', 'new': 1.0}, {'col': 'Heating QC', 'base': 'Gd', 'new': 3.0}, {'col': 'Kitchen Qual', 'base': 'TA', 'new': 2.0}, {'col': 'Fireplace Qu', 'base': 'TA', 'new': 2.0}, {'col': 'Garage Qual', 'base': 'TA', 'new': 2.0}, {'col': 'Garage Cond', 'base': 'TA', 'new': 2.0}, {'col': 'Pool QC', 'base': 'No aplica', 'new': -1.0}]",optimization/sensibilidad_remodelacion/xgb_features_pid909275250_b50000.csv,/Users/ignaciocuevasschotte/Documents/GitHub/Optimizacion-Casas-Ames-Iowa-Capstone-/models/xgb/datos_nuevos_reexport/model_xgb.joblib
909275250,Crawfor,p50,309588.30708778615,100000.0,,OPTIMAL,267789.21875,284144.6965067684,10872.930000000004,5482.547756768414,89127.06999999999,0.10872930000000004,0.0,5482.547756768414,"[{'col': 'Utilities', 'base': 'AllPub', 'new': 3}, {'col': 'Exter Qual', 'base': 'TA', 'new': 3.0}, {'col': 'Exter Cond', 'base': 'TA', 'new': 2.0}, {'col': 'Bsmt Cond', 'base': 'Fa', 'new': 1.0}, {'col': 'Heating QC', 'base': 'Gd', 'new': 3.0}, {'col': 'Kitchen Qual', 'base': 'TA', 'new': 2.0}, {'col': 'Fireplace Qu', 'base': 'TA', 'new': 2.0}, {'col': 'Garage Qual', 'base': 'TA', 'new': 2.0}, {'col': 'Garage Cond', 'base': 'TA', 'new': 2.0}, {'col': 'Pool QC', 'base': 'No aplica', 'new': -1.0}]",optimization/sensibilidad_remodelacion/xgb_features_pid909275250_b100000.csv,/Users/ignaciocuevasschotte/Documents/GitHub/Optimizacion-Casas-Ames-Iowa-Capstone-/models/xgb/datos_nuevos_reexport/model_xgb.joblib
909275110,Crawfor,p75,367312.2926151709,20000.0,,OPTIMAL,301384.6875,325092.59444851277,10872.93,12834.976948512776,9127.07,0.5436465,0.0,12834.976948512776,"[{'col': 'Utilities', 'base': 'AllPub', 'new': 3}, {'col': 'Exter Qual', 'base': 'TA', 'new': 3.0}, {'col': 'Exter Cond', 'base': 'TA', 'new': 2.0}, {'col': 'Bsmt Cond', 'base': 'TA', 'new': 2.0}, {'col': 'Heating QC', 'base': 'Gd', 'new': 3.0}, {'col': 'Kitchen Qual', 'base': 'Gd', 'new': 3.0}, {'col': 'Fireplace Qu', 'base': 'TA', 'new': 2.0}, {'col': 'Garage Qual', 'base': 'TA', 'new': 2.0}, {'col': 'Garage Cond', 'base': 'TA', 'new': 2.0}, {'col': 'Pool QC', 'base': 'No aplica', 'new': -1.0}]",optimization/sensibilidad_remodelacion/xgb_features_pid909275110_b20000.csv,/Users/ignaciocuevasschotte/Documents/GitHub/Optimizacion-Casas-Ames-Iowa-Capstone-/models/xgb/datos_nuevos_reexport/model_xgb.joblib
909275110,Crawfor,p75,367312.2926151709,50000.0,,OPTIMAL,301384.6875,357876.0495609105,38872.92999999999,17618.432060910505,11127.070000000007,0.7774585999999999,0.0,17618.432060910505,"[{'col': 'Utilities', 'base': 'AllPub', 'new': 3}, {'col': 'Exter Qual', 'base': 'TA', 'new': 3.0}, {'col': 'Exter Cond', 'base': 'TA', 'new': 2.0}, {'col': 'Bsmt Cond', 'base': 'TA', 'new': 2.0}, {'col': 'Heating QC', 'base': 'Gd', 'new': 3.0}, {'col': '1st Flr SF', 'base': np.int64(867), 'new': 907.0}, {'col': 'Gr Liv Area', 'base': np.int64(1718), 'new': 1758.0}, {'col': 'Full Bath', 'base': np.int64(2), 'new': 3.0}, {'col': 'Kitchen Qual', 'base': 'Gd', 'new': 3.0}, {'col': 'Fireplace Qu', 'base': 'TA', 'new': 2.0}, {'col': 'Garage Qual', 'base': 'TA', 'new': 2.0}, {'col': 'Garage Cond', 'base': 'TA', 'new': 2.0}, {'col': 'Pool QC', 'base': 'No aplica', 'new': -1.0}]",optimization/sensibilidad_remodelacion/xgb_features_pid909275110_b50000.csv,/Users/ignaciocuevasschotte/Documents/GitHub/Optimizacion-Casas-Ames-Iowa-Capstone-/models/xgb/datos_nuevos_reexport/model_xgb.joblib
909275110,Crawfor,p75,367312.2926151709,100000.0,,OPTIMAL,301384.6875,358051.74329631554,38872.92999999999,17794.12579631555,61127.07000000001,0.38872929999999994,0.0,17794.12579631555,"[{'col': 'Utilities', 'base': 'AllPub', 'new': 3}, {'col': 'Exter Qual', 'base': 'TA', 'new': 3.0}, {'col': 'Exter Cond', 'base': 'TA', 'new': 2.0}, {'col': 'Bsmt Cond', 'base': 'TA', 'new': 2.0}, {'col': 'Heating QC', 'base': 'Gd', 'new': 3.0}, {'col': '1st Flr SF', 'base': np.int64(867), 'new': 907.0}, {'col': 'Gr Liv Area', 'base': np.int64(1718), 'new': 1758.0}, {'col': 'Full Bath', 'base': np.int64(2), 'new': 3.0}, {'col': 'Kitchen Qual', 'base': 'Gd', 'new': 3.0}, {'col': 'Fireplace Qu', 'base': 'TA', 'new': 2.0}, {'col': 'Garage Qual', 'base': 'TA', 'new': 2.0}, {'col': 'Garage Cond', 'base': 'TA', 'new': 2.0}, {'col': 'Pool QC', 'base': 'No aplica', 'new': -1.0}]",optimization/sensibilidad_remodelacion/xgb_features_pid909275110_b100000.csv,/Users/ignaciocuevasschotte/Documents/GitHub/Optimizacion-Casas-Ames-Iowa-Capstone-/models/xgb/datos_nuevos_reexport/model_xgb.joblib
911102180,IDOTRR,p25,120267.21919221012,20000.0,,OPTIMAL,116729.1015625,139664.24930901924,10872.93,12062.21774651925,9127.07,0.5436465,0.0,12062.21774651925,"[{'col': 'Utilities', 'base': 'AllPub', 'new': 3}, {'col': 'Exter Qual', 'base': 'TA', 'new': 3.0}, {'col': 'Exter Cond', 'base': 'TA', 'new': 2.0}, {'col': 'Bsmt Cond', 'base': 'TA', 'new': 2.0}, {'col': 'Heating QC', 'base': 'TA', 'new': 2.0}, {'col': 'Kitchen Qual', 'base': 'TA', 'new': 2.0}, {'col': 'Fireplace Qu', 'base': 'No aplica', 'new': -1.0}, {'col': 'Garage Qual', 'base': 'Po', 'new': 1.0}, {'col': 'Garage Cond', 'base': 'Fa', 'new': 2.0}, {'col': 'Pool QC', 'base': 'No aplica', 'new': -1.0}]",optimization/sensibilidad_remodelacion/xgb_features_pid911102180_b20000.csv,/Users/ignaciocuevasschotte/Documents/GitHub/Optimizacion-Casas-Ames-Iowa-Capstone-/models/xgb/datos_nuevos_reexport/model_xgb.joblib
911102180,IDOTRR,p25,120267.21919221012,50000.0,,OPTIMAL,116729.1015625,139666.18123077397,10872.929999999997,12064.149668273982,39127.07000000001,0.21745859999999995,0.0,12064.149668273982,"[{'col': 'Utilities', 'base': 'AllPub', 'new': 3}, {'col': 'Exter Qual', 'base': 'TA', 'new': 3.0}, {'col': 'Exter Cond', 'base': 'TA', 'new': 2.0}, {'col': 'Bsmt Cond', 'base': 'TA', 'new': 2.0}, {'col': 'Heating QC', 'base': 'TA', 'new': 2.0}, {'col': 'Kitchen Qual', 'base': 'TA', 'new': 2.0}, {'col': 'Fireplace Qu', 'base': 'No aplica', 'new': -1.0}, {'col': 'Garage Qual', 'base': 'Po', 'new': 1.0}, {'col': 'Garage Cond', 'base': 'Fa', 'new': 2.0}, {'col': 'Pool QC', 'base': 'No aplica', 'new': -1.0}]",optimization/sensibilidad_remodelacion/xgb_features_pid911102180_b50000.csv,/Users/ignaciocuevasschotte/Documents/GitHub/Optimizacion-Casas-Ames-Iowa-Capstone-/models/xgb/datos_nuevos_reexport/model_xgb.joblib
911102180,IDOTRR,p25,120267.21919221012,100000.0,,OPTIMAL,116729.1015625,139755.44008873316,10872.930000000004,12153.40852623315,89127.06999999999,0.10872930000000004,0.0,12153.40852623315,"[{'col': 'Utilities', 'base': 'AllPub', 'new': 3}, {'col': 'Exter Qual', 'base': 'TA', 'new': 3.0}, {'col': 'Exter Cond', 'base': 'TA', 'new': 2.0}, {'col': 'Bsmt Cond', 'base': 'TA', 'new': 2.0}, {'col': 'Heating QC', 'base': 'TA', 'new': 2.0}, {'col': 'Kitchen Qual', 'base': 'TA', 'new': 2.0}, {'col': 'Fireplace Qu', 'base': 'No aplica', 'new': -1.0}, {'col': 'Garage Qual', 'base': 'Po', 'new': 1.0}, {'col': 'Garage Cond', 'base': 'Fa', 'new': 2.0}, {'col': 'Pool QC', 'base': 'No aplica', 'new': -1.0}]",optimization/sensibilidad_remodelacion/xgb_features_pid911102180_b100000.csv,/Users/ignaciocuevasschotte/Documents/GitHub/Optimizacion-Casas-Ames-Iowa-Capstone-/models/xgb/datos_nuevos_reexport/model_xgb.joblib
903450110,IDOTRR,p50,161467.88990825688,20000.0,,OPTIMAL,152423.015625,182773.18204492272,15198.68,15151.48641992273,4801.32,0.759934,0.0,15151.48641992273,"[{'col': 'Utilities', 'base': 'AllPub', 'new': 3}, {'col': 'Exter Qual', 'base': 'Fa', 'new': 3.0}, {'col': 'Exter Cond', 'base': 'TA', 'new': 2.0}, {'col': 'Bsmt Cond', 'base': 'TA', 'new': 2.0}, {'col': 'Heating QC', 'base': 'TA', 'new': 2.0}, {'col': 'Kitchen Qual', 'base': 'TA', 'new': 2.0}, {'col': 'Fireplace Qu', 'base': 'No aplica', 'new': -1.0}, {'col': 'Garage Qual', 'base': 'TA', 'new': 2.0}, {'col': 'Garage Cond', 'base': 'TA', 'new': 2.0}, {'col': 'Pool QC', 'base': 'No aplica', 'new': -1.0}]",optimization/sensibilidad_remodelacion/xgb_features_pid903450110_b20000.csv,/Users/ignaciocuevasschotte/Documents/GitHub/Optimizacion-Casas-Ames-Iowa-Capstone-/models/xgb/datos_nuevos_reexport/model_xgb.joblib
903450110,IDOTRR,p50,161467.88990825688,50000.0,,OPTIMAL,152423.015625,181389.50383985558,15198.680000000017,13767.808214855555,34801.319999999985,0.30397360000000034,0.0,13767.808214855555,"[{'col': 'Utilities', 'base': 'AllPub', 'new': 3}, {'col': 'Exter Qual', 'base': 'Fa', 'new': 3.0}, {'col': 'Exter Cond', 'base': 'TA', 'new': 2.0}, {'col': 'Bsmt Cond', 'base': 'TA', 'new': 2.0}, {'col': 'Heating QC', 'base': 'TA', 'new': 2.0}, {'col': 'Kitchen Qual', 'base': 'TA', 'new': 2.0}, {'col': 'Fireplace Qu', 'base': 'No aplica', 'new': -1.0}, {'col': 'Garage Qual', 'base': 'TA', 'new': 2.0}, {'col': 'Garage Cond', 'base': 'TA', 'new': 2.0}, {'col': 'Pool QC', 'base': 'No aplica', 'new': -1.0}]",optimization/sensibilidad_remodelacion/xgb_features_pid903450110_b50000.csv,/Users/ignaciocuevasschotte/Documents/GitHub/Optimizacion-Casas-Ames-Iowa-Capstone-/models/xgb/datos_nuevos_reexport/model_xgb.joblib
903450110,IDOTRR,p50,161467.88990825688,100000.0,,OPTIMAL,152423.015625,183989.39755825142,15198.679999999991,16367.701933251432,84801.32,0.15198679999999992,0.0,16367.701933251432,"[{'col': 'Utilities', 'base': 'AllPub', 'new': 3}, {'col': 'Exter Qual', 'base': 'Fa', 'new': 3.0}, {'col': 'Exter Cond', 'base': 'TA', 'new': 2.0}, {'col': 'Bsmt Cond', 'base': 'TA', 'new': 2.0}, {'col': 'Heating QC', 'base': 'TA', 'new': 2.0}, {'col': 'Kitchen Qual', 'base': 'TA', 'new': 2.0}, {'col': 'Fireplace Qu', 'base': 'No aplica', 'new': -1.0}, {'col': 'Garage Qual', 'base': 'TA', 'new': 2.0}, {'col': 'Garage Cond', 'base': 'TA', 'new': 2.0}, {'col': 'Pool QC', 'base': 'No aplica', 'new': -1.0}]",optimization/sensibilidad_remodelacion/xgb_features_pid903450110_b100000.csv,/Users/ignaciocuevasschotte/Documents/GitHub/Optimizacion-Casas-Ames-Iowa-Capstone-/models/xgb/datos_nuevos_reexport/model_xgb.joblib
903455140,IDOTRR,p75,189543.5160322224,20000.0,,OPTIMAL,184111.890625,198891.1882050906,10872.930000000002,3906.3675800906203,9127.069999999998,0.5436465000000001,0.0,3906.3675800906203,"[{'col': 'Utilities', 'base': 'AllPub', 'new': 3}, {'col': 'Exter Qual', 'base': 'TA', 'new': 3.0}, {'col': 'Exter Cond', 'base': 'TA', 'new': 2.0}, {'col': 'Bsmt Cond', 'base': 'TA', 'new': 2.0}, {'col': 'Heating QC', 'base': 'Gd', 'new': 3.0}, {'col': 'Kitchen Qual', 'base': 'TA', 'new': 2.0}, {'col': 'Fireplace Qu', 'base': 'No aplica', 'new': -1.0}, {'col': 'Garage Qual', 'base': 'TA', 'new': 2.0}, {'col': 'Garage Cond', 'base': 'TA', 'new': 2.0}, {'col': 'Pool QC', 'base': 'No aplica', 'new': -1.0}]",optimization/sensibilidad_remodelacion/xgb_features_pid903455140_b20000.csv,/Users/ignaciocuevasschotte/Documents/GitHub/Optimizacion-Casas-Ames-Iowa-Capstone-/models/xgb/datos_nuevos_reexport/model_xgb.joblib
903455140,IDOTRR,p75,189543.5160322224,50000.0,,OPTIMAL,184111.890625,199168.41035804056,10872.929999999993,4183.589733040571,39127.07000000001,0.21745859999999986,0.0,4183.589733040571,"[{'col': 'Utilities', 'base': 'AllPub', 'new': 3}, {'col': 'Exter Qual', 'base': 'TA', 'new': 3.0}, {'col': 'Exter Cond', 'base': 'TA', 'new': 2.0}, {'col': 'Bsmt Cond', 'base': 'TA', 'new': 2.0}, {'col': 'Heating QC', 'base': 'Gd', 'new': 3.0}, {'col': 'Kitchen Qual', 'base': 'TA', 'new': 2.0}, {'col': 'Fireplace Qu', 'base': 'No aplica', 'new': -1.0}, {'col': 'Garage Qual', 'base': 'TA', 'new': 2.0}, {'col': 'Garage Cond', 'base': 'TA', 'new': 2.0}, {'col': 'Pool QC', 'base': 'No aplica', 'new': -1.0}]",optimization/sensibilidad_remodelacion/xgb_features_pid903455140_b50000.csv,/Users/ignaciocuevasschotte/Documents/GitHub/Optimizacion-Casas-Ames-Iowa-Capstone-/models/xgb/datos_nuevos_reexport/model_xgb.joblib
903455140,IDOTRR,p75,189543.5160322224,100000.0,,OPTIMAL,184111.890625,199960.8576105852,10872.929999999993,4976.036985585204,89127.07,0.10872929999999993,0.0,4976.036985585204,"[{'col': 'Utilities', 'base': 'AllPub', 'new': 3}, {'col': 'Exter Qual', 'base': 'TA', 'new': 3.0}, {'col': 'Exter Cond', 'base': 'TA', 'new': 2.0}, {'col': 'Bsmt Cond', 'base': 'TA', 'new': 2.0}, {'col': 'Heating QC', 'base': 'Gd', 'new': 3.0}, {'col': 'Kitchen Qual', 'base': 'TA', 'new': 2.0}, {'col': 'Fireplace Qu', 'base': 'No aplica', 'new': -1.0}, {'col': 'Garage Qual', 'base': 'TA', 'new': 2.0}, {'col': 'Garage Cond', 'base': 'TA', 'new': 2.0}, {'col': 'Pool QC', 'base': 'No aplica', 'new': -1.0}]",optimization/sensibilidad_remodelacion/xgb_features_pid903455140_b100000.csv,/Users/ignaciocuevasschotte/Documents/GitHub/Optimizacion-Casas-Ames-Iowa-Capstone-/models/xgb/datos_nuevos_reexport/model_xgb.joblib
533128090,NoRidge,p25,415959.67413846136,20000.0,,OPTIMAL,423594.15625,433057.3475000938,6923.62,2539.57125009381,13076.380000000001,0.346181,0.0,2539.57125009381,"[{'col': 'Utilities', 'base': 'AllPub', 'new': 3}, {'col': 'Exter Qual', 'base': 'Gd', 'new': 3.0}, {'col': 'Exter Cond', 'base': 'TA', 'new': 2.0}, {'col': 'Bsmt Cond', 'base': 'TA', 'new': 2.0}, {'col': 'Heating QC', 'base': 'Ex', 'new': 4.0}, {'col': 'Kitchen Qual', 'base': 'Gd', 'new': 3.0}, {'col': 'Fireplace Qu', 'base': 'Fa', 'new': 1.0}, {'col': 'Garage Qual', 'base': 'TA', 'new': 2.0}, {'col': 'Garage Cond', 'base': 'TA', 'new': 2.0}, {'col': 'Pool QC', 'base': 'No aplica', 'new': -1.0}]",optimization/sensibilidad_remodelacion/xgb_features_pid533128090_b20000.csv,/Users/ignaciocuevasschotte/Documents/GitHub/Optimizacion-Casas-Ames-Iowa-Capstone-/models/xgb/datos_nuevos_reexport/model_xgb.joblib
533128090,NoRidge,p25,415959.67413846136,50000.0,,OPTIMAL,423594.15625,480448.2706902084,49203.619999999995,7650.494440208422,796.3800000000047,0.9840724,0.0,7650.494440208422,"[{'col': 'Utilities', 'base': 'AllPub', 'new': 3}, {'col': 'Exter Qual', 'base': 'Gd', 'new': 3.0}, {'col': 'Exter Cond', 'base': 'TA', 'new': 2.0}, {'col': 'Bsmt Cond', 'base': 'TA', 'new': 2.0}, {'col': 'Heating QC', 'base': 'Ex', 'new': 4.0}, {'col': '1st Flr SF', 'base': np.int64(1624), 'new': 1769.0}, {'col': 'Gr Liv Area', 'base': np.int64(1624), 'new': 1769.0}, {'col': 'Bedroom AbvGr', 'base': np.int64(2), 'new': 3.0}, {'col': 'Kitchen AbvGr', 'base': np.int64(1), 'new': 2.0}, {'col': 'Kitchen Qual', 'base': 'Gd', 'new': 3.0}, {'col': 'Fireplace Qu', 'base': 'Fa', 'new': 1.0}, {'col': 'Garage Qual', 'base': 'TA', 'new': 2.0}, {'col': 'Garage Cond', 'base': 'TA', 'new': 2.0}, {'col': 'Pool QC', 'base': 'No aplica', 'new': -1.0}]",optimization/sensibilidad_remodelacion/xgb_features_pid533128090_b50000.csv,/Users/ignaciocuevasschotte/Documents/GitHub/Optimizacion-Casas-Ames-Iowa-Capstone-/models/xgb/datos_nuevos_reexport/model_xgb.joblib
533128090,NoRidge,p25,415959.67413846136,100000.0,,OPTIMAL,423594.15625,538771.8686088442,95741.81,19435.902358844236,4258.190000000002,0.9574180999999999,0.0,19435.902358844236,"[{'col': 'Utilities', 'base': 'AllPub', 'new': 3}, {'col': 'Exter Qual', 'base': 'Gd', 'new': 3.0}, {'col': 'Exter Cond', 'base': 'TA', 'new': 2.0}, {'col': 'Bsmt Cond', 'base': 'TA', 'new': 2.0}, {'col': 'Heating QC', 'base': 'Ex', 'new': 4.0}, {'col': '1st Flr SF', 'base': np.int64(1624), 'new': 1809.0}, {'col': 'Gr Liv Area', 'base': np.int64(1624), 'new': 1809.0}, {'col': 'Full Bath', 'base': np.int64(2), 'new': 3.0}, {'col': 'Bedroom AbvGr', 'base': np.int64(2), 'new': 3.0}, {'col': 'Kitchen AbvGr', 'base': np.int64(1), 'new': 2.0}, {'col': 'Kitchen Qual', 'base': 'Gd', 'new': 3.0}, {'col': 'Fireplace Qu', 'base': 'Fa', 'new': 1.0}, {'col': 'Garage Qual', 'base': 'TA', 'new': 2.0}, {'col': 'Garage Cond', 'base': 'TA', 'new': 2.0}, {'col': 'Pool QC', 'base': 'No aplica', 'new': -1.0}]",optimization/sensibilidad_remodelacion/xgb_features_pid533128090_b100000.csv,/Users/ignaciocuevasschotte/Documents/GitHub/Optimizacion-Casas-Ames-Iowa-Capstone-/models/xgb/datos_nuevos_reexport/model_xgb.joblib
528315110,NoRidge,p50,468283.98078549065,20000.0,,OPTIMAL,468958.375,478904.2004621658,6923.620000000018,3022.205462165817,13076.379999999983,0.3461810000000009,0.0,3022.205462165817,"[{'col': 'Utilities', 'base': 'AllPub', 'new': 3}, {'col': 'Exter Qual', 'base': 'Gd', 'new': 3.0}, {'col': 'Exter Cond', 'base': 'TA', 'new': 2.0}, {'col': 'Bsmt Cond', 'base': 'TA', 'new': 2.0}, {'col': 'Heating QC', 'base': 'Gd', 'new': 3.0}, {'col': 'Kitchen Qual', 'base': 'Gd', 'new': 3.0}, {'col': 'Fireplace Qu', 'base': 'TA', 'new': 2.0}, {'col': 'Garage Qual', 'base': 'TA', 'new': 2.0}, {'col': 'Garage Cond', 'base': 'TA', 'new': 2.0}, {'col': 'Pool QC', 'base': 'No aplica', 'new': -1.0}]",optimization/sensibilidad_remodelacion/xgb_features_pid528315110_b20000.csv,/Users/ignaciocuevasschotte/Documents/GitHub/Optimizacion-Casas-Ames-Iowa-Capstone-/models/xgb/datos_nuevos_reexport/model_xgb.joblib
528315110,NoRidge,p50,468283.98078549065,50000.0,,OPTIMAL,468958.375,517304.57623873535,34923.62,13422.58123873535,15076.379999999997,0.6984724000000001,0.0,13422.58123873535,"[{'col': 'Utilities', 'base': 'AllPub', 'new': 3}, {'col': 'Exter Qual', 'base': 'Gd', 'new': 3.0}, {'col': 'Exter Cond', 'base': 'TA', 'new': 2.0}, {'col': 'Bsmt Cond', 'base': 'TA', 'new': 2.0}, {'col': 'Heating QC', 'base': 'Gd', 'new': 3.0}, {'col': '1st Flr SF', 'base': np.int64(1470), 'new': 1510.0}, {'col': 'Gr Liv Area', 'base': np.int64(2630), 'new': 2670.0}, {'col': 'Full Bath', 'base': np.int64(2), 'new': 3.0}, {'col': 'Kitchen Qual', 'base': 'Gd', 'new': 3.0}, {'col': 'Fireplace Qu', 'base': 'TA', 'new': 2.0}, {'col': 'Garage Qual', 'base': 'TA', 'new': 2.0}, {'col': 'Garage Cond', 'base': 'TA', 'new': 2.0}, {'col': 'Pool QC', 'base': 'No aplica', 'new': -1.0}]",optimization/sensibilidad_remodelacion/xgb_features_pid528315110_b50000.csv,/Users/ignaciocuevasschotte/Documents/GitHub/Optimizacion-Casas-Ames-Iowa-Capstone-/models/xgb/datos_nuevos_reexport/model_xgb.joblib
528315110,NoRidge,p50,468283.98078549065,100000.0,,OPTIMAL,468958.375,549190.5112599194,53461.81,26770.326259919384,46538.19,0.5346181,0.0,26770.326259919384,"[{'col': 'Utilities', 'base': 'AllPub', 'new': 3}, {'col': 'Exter Qual', 'base': 'Gd', 'new': 3.0}, {'col': 'Exter Cond', 'base': 'TA', 'new': 2.0}, {'col': 'Bsmt Cond', 'base': 'TA', 'new': 2.0}, {'col': 'Heating QC', 'base': 'Gd', 'new': 3.0}, {'col': '1st Flr SF', 'base': np.int64(1470), 'new': 1510.0}, {'col': 'Gr Liv Area', 'base': np.int64(2630), 'new': 2670.0}, {'col': 'Full Bath', 'base': np.int64(2), 'new': 3.0}, {'col': 'Kitchen Qual', 'base': 'Gd', 'new': 3.0}, {'col': 'Fireplace Qu', 'base': 'TA', 'new': 2.0}, {'col': 'Garage Qual', 'base': 'TA', 'new': 2.0}, {'col': 'Garage Cond', 'base': 'TA', 'new': 2.0}, {'col': 'Pool QC', 'base': 'No aplica', 'new': -1.0}]",optimization/sensibilidad_remodelacion/xgb_features_pid528315110_b100000.csv,/Users/ignaciocuevasschotte/Documents/GitHub/Optimizacion-Casas-Ames-Iowa-Capstone-/models/xgb/datos_nuevos_reexport/model_xgb.joblib
528363110,NoRidge,p75,520315.5342061008,20000.0,,INF_OR_UNBD,522544.1875,,,,,,,,[],optimization/sensibilidad_remodelacion/xgb_features_pid528363110_b20000.csv,/Users/ignaciocuevasschotte/Documents/GitHub/Optimizacion-Casas-Ames-Iowa-Capstone-/models/xgb/datos_nuevos_reexport/model_xgb.joblib
528363110,NoRidge,p75,520315.5342061008,50000.0,,OPTIMAL,522544.1875,544513.5718086687,42309.745,-20340.360691331327,7690.254999999997,0.8461949000000001,0.0,-20340.360691331327,"[{'col': 'Utilities', 'base': 'AllPub', 'new': 3}, {'col': 'Exter Qual', 'base': 'Gd', 'new': 3.0}, {'col': 'Exter Cond', 'base': 'Gd', 'new': 3.0}, {'col': 'Bsmt Cond', 'base': 'TA', 'new': 2.0}, {'col': 'Heating QC', 'base': 'Ex', 'new': 4.0}, {'col': '1st Flr SF', 'base': np.int64(2113), 'new': 2183.0}, {'col': 'Gr Liv Area', 'base': np.int64(2113), 'new': 2183.0}, {'col': 'Bedroom AbvGr', 'base': np.int64(2), 'new': 3.0}, {'col': 'Kitchen Qual', 'base': 'Gd', 'new': 3.0}, {'col': 'Fireplace Qu', 'base': 'TA', 'new': 2.0}, {'col': 'Garage Area', 'base': np.float64(839.0), 'new': 922.9}, {'col': 'Garage Qual', 'base': 'TA', 'new': 2.0}, {'col': 'Garage Cond', 'base': 'TA', 'new': 2.0}, {'col': 'Wood Deck SF', 'base': np.int64(236), 'new': 259.6}, {'col': 'Pool QC', 'base': 'No aplica', 'new': -1.0}]",optimization/sensibilidad_remodelacion/xgb_features_pid528363110_b50000.csv,/Users/ignaciocuevasschotte/Documents/GitHub/Optimizacion-Casas-Ames-Iowa-Capstone-/models/xgb/datos_nuevos_reexport/model_xgb.joblib
528363110,NoRidge,p75,520315.5342061008,100000.0,,OPTIMAL,522544.1875,576237.2377605673,60847.935,-7154.8847394326585,39152.065,0.60847935,0.0,-7154.8847394326585,"[{'col': 'Utilities', 'base': 'AllPub', 'new': 3}, {'col': 'Exter Qual', 'base': 'Gd', 'new': 3.0}, {'col': 'Exter Cond', 'base': 'Gd', 'new': 3.0}, {'col': 'Bsmt Cond', 'base': 'TA', 'new': 2.0}, {'col': 'Heating QC', 'base': 'Ex', 'new': 4.0}, {'col': '1st Flr SF', 'base': np.int64(2113), 'new': 2183.0}, {'col': 'Gr Liv Area', 'base': np.int64(2113), 'new': 2183.0}, {'col': 'Bedroom AbvGr', 'base': np.int64(2), 'new': 3.0}, {'col': 'Kitchen Qual', 'base': 'Gd', 'new': 3.0}, {'col': 'Fireplace Qu', 'base': 'TA', 'new': 2.0}, {'col': 'Garage Area', 'base': np.float64(839.0), 'new': 922.9}, {'col': 'Garage Qual', 'base': 'TA', 'new': 2.0}, {'col': 'Garage Cond', 'base': 'TA', 'new': 2.0}, {'col': 'Wood Deck SF', 'base': np.int64(236), 'new': 259.6}, {'col': 'Pool QC', 'base': 'No aplica', 'new': -1.0}]",optimization/sensibilidad_remodelacion/xgb_features_pid528363110_b100000.csv,/Users/ignaciocuevasschotte/Documents/GitHub/Optimizacion-Casas-Ames-Iowa-Capstone-/models/xgb/datos_nuevos_reexport/model_xgb.joblib
916403290,Timber,p25,289374.1801064897,20000.0,,OPTIMAL,325582.9375,340292.9411234596,15051.619999999999,-341.6163765403908,4948.380000000001,0.7525809999999999,0.0,-341.6163765403908,"[{'col': 'Utilities', 'base': 'AllPub', 'new': 3}, {'col': 'Exter Qual', 'base': 'Gd', 'new': 3.0}, {'col': 'Exter Cond', 'base': 'Gd', 'new': 3.0}, {'col': 'Bsmt Cond', 'base': 'TA', 'new': 2.0}, {'col': 'BsmtFin SF 1', 'base': np.float64(902.0), 'new': 1156.0}, {'col': 'Bsmt Unf SF', 'base': np.float64(254.0), 'new': 0.0}, {'col': 'Heating QC', 'base': 'Ex', 'new': 4.0}, {'col': 'Kitchen Qual', 'base': 'Gd', 'new': 3.0}, {'col': 'Fireplace Qu', 'base': 'TA', 'new': 2.0}, {'col': 'Garage Qual', 'base': 'TA', 'new': 2.0}, {'col': 'Garage Cond', 'base': 'TA', 'new': 2.0}, {'col': 'Pool QC', 'base': 'No aplica', 'new': -1.0}]",optimization/sensibilidad_remodelacion/xgb_features_pid916403290_b20000.csv,/Users/ignaciocuevasschotte/Documents/GitHub/Optimizacion-Casas-Ames-Iowa-Capstone-/models/xgb/datos_nuevos_reexport/model_xgb.joblib
916403290,Timber,p25,289374.1801064897,50000.0,,OPTIMAL,325582.9375,364309.3116113055,33589.81,5136.564111305517,16410.190000000002,0.6717962,0.0,5136.564111305517,"[{'col': 'Utilities', 'base': 'AllPub', 'new': 3}, {'col': 'Exter Qual', 'base': 'Gd', 'new': 3.0}, {'col': 'Exter Cond', 'base': 'Gd', 'new': 3.0}, {'col': 'Bsmt Cond', 'base': 'TA', 'new': 2.0}, {'col': 'BsmtFin SF 1', 'base': np.float64(902.0), 'new': 1097.0}, {'col': 'BsmtFin SF 2', 'base': np.float64(0.0), 'new': 59.0}, {'col': 'Bsmt Unf SF', 'base': np.float64(254.0), 'new': 0.0}, {'col': 'Heating QC', 'base': 'Ex', 'new': 4.0}, {'col': 'Kitchen Qual', 'base': 'Gd', 'new': 3.0}, {'col': 'Fireplace Qu', 'base': 'TA', 'new': 2.0}, {'col': 'Garage Qual', 'base': 'TA', 'new': 2.0}, {'col': 'Garage Cond', 'base': 'TA', 'new': 2.0}, {'col': 'Pool QC', 'base': 'No aplica', 'new': -1.0}]",optimization/sensibilidad_remodelacion/xgb_features_pid916403290_b50000.csv,/Users/ignaciocuevasschotte/Documents/GitHub/Optimizacion-Casas-Ames-Iowa-Capstone-/models/xgb/datos_nuevos_reexport/model_xgb.joblib
916403290,Timber,p25,289374.1801064897,100000.0,,OPTIMAL,325582.9375,381109.44956451305,51248.554,4277.958064513048,48751.446,0.51248554,0.0,4277.958064513048,"[{'col': 'Utilities', 'base': 'AllPub', 'new': 3}, {'col': 'Exter Qual', 'base': 'Gd', 'new': 3.0}, {'col': 'Exter Cond', 'base': 'Gd', 'new': 3.0}, {'col': 'Bsmt Cond', 'base': 'TA', 'new': 2.0}, {'col': 'BsmtFin SF 1', 'base': np.float64(902.0), 'new': 1097.0}, {'col': 'BsmtFin SF 2', 'base': np.float64(0.0), 'new': 59.0}, {'col': 'Bsmt Unf SF', 'base': np.float64(254.0), 'new': 0.0}, {'col': 'Heating QC', 'base': 'Ex', 'new': 4.0}, {'col': '1st Flr SF', 'base': np.int64(1187), 'new': 1262.0}, {'col': 'Gr Liv Area', 'base': np.int64(1717), 'new': 1792.0}, {'col': 'Kitchen AbvGr', 'base': np.int64(1), 'new': 2.0}, {'col': 'Kitchen Qual', 'base': 'Gd', 'new': 3.0}, {'col': 'Fireplace Qu', 'base': 'TA', 'new': 2.0}, {'col': 'Garage Qual', 'base': 'TA', 'new': 2.0}, {'col': 'Garage Cond', 'base': 'TA', 'new': 2.0}, {'col': 'Open Porch SF', 'base': np.int64(36), 'new': 43.2}, {'col': 'Pool QC', 'base': 'No aplica', 'new': -1.0}]",optimization/sensibilidad_remodelacion/xgb_features_pid916403290_b100000.csv,/Users/ignaciocuevasschotte/Documents/GitHub/Optimizacion-Casas-Ames-Iowa-Capstone-/models/xgb/datos_nuevos_reexport/model_xgb.joblib
916226030,Timber,p50,359017.7186022095,20000.0,,OPTIMAL,322160.6875,331246.5948244071,6923.62,2162.2873244070797,13076.380000000001,0.346181,0.0,2162.2873244070797,"[{'col': 'Utilities', 'base': 'AllPub', 'new': 3}, {'col': 'Exter Qual', 'base': 'Gd', 'new': 3.0}, {'col': 'Exter Cond', 'base': 'TA', 'new': 2.0}, {'col': 'Bsmt Cond', 'base': 'TA', 'new': 2.0}, {'col': 'Heating QC', 'base': 'Gd', 'new': 3.0}, {'col': 'Kitchen Qual', 'base': 'Gd', 'new': 3.0}, {'col': 'Fireplace Qu', 'base': 'TA', 'new': 2.0}, {'col': 'Garage Qual', 'base': 'TA', 'new': 2.0}, {'col': 'Garage Cond', 'base': 'TA', 'new': 2.0}, {'col': 'Pool QC', 'base': 'No aplica', 'new': -1.0}]",optimization/sensibilidad_remodelacion/xgb_features_pid916226030_b20000.csv,/Users/ignaciocuevasschotte/Documents/GitHub/Optimizacion-Casas-Ames-Iowa-Capstone-/models/xgb/datos_nuevos_reexport/model_xgb.joblib
916226030,Timber,p50,359017.7186022095,50000.0,,OPTIMAL,322160.6875,331246.59550695994,6923.619999999997,2162.2880069599487,43076.380000000005,0.13847239999999994,0.0,2162.2880069599487,"[{'col': 'Utilities', 'base': 'AllPub', 'new': 3}, {'col': 'Exter Qual', 'base': 'Gd', 'new': 3.0}, {'col': 'Exter Cond', 'base': 'TA', 'new': 2.0}, {'col': 'Bsmt Cond', 'base': 'TA', 'new': 2.0}, {'col': 'Heating QC', 'base': 'Gd', 'new': 3.0}, {'col': 'Kitchen Qual', 'base': 'Gd', 'new': 3.0}, {'col': 'Fireplace Qu', 'base': 'TA', 'new': 2.0}, {'col': 'Garage Qual', 'base': 'TA', 'new': 2.0}, {'col': 'Garage Cond', 'base': 'TA', 'new': 2.0}, {'col': 'Pool QC', 'base': 'No aplica', 'new': -1.0}]",optimization/sensibilidad_remodelacion/xgb_features_pid916226030_b50000.csv,/Users/ignaciocuevasschotte/Documents/GitHub/Optimizacion-Casas-Ames-Iowa-Capstone-/models/xgb/datos_nuevos_reexport/model_xgb.joblib
916226030,Timber,p50,359017.7186022095,100000.0,,OPTIMAL,322160.6875,364350.66775557457,37749.81,4440.170255574572,62250.19,0.3774981,0.0,4440.170255574572,"[{'col': 'Utilities', 'base': 'AllPub', 'new': 3}, {'col': 'Exter Qual', 'base': 'Gd', 'new': 3.0}, {'col': 'Exter Cond', 'base': 'TA', 'new': 2.0}, {'col': 'Bsmt Cond', 'base': 'TA', 'new': 2.0}, {'col': 'BsmtFin SF 1', 'base': np.float64(893.0), 'new': 1097.0}, {'col': 'BsmtFin SF 2', 'base': np.float64(0.0), 'new': 180.0}, {'col': 'Bsmt Unf SF', 'base': np.float64(384.0), 'new': 0.0}, {'col': 'Heating QC', 'base': 'Gd', 'new': 3.0}, {'col': 'Kitchen Qual', 'base': 'Gd', 'new': 3.0}, {'col': 'Fireplace Qu', 'base': 'TA', 'new': 2.0}, {'col': 'Garage Qual', 'base': 'TA', 'new': 2.0}, {'col': 'Garage Cond', 'base': 'TA', 'new': 2.0}, {'col': 'Pool QC', 'base': 'No aplica', 'new': -1.0}]",optimization/sensibilidad_remodelacion/xgb_features_pid916226030_b100000.csv,/Users/ignaciocuevasschotte/Documents/GitHub/Optimizacion-Casas-Ames-Iowa-Capstone-/models/xgb/datos_nuevos_reexport/model_xgb.joblib
916380060,Timber,p75,437065.0487331246,20000.0,,OPTIMAL,397032.1875,407132.20252932125,7543.824,2556.1910293212277,12456.176,0.3771912,0.0,2556.1910293212277,"[{'col': 'Utilities', 'base': 'AllPub', 'new': 3}, {'col': 'Exter Qual', 'base': 'Gd', 'new': 3.0}, {'col': 'Exter Cond', 'base': 'TA', 'new': 2.0}, {'col': 'Bsmt Cond', 'base': 'TA', 'new': 2.0}, {'col': 'Heating QC', 'base': 'Ex', 'new': 4.0}, {'col': 'Kitchen Qual', 'base': 'Gd', 'new': 3.0}, {'col': 'Fireplace Qu', 'base': 'No aplica', 'new': -1.0}, {'col': 'Garage Qual', 'base': 'TA', 'new': 2.0}, {'col': 'Garage Cond', 'base': 'TA', 'new': 2.0}, {'col': 'Open Porch SF', 'base': np.int64(26), 'new': 31.2}, {'col': 'Pool QC', 'base': 'No aplica', 'new': -1.0}]",optimization/sensibilidad_remodelacion/xgb_features_pid916380060_b20000.csv,/Users/ignaciocuevasschotte/Documents/GitHub/Optimizacion-Casas-Ames-Iowa-Capstone-/models/xgb/datos_nuevos_reexport/model_xgb.joblib
916380060,Timber,p75,437065.0487331246,50000.0,,OPTIMAL,397032.1875,433869.7320460137,26082.014,10755.530546013673,23917.986,0.52164028,0.0,10755.530546013673,"[{'col': 'Utilities', 'base': 'AllPub', 'new': 3}, {'col': 'Exter Qual', 'base': 'Gd', 'new': 3.0}, {'col': 'Exter Cond', 'base': 'TA', 'new': 2.0}, {'col': 'Bsmt Cond', 'base': 'TA', 'new': 2.0}, {'col': 'Heating QC', 'base': 'Ex', 'new': 4.0}, {'col': 'Kitchen Qual', 'base': 'Gd', 'new': 3.0}, {'col': 'Fireplace Qu', 'base': 'No aplica', 'new': -1.0}, {'col': 'Garage Qual', 'base': 'TA', 'new': 2.0}, {'col': 'Garage Cond', 'base': 'TA', 'new': 2.0}, {'col': 'Open Porch SF', 'base': np.int64(26), 'new': 31.2}, {'col': 'Pool QC', 'base': 'No aplica', 'new': -1.0}]",optimization/sensibilidad_remodelacion/xgb_features_pid916380060_b50000.csv,/Users/ignaciocuevasschotte/Documents/GitHub/Optimizacion-Casas-Ames-Iowa-Capstone-/models/xgb/datos_nuevos_reexport/model_xgb.joblib
916380060,Timber,p75,437065.0487331246,100000.0,,OPTIMAL,397032.1875,435154.4219535105,26082.014,12040.220453510468,73917.986,0.26082014,0.0,12040.220453510468,"[{'col': 'Utilities', 'base': 'AllPub', 'new': 3}, {'col': 'Exter Qual', 'base': 'Gd', 'new': 3.0}, {'col': 'Exter Cond', 'base': 'TA', 'new': 2.0}, {'col': 'Bsmt Cond', 'base': 'TA', 'new': 2.0}, {'col': 'Heating QC', 'base': 'Ex', 'new': 4.0}, {'col': 'Kitchen Qual', 'base': 'Gd', 'new': 3.0}, {'col': 'Fireplace Qu', 'base': 'No aplica', 'new': -1.0}, {'col': 'Garage Qual', 'base': 'TA', 'new': 2.0}, {'col': 'Garage Cond', 'base': 'TA', 'new': 2.0}, {'col': 'Open Porch SF', 'base': np.int64(26), 'new': 31.2}, {'col': 'Pool QC', 'base': 'No aplica', 'new': -1.0}]",optimization/sensibilidad_remodelacion/xgb_features_pid916380060_b100000.csv,/Users/ignaciocuevasschotte/Documents/GitHub/Optimizacion-Casas-Ames-Iowa-Capstone-/models/xgb/datos_nuevos_reexport/model_xgb.joblib
527146030,StoneBr,p25,347155.9633027523,20000.0,,OPTIMAL,376663.59375,397159.2215126059,15782.50299999994,4713.124762605934,4217.497000000059,0.789125149999997,0.0,4713.124762605934,"[{'col': 'Utilities', 'base': 'AllPub', 'new': 3}, {'col': 'Exter Qual', 'base': 'Gd', 'new': 3.0}, {'col': 'Exter Cond', 'base': 'TA', 'new': 2.0}, {'col': 'Bsmt Cond', 'base': 'TA', 'new': 2.0}, {'col': 'Heating QC', 'base': 'Ex', 'new': 4.0}, {'col': 'Kitchen Qual', 'base': 'Gd', 'new': 3.0}, {'col': 'Fireplace Qu', 'base': 'TA', 'new': 2.0}, {'col': 'Garage Qual', 'base': 'TA', 'new': 2.0}, {'col': 'Garage Cond', 'base': 'TA', 'new': 2.0}, {'col': 'Wood Deck SF', 'base': np.int64(237), 'new': 260.7}, {'col': 'Open Porch SF', 'base': np.int64(152), 'new': 197.6}, {'col': 'Pool QC', 'base': 'No aplica', 'new': -1.0}]",optimization/sensibilidad_remodelacion/xgb_features_pid527146030_b20000.csv,/Users/ignaciocuevasschotte/Documents/GitHub/Optimizacion-Casas-Ames-Iowa-Capstone-/models/xgb/datos_nuevos_reexport/model_xgb.joblib
527146030,StoneBr,p25,347155.9633027523,50000.0,,OPTIMAL,376663.59375,417379.24246036937,34320.693,6394.955710369395,15679.307,0.6864138599999999,0.0,6394.955710369395,"[{'col': 'Utilities', 'base': 'AllPub', 'new': 3}, {'col': 'Exter Qual', 'base': 'Gd', 'new': 3.0}, {'col': 'Exter Cond', 'base': 'TA', 'new': 2.0}, {'col': 'Bsmt Cond', 'base': 'TA', 'new': 2.0}, {'col': 'Heating QC', 'base': 'Ex', 'new': 4.0}, {'col': 'Kitchen Qual', 'base': 'Gd', 'new': 3.0}, {'col': 'Fireplace Qu', 'base': 'TA', 'new': 2.0}, {'col': 'Garage Qual', 'base': 'TA', 'new': 2.0}, {'col': 'Garage Cond', 'base': 'TA', 'new': 2.0}, {'col': 'Wood Deck SF', 'base': np.int64(237), 'new': 260.7}, {'col': 'Open Porch SF', 'base': np.int64(152), 'new': 197.6}, {'col': 'Pool QC', 'base': 'No aplica', 'new': -1.0}]",optimization/sensibilidad_remodelacion/xgb_features_pid527146030_b50000.csv,/Users/ignaciocuevasschotte/Documents/GitHub/Optimizacion-Casas-Ames-Iowa-Capstone-/models/xgb/datos_nuevos_reexport/model_xgb.joblib
527146030,StoneBr,p25,347155.9633027523,100000.0,,OPTIMAL,376663.59375,419556.3658980286,34320.69299999994,8572.079148028628,65679.30700000006,0.3432069299999994,0.0,8572.079148028628,"[{'col': 'Utilities', 'base': 'AllPub', 'new': 3}, {'col': 'Exter Qual', 'base': 'Gd', 'new': 3.0}, {'col': 'Exter Cond', 'base': 'TA', 'new': 2.0}, {'col': 'Bsmt Cond', 'base': 'TA', 'new': 2.0}, {'col': 'Heating QC', 'base': 'Ex', 'new': 4.0}, {'col': 'Kitchen Qual', 'base': 'Gd', 'new': 3.0}, {'col': 'Fireplace Qu', 'base': 'TA', 'new': 2.0}, {'col': 'Garage Qual', 'base': 'TA', 'new': 2.0}, {'col': 'Garage Cond', 'base': 'TA', 'new': 2.0}, {'col': 'Wood Deck SF', 'base': np.int64(237), 'new': 260.7}, {'col': 'Open Porch SF', 'base': np.int64(152), 'new': 197.6}, {'col': 'Pool QC', 'base': 'No aplica', 'new': -1.0}]",optimization/sensibilidad_remodelacion/xgb_features_pid527146030_b100000.csv,/Users/ignaciocuevasschotte/Documents/GitHub/Optimizacion-Casas-Ames-Iowa-Capstone-/models/xgb/datos_nuevos_reexport/model_xgb.joblib
527252050,StoneBr,p50,493710.9344856856,20000.0,,OPTIMAL,456615.4375,468448.1672001879,10835.675999999927,997.0537001880002,9164.324000000073,0.5417837999999964,0.0,997.0537001880002,"[{'col': 'Utilities', 'base': 'AllPub', 'new': 3}, {'col': 'Exter Qual', 'base': 'Gd', 'new': 3.0}, {'col': 'Exter Cond', 'base': 'TA', 'new': 2.0}, {'col': 'Bsmt Cond', 'base': 'TA', 'new': 2.0}, {'col': 'Heating QC', 'base': 'Ex', 'new': 4.0}, {'col': 'Kitchen Qual', 'base': 'Ex', 'new': 4.0}, {'col': 'Fireplace Qu', 'base': 'Gd', 'new': 3.0}, {'col': 'Garage Qual', 'base': 'TA', 'new': 2.0}, {'col': 'Garage Cond', 'base': 'TA', 'new': 2.0}, {'col': 'Open Porch SF', 'base': np.int64(164), 'new': 196.8}, {'col': 'Pool QC', 'base': 'No aplica', 'new': -1.0}]",optimization/sensibilidad_remodelacion/xgb_features_pid527252050_b20000.csv,/Users/ignaciocuevasschotte/Documents/GitHub/Optimizacion-Casas-Ames-Iowa-Capstone-/models/xgb/datos_nuevos_reexport/model_xgb.joblib
527252050,StoneBr,p50,493710.9344856856,50000.0,,OPTIMAL,456615.4375,496691.25442927907,36915.67599999992,3160.1409292791504,13084.32400000008,0.7383135199999984,0.0,3160.1409292791504,"[{'col': 'Utilities', 'base': 'AllPub', 'new': 3}, {'col': 'Exter Qual', 'base': 'Gd', 'new': 3.0}, {'col': 'Exter Cond', 'base': 'TA', 'new': 2.0}, {'col': 'Bsmt Cond', 'base': 'TA', 'new': 2.0}, {'col': 'BsmtFin SF 1', 'base': np.float64(797.0), 'new': 1612.0}, {'col': 'Bsmt Unf SF', 'base': np.float64(815.0), 'new': 0.0}, {'col': 'Heating QC', 'base': 'Ex', 'new': 4.0}, {'col': 'Kitchen Qual', 'base': 'Ex', 'new': 4.0}, {'col': 'Fireplace Qu', 'base': 'Gd', 'new': 3.0}, {'col': 'Garage Qual', 'base': 'TA', 'new': 2.0}, {'col': 'Garage Cond', 'base': 'TA', 'new': 2.0}, {'col': 'Open Porch SF', 'base': np.int64(164), 'new': 196.8}, {'col': 'Pool QC', 'base': 'No aplica', 'new': -1.0}]",optimization/sensibilidad_remodelacion/xgb_features_pid527252050_b50000.csv,/Users/ignaciocuevasschotte/Documents/GitHub/Optimizacion-Casas-Ames-Iowa-Capstone-/models/xgb/datos_nuevos_reexport/model_xgb.joblib
527252050,StoneBr,p50,493710.9344856856,100000.0,,OPTIMAL,456615.4375,524621.7036724421,55453.865999999856,12552.400172442256,44546.134000000144,0.5545386599999985,0.0,12552.400172442256,"[{'col': 'Utilities', 'base': 'AllPub', 'new': 3}, {'col': 'Exter Qual', 'base': 'Gd', 'new': 3.0}, {'col': 'Exter Cond', 'base': 'TA', 'new': 2.0}, {'col': 'Bsmt Cond', 'base': 'TA', 'new': 2.0}, {'col': 'BsmtFin SF 1', 'base': np.float64(797.0), 'new': 1573.0}, {'col': 'BsmtFin SF 2', 'base': np.float64(0.0), 'new': 39.0}, {'col': 'Bsmt Unf SF', 'base': np.float64(815.0), 'new': 0.0}, {'col': 'Heating QC', 'base': 'Ex', 'new': 4.0}, {'col': 'Kitchen Qual', 'base': 'Ex', 'new': 4.0}, {'col': 'Fireplace Qu', 'base': 'Gd', 'new': 3.0}, {'col': 'Garage Qual', 'base': 'TA', 'new': 2.0}, {'col': 'Garage Cond', 'base': 'TA', 'new': 2.0}, {'col': 'Open Porch SF', 'base': np.int64(164), 'new': 196.8}, {'col': 'Pool QC', 'base': 'No aplica', 'new': -1.0}]",optimization/sensibilidad_remodelacion/xgb_features_pid527252050_b100000.csv,/Users/ignaciocuevasschotte/Documents/GitHub/Optimizacion-Casas-Ames-Iowa-Capstone-/models/xgb/datos_nuevos_reexport/model_xgb.joblib
527210060,StoneBr,p75,582492.4762713172,20000.0,,OPTIMAL,589567.75,594973.0214206175,6923.620000000002,-1518.348579382524,13076.379999999997,0.34618100000000007,0.0,-1518.348579382524,"[{'col': 'Utilities', 'base': 'AllPub', 'new': 3}, {'col': 'Exter Qual', 'base': 'Gd', 'new': 3.0}, {'col': 'Exter Cond', 'base': 'TA', 'new': 2.0}, {'col': 'Bsmt Cond', 'base': 'TA', 'new': 2.0}, {'col': 'Heating QC', 'base': 'Ex', 'new': 4.0}, {'col': 'Kitchen Qual', 'base': 'Gd', 'new': 3.0}, {'col': 'Fireplace Qu', 'base': 'Gd', 'new': 3.0}, {'col': 'Garage Qual', 'base': 'TA', 'new': 2.0}, {'col': 'Garage Cond', 'base': 'TA', 'new': 2.0}, {'col': 'Pool QC', 'base': 'No aplica', 'new': -1.0}]",optimization/sensibilidad_remodelacion/xgb_features_pid527210060_b20000.csv,/Users/ignaciocuevasschotte/Documents/GitHub/Optimizacion-Casas-Ames-Iowa-Capstone-/models/xgb/datos_nuevos_reexport/model_xgb.joblib
527210060,StoneBr,p75,582492.4762713172,50000.0,,OPTIMAL,589567.75,655488.2312473577,42261.81,23658.671247357735,7738.190000000002,0.8452362,0.0,23658.671247357735,"[{'col': 'Utilities', 'base': 'AllPub', 'new': 3}, {'col': 'Exter Qual', 'base': 'Gd', 'new': 3.0}, {'col': 'Exter Cond', 'base': 'TA', 'new': 2.0}, {'col': 'Bsmt Cond', 'base': 'TA', 'new': 2.0}, {'col': 'Heating QC', 'base': 'Ex', 'new': 4.0}, {'col': '1st Flr SF', 'base': np.int64(1922), 'new': 1997.0}, {'col': 'Gr Liv Area', 'base': np.int64(1922), 'new': 1997.0}, {'col': 'Kitchen AbvGr', 'base': np.int64(1), 'new': 2.0}, {'col': 'Kitchen Qual', 'base': 'Gd', 'new': 3.0}, {'col': 'Fireplace Qu', 'base': 'Gd', 'new': 3.0}, {'col': 'Garage Qual', 'base': 'TA', 'new': 2.0}, {'col': 'Garage Cond', 'base': 'TA', 'new': 2.0}, {'col': 'Pool QC', 'base': 'No aplica', 'new': -1.0}]",optimization/sensibilidad_remodelacion/xgb_features_pid527210060_b50000.csv,/Users/ignaciocuevasschotte/Documents/GitHub/Optimizacion-Casas-Ames-Iowa-Capstone-/models/xgb/datos_nuevos_reexport/model_xgb.joblib
527210060,StoneBr,p75,582492.4762713172,100000.0,,OPTIMAL,589567.75,703921.5245581164,70261.86786702351,44091.906691093,29738.13213297649,0.7026186786702351,0.0,44091.906691093,"[{'col': 'Utilities', 'base': 'AllPub', 'new': 3}, {'col': 'Exter Qual', 'base': 'Gd', 'new': 3.0}, {'col': 'Exter Cond', 'base': 'TA', 'new': 2.0}, {'col': 'Bsmt Cond', 'base': 'TA', 'new': 2.0}, {'col': 'Heating QC', 'base': 'Ex', 'new': 4.0}, {'col': '1st Flr SF', 'base': np.int64(1922), 'new': 2036.9999666664612}, {'col': 'Gr Liv Area', 'base': np.int64(1922), 'new': 2036.9999666664612}, {'col': 'Full Bath', 'base': np.int64(2), 'new': 3.0}, {'col': 'Bedroom AbvGr', 'base': np.int64(3), 'new': 3.0000066667077787}, {'col': 'Kitchen AbvGr', 'base': np.int64(1), 'new': 1.9999933332922213}, {'col': 'Kitchen Qual', 'base': 'Gd', 'new': 3.0}, {'col': 'Fireplace Qu', 'base': 'Gd', 'new': 3.0}, {'col': 'Garage Qual', 'base': 'TA', 'new': 2.0}, {'col': 'Garage Cond', 'base': 'TA', 'new': 2.0}, {'col': 'Pool QC', 'base': 'No aplica', 'new': -1.0}]",optimization/sensibilidad_remodelacion/xgb_features_pid527210060_b100000.csv,/Users/ignaciocuevasschotte/Documents/GitHub/Optimizacion-Casas-Ames-Iowa-Capstone-/models/xgb/datos_nuevos_reexport/model_xgb.joblib
909256060,SWISU,p25,170960.81838200454,20000.0,,OPTIMAL,191655.640625,200798.24903910674,10872.93,-1730.3215858932526,9127.07,0.5436465,0.0,-1730.3215858932526,"[{'col': 'Utilities', 'base': 'AllPub', 'new': 3}, {'col': 'Exter Qual', 'base': 'TA', 'new': 3.0}, {'col': 'Exter Cond', 'base': 'TA', 'new': 2.0}, {'col': 'Bsmt Cond', 'base': 'TA', 'new': 2.0}, {'col': 'Heating QC', 'base': 'Ex', 'new': 4.0}, {'col': 'Kitchen Qual', 'base': 'TA', 'new': 2.0}, {'col': 'Fireplace Qu', 'base': 'No aplica', 'new': -1.0}, {'col': 'Garage Qual', 'base': 'TA', 'new': 2.0}, {'col': 'Garage Cond', 'base': 'TA', 'new': 2.0}, {'col': 'Pool QC', 'base': 'No aplica', 'new': -1.0}]",optimization/sensibilidad_remodelacion/xgb_features_pid909256060_b20000.csv,/Users/ignaciocuevasschotte/Documents/GitHub/Optimizacion-Casas-Ames-Iowa-Capstone-/models/xgb/datos_nuevos_reexport/model_xgb.joblib
909256060,SWISU,p25,170960.81838200454,50000.0,,OPTIMAL,191655.640625,203813.70388536007,10872.929999999993,1285.133260360075,39127.07000000001,0.21745859999999986,0.0,1285.133260360075,"[{'col': 'Utilities', 'base': 'AllPub', 'new': 3}, {'col': 'Exter Qual', 'base': 'TA', 'new': 3.0}, {'col': 'Exter Cond', 'base': 'TA', 'new': 2.0}, {'col': 'Bsmt Cond', 'base': 'TA', 'new': 2.0}, {'col': 'Heating QC', 'base': 'Ex', 'new': 4.0}, {'col': 'Kitchen Qual', 'base': 'TA', 'new': 2.0}, {'col': 'Fireplace Qu', 'base': 'No aplica', 'new': -1.0}, {'col': 'Garage Qual', 'base': 'TA', 'new': 2.0}, {'col': 'Garage Cond', 'base': 'TA', 'new': 2.0}, {'col': 'Pool QC', 'base': 'No aplica', 'new': -1.0}]",optimization/sensibilidad_remodelacion/xgb_features_pid909256060_b50000.csv,/Users/ignaciocuevasschotte/Documents/GitHub/Optimizacion-Casas-Ames-Iowa-Capstone-/models/xgb/datos_nuevos_reexport/model_xgb.joblib
909256060,SWISU,p25,170960.81838200454,100000.0,,OPTIMAL,191655.640625,203946.6882908452,10872.929999999993,1418.1176658452023,89127.07,0.10872929999999993,0.0,1418.1176658452023,"[{'col': 'Utilities', 'base': 'AllPub', 'new': 3}, {'col': 'Exter Qual', 'base': 'TA', 'new': 3.0}, {'col': 'Exter Cond', 'base': 'TA', 'new': 2.0}, {'col': 'Bsmt Cond', 'base': 'TA', 'new': 2.0}, {'col': 'Heating QC', 'base': 'Ex', 'new': 4.0}, {'col': 'Kitchen Qual', 'base': 'TA', 'new': 2.0}, {'col': 'Fireplace Qu', 'base': 'No aplica', 'new': -1.0}, {'col': 'Garage Qual', 'base': 'TA', 'new': 2.0}, {'col': 'Garage Cond', 'base': 'TA', 'new': 2.0}, {'col': 'Pool QC', 'base': 'No aplica', 'new': -1.0}]",optimization/sensibilidad_remodelacion/xgb_features_pid909256060_b100000.csv,/Users/ignaciocuevasschotte/Documents/GitHub/Optimizacion-Casas-Ames-Iowa-Capstone-/models/xgb/datos_nuevos_reexport/model_xgb.joblib
909251170,SWISU,p50,204991.49441894065,20000.0,,OPTIMAL,227044.515625,234918.3127504433,10872.93,-2999.1328745567007,9127.07,0.5436465,0.0,-2999.1328745567007,"[{'col': 'Utilities', 'base': 'AllPub', 'new': 3}, {'col': 'Exter Qual', 'base': 'TA', 'new': 3.0}, {'col': 'Exter Cond', 'base': 'TA', 'new': 2.0}, {'col': 'Bsmt Cond', 'base': 'TA', 'new': 2.0}, {'col': 'Heating QC', 'base': 'Ex', 'new': 4.0}, {'col': 'Kitchen Qual', 'base': 'Gd', 'new': 3.0}, {'col': 'Fireplace Qu', 'base': 'Gd', 'new': 3.0}, {'col': 'Garage Qual', 'base': 'Fa', 'new': 1.0}, {'col': 'Garage Cond', 'base': 'TA', 'new': 2.0}, {'col': 'Pool QC', 'base': 'No aplica', 'new': -1.0}]",optimization/sensibilidad_remodelacion/xgb_features_pid909251170_b20000.csv,/Users/ignaciocuevasschotte/Documents/GitHub/Optimizacion-Casas-Ames-Iowa-Capstone-/models/xgb/datos_nuevos_reexport/model_xgb.joblib
909251170,SWISU,p50,204991.49441894065,50000.0,,OPTIMAL,227044.515625,235088.33425128393,10872.929999999998,-2829.111373716063,39127.07,0.21745859999999997,0.0,-2829.111373716063,"[{'col': 'Utilities', 'base': 'AllPub', 'new': 3}, {'col': 'Exter Qual', 'base': 'TA', 'new': 3.0}, {'col': 'Exter Cond', 'base': 'TA', 'new': 2.0}, {'col': 'Bsmt Cond', 'base': 'TA', 'new': 2.0}, {'col': 'Heating QC', 'base': 'Ex', 'new': 4.0}, {'col': 'Kitchen Qual', 'base': 'Gd', 'new': 3.0}, {'col': 'Fireplace Qu', 'base': 'Gd', 'new': 3.0}, {'col': 'Garage Qual', 'base': 'Fa', 'new': 1.0}, {'col': 'Garage Cond', 'base': 'TA', 'new': 2.0}, {'col': 'Pool QC', 'base': 'No aplica', 'new': -1.0}]",optimization/sensibilidad_remodelacion/xgb_features_pid909251170_b50000.csv,/Users/ignaciocuevasschotte/Documents/GitHub/Optimizacion-Casas-Ames-Iowa-Capstone-/models/xgb/datos_nuevos_reexport/model_xgb.joblib
909251170,SWISU,p50,204991.49441894065,100000.0,,OPTIMAL,227044.515625,235442.23494729976,10872.93,-2475.2106777002336,89127.07,0.1087293,0.0,-2475.2106777002336,"[{'col': 'Utilities', 'base': 'AllPub', 'new': 3}, {'col': 'Exter Qual', 'base': 'TA', 'new': 3.0}, {'col': 'Exter Cond', 'base': 'TA', 'new': 2.0}, {'col': 'Bsmt Cond', 'base': 'TA', 'new': 2.0}, {'col': 'Heating QC', 'base': 'Ex', 'new': 4.0}, {'col': 'Kitchen Qual', 'base': 'Gd', 'new': 3.0}, {'col': 'Fireplace Qu', 'base': 'Gd', 'new': 3.0}, {'col': 'Garage Qual', 'base': 'Fa', 'new': 1.0}, {'col': 'Garage Cond', 'base': 'TA', 'new': 2.0}, {'col': 'Pool QC', 'base': 'No aplica', 'new': -1.0}]",optimization/sensibilidad_remodelacion/xgb_features_pid909251170_b100000.csv,/Users/ignaciocuevasschotte/Documents/GitHub/Optimizacion-Casas-Ames-Iowa-Capstone-/models/xgb/datos_nuevos_reexport/model_xgb.joblib
909129100,SWISU,p75,237778.20240952625,20000.0,,OPTIMAL,180908.640625,192802.02352535623,10872.93,1020.4529003562347,9127.07,0.5436465,0.0,1020.4529003562347,"[{'col': 'Utilities', 'base': 'AllPub', 'new': 3}, {'col': 'Exter Qual', 'base': 'TA', 'new': 3.0}, {'col': 'Exter Cond', 'base': 'TA', 'new': 2.0}, {'col': 'Bsmt Cond', 'base': 'TA', 'new': 2.0}, {'col': 'Heating QC', 'base': 'Ex', 'new': 4.0}, {'col': 'Kitchen Qual', 'base': 'TA', 'new': 2.0}, {'col': 'Fireplace Qu', 'base': 'No aplica', 'new': -1.0}, {'col': 'Garage Qual', 'base': 'TA', 'new': 2.0}, {'col': 'Garage Cond', 'base': 'TA', 'new': 2.0}, {'col': 'Pool QC', 'base': 'No aplica', 'new': -1.0}]",optimization/sensibilidad_remodelacion/xgb_features_pid909129100_b20000.csv,/Users/ignaciocuevasschotte/Documents/GitHub/Optimizacion-Casas-Ames-Iowa-Capstone-/models/xgb/datos_nuevos_reexport/model_xgb.joblib
909129100,SWISU,p75,237778.20240952625,50000.0,,OPTIMAL,180908.640625,193869.88593084473,10872.930000000004,2088.315305844735,39127.06999999999,0.21745860000000009,0.0,2088.315305844735,"[{'col': 'Utilities', 'base': 'AllPub', 'new': 3}, {'col': 'Exter Qual', 'base': 'TA', 'new': 3.0}, {'col': 'Exter Cond', 'base': 'TA', 'new': 2.0}, {'col': 'Bsmt Cond', 'base': 'TA', 'new': 2.0}, {'col': 'Heating QC', 'base': 'Ex', 'new': 4.0}, {'col': 'Kitchen Qual', 'base': 'TA', 'new': 2.0}, {'col': 'Fireplace Qu', 'base': 'No aplica', 'new': -1.0}, {'col': 'Garage Qual', 'base': 'TA', 'new': 2.0}, {'col': 'Garage Cond', 'base': 'TA', 'new': 2.0}, {'col': 'Pool QC', 'base': 'No aplica', 'new': -1.0}]",optimization/sensibilidad_remodelacion/xgb_features_pid909129100_b50000.csv,/Users/ignaciocuevasschotte/Documents/GitHub/Optimizacion-Casas-Ames-Iowa-Capstone-/models/xgb/datos_nuevos_reexport/model_xgb.joblib
909129100,SWISU,p75,237778.20240952625,100000.0,,OPTIMAL,180908.640625,194046.2674563869,10872.930000000004,2264.6968313869147,89127.06999999999,0.10872930000000004,0.0,2264.6968313869147,"[{'col': 'Utilities', 'base': 'AllPub', 'new': 3}, {'col': 'Exter Qual', 'base': 'TA', 'new': 3.0}, {'col': 'Exter Cond', 'base': 'TA', 'new': 2.0}, {'col': 'Bsmt Cond', 'base': 'TA', 'new': 2.0}, {'col': 'Heating QC', 'base': 'Ex', 'new': 4.0}, {'col': 'Kitchen Qual', 'base': 'TA', 'new': 2.0}, {'col': 'Fireplace Qu', 'base': 'No aplica', 'new': -1.0}, {'col': 'Garage Qual', 'base': 'TA', 'new': 2.0}, {'col': 'Garage Cond', 'base': 'TA', 'new': 2.0}, {'col': 'Pool QC', 'base': 'No aplica', 'new': -1.0}]",optimization/sensibilidad_remodelacion/xgb_features_pid909129100_b100000.csv,/Users/ignaciocuevasschotte/Documents/GitHub/Optimizacion-Casas-Ames-Iowa-Capstone-/models/xgb/datos_nuevos_reexport/model_xgb.joblib
905351089,ClearCr,p25,257184.5354790155,20000.0,,OPTIMAL,260554.09375,279160.47428001004,10872.93,7733.450530010043,9127.07,0.5436465,0.0,7733.450530010043,"[{'col': 'Utilities', 'base': 'AllPub', 'new': 3}, {'col': 'Exter Qual', 'base': 'TA', 'new': 3.0}, {'col': 'Exter Cond', 'base': 'TA', 'new': 2.0}, {'col': 'Bsmt Cond', 'base': 'TA', 'new': 2.0}, {'col': 'Heating QC', 'base': 'Ex', 'new': 4.0}, {'col': 'Kitchen Qual', 'base': 'Gd', 'new': 3.0}, {'col': 'Fireplace Qu', 'base': 'Gd', 'new': 3.0}, {'col': 'Garage Qual', 'base': 'TA', 'new': 2.0}, {'col': 'Garage Cond', 'base': 'TA', 'new': 2.0}, {'col': 'Pool QC', 'base': 'No aplica', 'new': -1.0}]",optimization/sensibilidad_remodelacion/xgb_features_pid905351089_b20000.csv,/Users/ignaciocuevasschotte/Documents/GitHub/Optimizacion-Casas-Ames-Iowa-Capstone-/models/xgb/datos_nuevos_reexport/model_xgb.joblib
905351089,ClearCr,p25,257184.5354790155,50000.0,,OPTIMAL,260554.09375,279160.4748556186,10872.93,7733.451105618617,39127.07,0.2174586,0.0,7733.451105618617,"[{'col': 'Utilities', 'base': 'AllPub', 'new': 3}, {'col': 'Exter Qual', 'base': 'TA', 'new': 3.0}, {'col': 'Exter Cond', 'base': 'TA', 'new': 2.0}, {'col': 'Bsmt Cond', 'base': 'TA', 'new': 2.0}, {'col': 'Heating QC', 'base': 'Ex', 'new': 4.0}, {'col': 'Kitchen Qual', 'base': 'Gd', 'new': 3.0}, {'col': 'Fireplace Qu', 'base': 'Gd', 'new': 3.0}, {'col': 'Garage Qual', 'base': 'TA', 'new': 2.0}, {'col': 'Garage Cond', 'base': 'TA', 'new': 2.0}, {'col': 'Pool QC', 'base': 'No aplica', 'new': -1.0}]",optimization/sensibilidad_remodelacion/xgb_features_pid905351089_b50000.csv,/Users/ignaciocuevasschotte/Documents/GitHub/Optimizacion-Casas-Ames-Iowa-Capstone-/models/xgb/datos_nuevos_reexport/model_xgb.joblib
905351089,ClearCr,p25,257184.5354790155,100000.0,,OPTIMAL,260554.09375,279746.2150087503,10872.93,8319.191258750332,89127.07,0.1087293,0.0,8319.191258750332,"[{'col': 'Utilities', 'base': 'AllPub', 'new': 3}, {'col': 'Exter Qual', 'base': 'TA', 'new': 3.0}, {'col': 'Exter Cond', 'base': 'TA', 'new': 2.0}, {'col': 'Bsmt Cond', 'base': 'TA', 'new': 2.0}, {'col': 'Heating QC', 'base': 'Ex', 'new': 4.0}, {'col': 'Kitchen Qual', 'base': 'Gd', 'new': 3.0}, {'col': 'Fireplace Qu', 'base': 'Gd', 'new': 3.0}, {'col': 'Garage Qual', 'base': 'TA', 'new': 2.0}, {'col': 'Garage Cond', 'base': 'TA', 'new': 2.0}, {'col': 'Pool QC', 'base': 'No aplica', 'new': -1.0}]",optimization/sensibilidad_remodelacion/xgb_features_pid905351089_b100000.csv,/Users/ignaciocuevasschotte/Documents/GitHub/Optimizacion-Casas-Ames-Iowa-Capstone-/models/xgb/datos_nuevos_reexport/model_xgb.joblib
906426090,ClearCr,p50,301650.1453675865,20000.0,,OPTIMAL,287446.6875,313930.987030464,10872.929999999946,15611.369530464057,9127.070000000054,0.5436464999999973,0.0,15611.369530464057,"[{'col': 'Utilities', 'base': 'AllPub', 'new': 3}, {'col': 'Exter Qual', 'base': 'TA', 'new': 3.0}, {'col': 'Exter Cond', 'base': 'Gd', 'new': 3.0}, {'col': 'Bsmt Cond', 'base': 'TA', 'new': 2.0}, {'col': 'Heating QC', 'base': 'Fa', 'new': 1.0}, {'col': 'Kitchen Qual', 'base': 'TA', 'new': 2.0}, {'col': 'Fireplace Qu', 'base': 'No aplica', 'new': -1.0}, {'col': 'Garage Qual', 'base': 'TA', 'new': 2.0}, {'col': 'Garage Cond', 'base': 'TA', 'new': 2.0}, {'col': 'Pool QC', 'base': 'No aplica', 'new': -1.0}]",optimization/sensibilidad_remodelacion/xgb_features_pid906426090_b20000.csv,/Users/ignaciocuevasschotte/Documents/GitHub/Optimizacion-Casas-Ames-Iowa-Capstone-/models/xgb/datos_nuevos_reexport/model_xgb.joblib
906426090,ClearCr,p50,301650.1453675865,50000.0,,OPTIMAL,287446.6875,315059.5949515527,10872.929999999997,16739.977451552695,39127.07000000001,0.21745859999999995,0.0,16739.977451552695,"[{'col': 'Utilities', 'base': 'AllPub', 'new': 3}, {'col': 'Exter Qual', 'base': 'TA', 'new': 3.0}, {'col': 'Exter Cond', 'base': 'Gd', 'new': 3.0}, {'col': 'Bsmt Cond', 'base': 'TA', 'new': 2.0}, {'col': 'Heating QC', 'base': 'Fa', 'new': 1.0}, {'col': 'Kitchen Qual', 'base': 'TA', 'new': 2.0}, {'col': 'Fireplace Qu', 'base': 'No aplica', 'new': -1.0}, {'col': 'Garage Qual', 'base': 'TA', 'new': 2.0}, {'col': 'Garage Cond', 'base': 'TA', 'new': 2.0}, {'col': 'Pool QC', 'base': 'No aplica', 'new': -1.0}]",optimization/sensibilidad_remodelacion/xgb_features_pid906426090_b50000.csv,/Users/ignaciocuevasschotte/Documents/GitHub/Optimizacion-Casas-Ames-Iowa-Capstone-/models/xgb/datos_nuevos_reexport/model_xgb.joblib
906426090,ClearCr,p50,301650.1453675865,100000.0,,OPTIMAL,287446.6875,315263.2677575004,10872.929999999997,16943.650257500412,89127.07,0.10872929999999997,0.0,16943.650257500412,"[{'col': 'Utilities', 'base': 'AllPub', 'new': 3}, {'col': 'Exter Qual', 'base': 'TA', 'new': 3.0}, {'col': 'Exter Cond', 'base': 'Gd', 'new': 3.0}, {'col': 'Bsmt Cond', 'base': 'TA', 'new': 2.0}, {'col': 'Heating QC', 'base': 'Fa', 'new': 1.0}, {'col': 'Kitchen Qual', 'base': 'TA', 'new': 2.0}, {'col': 'Fireplace Qu', 'base': 'No aplica', 'new': -1.0}, {'col': 'Garage Qual', 'base': 'TA', 'new': 2.0}, {'col': 'Garage Cond', 'base': 'TA', 'new': 2.0}, {'col': 'Pool QC', 'base': 'No aplica', 'new': -1.0}]",optimization/sensibilidad_remodelacion/xgb_features_pid906426090_b100000.csv,/Users/ignaciocuevasschotte/Documents/GitHub/Optimizacion-Casas-Ames-Iowa-Capstone-/models/xgb/datos_nuevos_reexport/model_xgb.joblib
905352070,ClearCr,p75,364220.8739442705,20000.0,,OPTIMAL,338186.15625,365900.63877163274,10872.93,16841.55252163275,9127.07,0.5436465,0.0,16841.55252163275,"[{'col': 'Utilities', 'base': 'AllPub', 'new': 3}, {'col': 'Exter Qual', 'base': 'TA', 'new': 3.0}, {'col': 'Exter Cond', 'base': 'TA', 'new': 2.0}, {'col': 'Bsmt Cond', 'base': 'TA', 'new': 2.0}, {'col': 'Heating QC', 'base': 'TA', 'new': 2.0}, {'col': 'Kitchen Qual', 'base': 'TA', 'new': 2.0}, {'col': 'Fireplace Qu', 'base': 'Gd', 'new': 3.0}, {'col': 'Garage Qual', 'base': 'TA', 'new': 2.0}, {'col': 'Garage Cond', 'base': 'TA', 'new': 2.0}, {'col': 'Pool QC', 'base': 'No aplica', 'new': -1.0}]",optimization/sensibilidad_remodelacion/xgb_features_pid905352070_b20000.csv,/Users/ignaciocuevasschotte/Documents/GitHub/Optimizacion-Casas-Ames-Iowa-Capstone-/models/xgb/datos_nuevos_reexport/model_xgb.joblib
905352070,ClearCr,p75,364220.8739442705,50000.0,,OPTIMAL,338186.15625,391507.02301396936,29411.12,23909.746763969364,20588.88,0.5882224,0.0,23909.746763969364,"[{'col': 'Utilities', 'base': 'AllPub', 'new': 3}, {'col': 'Exter Qual', 'base': 'TA', 'new': 3.0}, {'col': 'Exter Cond', 'base': 'TA', 'new': 2.0}, {'col': 'Bsmt Cond', 'base': 'TA', 'new': 2.0}, {'col': 'Heating QC', 'base': 'TA', 'new': 2.0}, {'col': 'Kitchen Qual', 'base': 'TA', 'new': 2.0}, {'col': 'Fireplace Qu', 'base': 'Gd', 'new': 3.0}, {'col': 'Garage Qual', 'base': 'TA', 'new': 2.0}, {'col': 'Garage Cond', 'base': 'TA', 'new': 2.0}, {'col': 'Pool QC', 'base': 'No aplica', 'new': -1.0}]",optimization/sensibilidad_remodelacion/xgb_features_pid905352070_b50000.csv,/Users/ignaciocuevasschotte/Documents/GitHub/Optimizacion-Casas-Ames-Iowa-Capstone-/models/xgb/datos_nuevos_reexport/model_xgb.joblib
905352070,ClearCr,p75,364220.8739442705,100000.0,,OPTIMAL,338186.15625,392105.27647365985,29411.119999999995,24508.000223659852,70588.88,0.29411119999999996,0.0,24508.000223659852,"[{'col': 'Utilities', 'base': 'AllPub', 'new': 3}, {'col': 'Exter Qual', 'base': 'TA', 'new': 3.0}, {'col': 'Exter Cond', 'base': 'TA', 'new': 2.0}, {'col': 'Bsmt Cond', 'base': 'TA', 'new': 2.0}, {'col': 'Heating QC', 'base': 'TA', 'new': 2.0}, {'col': 'Kitchen Qual', 'base': 'TA', 'new': 2.0}, {'col': 'Fireplace Qu', 'base': 'Gd', 'new': 3.0}, {'col': 'Garage Qual', 'base': 'TA', 'new': 2.0}, {'col': 'Garage Cond', 'base': 'TA', 'new': 2.0}, {'col': 'Pool QC', 'base': 'No aplica', 'new': -1.0}]",optimization/sensibilidad_remodelacion/xgb_features_pid905352070_b100000.csv,/Users/ignaciocuevasschotte/Documents/GitHub/Optimizacion-Casas-Ames-Iowa-Capstone-/models/xgb/datos_nuevos_reexport/model_xgb.joblib
923225440,MeadowV,p25,124770.64220183488,20000.0,,OPTIMAL,129965.3828125,142687.114151336,10872.93,1848.8013388359977,9127.07,0.5436465,0.0,1848.8013388359977,"[{'col': 'Utilities', 'base': 'AllPub', 'new': 3}, {'col': 'Exter Qual', 'base': 'TA', 'new': 3.0}, {'col': 'Exter Cond', 'base': 'TA', 'new': 2.0}, {'col': 'Bsmt Cond', 'base': 'TA', 'new': 2.0}, {'col': 'Heating QC', 'base': 'TA', 'new': 2.0}, {'col': 'Kitchen Qual', 'base': 'TA', 'new': 2.0}, {'col': 'Fireplace Qu', 'base': 'No aplica', 'new': -1.0}, {'col': 'Garage Qual', 'base': 'TA', 'new': 2.0}, {'col': 'Garage Cond', 'base': 'TA', 'new': 2.0}, {'col': 'Pool QC', 'base': 'No aplica', 'new': -1.0}]",optimization/sensibilidad_remodelacion/xgb_features_pid923225440_b20000.csv,/Users/ignaciocuevasschotte/Documents/GitHub/Optimizacion-Casas-Ames-Iowa-Capstone-/models/xgb/datos_nuevos_reexport/model_xgb.joblib
923225440,MeadowV,p25,124770.64220183488,50000.0,,OPTIMAL,129965.3828125,142252.15912776734,10872.929999999995,1413.8463152673503,39127.07000000001,0.2174585999999999,0.0,1413.8463152673503,"[{'col': 'Utilities', 'base': 'AllPub', 'new': 3}, {'col': 'Exter Qual', 'base': 'TA', 'new': 3.0}, {'col': 'Exter Cond', 'base': 'TA', 'new': 2.0}, {'col': 'Bsmt Cond', 'base': 'TA', 'new': 2.0}, {'col': 'Heating QC', 'base': 'TA', 'new': 2.0}, {'col': 'Kitchen Qual', 'base': 'TA', 'new': 2.0}, {'col': 'Fireplace Qu', 'base': 'No aplica', 'new': -1.0}, {'col': 'Garage Qual', 'base': 'TA', 'new': 2.0}, {'col': 'Garage Cond', 'base': 'TA', 'new': 2.0}, {'col': 'Pool QC', 'base': 'No aplica', 'new': -1.0}]",optimization/sensibilidad_remodelacion/xgb_features_pid923225440_b50000.csv,/Users/ignaciocuevasschotte/Documents/GitHub/Optimizacion-Casas-Ames-Iowa-Capstone-/models/xgb/datos_nuevos_reexport/model_xgb.joblib
923225440,MeadowV,p25,124770.64220183488,100000.0,,OPTIMAL,129965.3828125,143924.4187363154,10872.93,3086.1059238153975,89127.07,0.1087293,0.0,3086.1059238153975,"[{'col': 'Utilities', 'base': 'AllPub', 'new': 3}, {'col': 'Exter Qual', 'base': 'TA', 'new': 3.0}, {'col': 'Exter Cond', 'base': 'TA', 'new': 2.0}, {'col': 'Bsmt Cond', 'base': 'TA', 'new': 2.0}, {'col': 'Heating QC', 'base': 'TA', 'new': 2.0}, {'col': 'Kitchen Qual', 'base': 'TA', 'new': 2.0}, {'col': 'Fireplace Qu', 'base': 'No aplica', 'new': -1.0}, {'col': 'Garage Qual', 'base': 'TA', 'new': 2.0}, {'col': 'Garage Cond', 'base': 'TA', 'new': 2.0}, {'col': 'Pool QC', 'base': 'No aplica', 'new': -1.0}]",optimization/sensibilidad_remodelacion/xgb_features_pid923225440_b100000.csv,/Users/ignaciocuevasschotte/Documents/GitHub/Optimizacion-Casas-Ames-Iowa-Capstone-/models/xgb/datos_nuevos_reexport/model_xgb.joblib
923225360,MeadowV,p50,135716.44956073916,20000.0,,OPTIMAL,145534.875,158873.29910694872,10872.93,2465.494106948725,9127.07,0.5436465,0.0,2465.494106948725,"[{'col': 'Utilities', 'base': 'AllPub', 'new': 3}, {'col': 'Exter Qual', 'base': 'TA', 'new': 3.0}, {'col': 'Exter Cond', 'base': 'TA', 'new': 2.0}, {'col': 'Bsmt Cond', 'base': 'TA', 'new': 2.0}, {'col': 'Heating QC', 'base': 'TA', 'new': 2.0}, {'col': 'Kitchen Qual', 'base': 'TA', 'new': 2.0}, {'col': 'Fireplace Qu', 'base': 'No aplica', 'new': -1.0}, {'col': 'Garage Qual', 'base': 'TA', 'new': 2.0}, {'col': 'Garage Cond', 'base': 'TA', 'new': 2.0}, {'col': 'Pool QC', 'base': 'No aplica', 'new': -1.0}]",optimization/sensibilidad_remodelacion/xgb_features_pid923225360_b20000.csv,/Users/ignaciocuevasschotte/Documents/GitHub/Optimizacion-Casas-Ames-Iowa-Capstone-/models/xgb/datos_nuevos_reexport/model_xgb.joblib
923225360,MeadowV,p50,135716.44956073916,50000.0,,OPTIMAL,145534.875,159450.1818136566,10872.929999999997,3042.3768136566214,39127.07000000001,0.21745859999999995,0.0,3042.3768136566214,"[{'col': 'Utilities', 'base': 'AllPub', 'new': 3}, {'col': 'Exter Qual', 'base': 'TA', 'new': 3.0}, {'col': 'Exter Cond', 'base': 'TA', 'new': 2.0}, {'col': 'Bsmt Cond', 'base': 'TA', 'new': 2.0}, {'col': 'Heating QC', 'base': 'TA', 'new': 2.0}, {'col': 'Kitchen Qual', 'base': 'TA', 'new': 2.0}, {'col': 'Fireplace Qu', 'base': 'No aplica', 'new': -1.0}, {'col': 'Garage Qual', 'base': 'TA', 'new': 2.0}, {'col': 'Garage Cond', 'base': 'TA', 'new': 2.0}, {'col': 'Pool QC', 'base': 'No aplica', 'new': -1.0}]",optimization/sensibilidad_remodelacion/xgb_features_pid923225360_b50000.csv,/Users/ignaciocuevasschotte/Documents/GitHub/Optimizacion-Casas-Ames-Iowa-Capstone-/models/xgb/datos_nuevos_reexport/model_xgb.joblib
923225360,MeadowV,p50,135716.44956073916,100000.0,,OPTIMAL,145534.875,159234.9353764099,10872.93,2827.130376409914,89127.07,0.1087293,0.0,2827.130376409914,"[{'col': 'Utilities', 'base': 'AllPub', 'new': 3}, {'col': 'Exter Qual', 'base': 'TA', 'new': 3.0}, {'col': 'Exter Cond', 'base': 'TA', 'new': 2.0}, {'col': 'Bsmt Cond', 'base': 'TA', 'new': 2.0}, {'col': 'Heating QC', 'base': 'TA', 'new': 2.0}, {'col': 'Kitchen Qual', 'base': 'TA', 'new': 2.0}, {'col': 'Fireplace Qu', 'base': 'No aplica', 'new': -1.0}, {'col': 'Garage Qual', 'base': 'TA', 'new': 2.0}, {'col': 'Garage Cond', 'base': 'TA', 'new': 2.0}, {'col': 'Pool QC', 'base': 'No aplica', 'new': -1.0}]",optimization/sensibilidad_remodelacion/xgb_features_pid923225360_b100000.csv,/Users/ignaciocuevasschotte/Documents/GitHub/Optimizacion-Casas-Ames-Iowa-Capstone-/models/xgb/datos_nuevos_reexport/model_xgb.joblib
923228200,MeadowV,p75,164364.53430048615,20000.0,,OPTIMAL,150182.75,163254.02962009062,10872.93,2198.349620090623,9127.07,0.5436465,0.0,2198.349620090623,"[{'col': 'Utilities', 'base': 'AllPub', 'new': 3}, {'col': 'Exter Qual', 'base': 'TA', 'new': 3.0}, {'col': 'Exter Cond', 'base': 'TA', 'new': 2.0}, {'col': 'Bsmt Cond', 'base': 'TA', 'new': 2.0}, {'col': 'Heating QC', 'base': 'TA', 'new': 2.0}, {'col': 'Kitchen Qual', 'base': 'TA', 'new': 2.0}, {'col': 'Fireplace Qu', 'base': 'No aplica', 'new': -1.0}, {'col': 'Garage Qual', 'base': 'TA', 'new': 2.0}, {'col': 'Garage Cond', 'base': 'TA', 'new': 2.0}, {'col': 'Pool QC', 'base': 'No aplica', 'new': -1.0}]",optimization/sensibilidad_remodelacion/xgb_features_pid923228200_b20000.csv,/Users/ignaciocuevasschotte/Documents/GitHub/Optimizacion-Casas-Ames-Iowa-Capstone-/models/xgb/datos_nuevos_reexport/model_xgb.joblib
923228200,MeadowV,p75,164364.53430048615,50000.0,,OPTIMAL,150182.75,163845.51576418302,10872.93,2789.8357641830225,39127.07,0.2174586,0.0,2789.8357641830225,"[{'col': 'Utilities', 'base': 'AllPub', 'new': 3}, {'col': 'Exter Qual', 'base': 'TA', 'new': 3.0}, {'col': 'Exter Cond', 'base': 'TA', 'new': 2.0}, {'col': 'Bsmt Cond', 'base': 'TA', 'new': 2.0}, {'col': 'Heating QC', 'base': 'TA', 'new': 2.0}, {'col': 'Kitchen Qual', 'base': 'TA', 'new': 2.0}, {'col': 'Fireplace Qu', 'base': 'No aplica', 'new': -1.0}, {'col': 'Garage Qual', 'base': 'TA', 'new': 2.0}, {'col': 'Garage Cond', 'base': 'TA', 'new': 2.0}, {'col': 'Pool QC', 'base': 'No aplica', 'new': -1.0}]",optimization/sensibilidad_remodelacion/xgb_features_pid923228200_b50000.csv,/Users/ignaciocuevasschotte/Documents/GitHub/Optimizacion-Casas-Ames-Iowa-Capstone-/models/xgb/datos_nuevos_reexport/model_xgb.joblib
923228200,MeadowV,p75,164364.53430048615,100000.0,,OPTIMAL,150182.75,163951.845200734,10872.930000000004,2896.1652007340163,89127.06999999999,0.10872930000000004,0.0,2896.1652007340163,"[{'col': 'Utilities', 'base': 'AllPub', 'new': 3}, {'col': 'Exter Qual', 'base': 'TA', 'new': 3.0}, {'col': 'Exter Cond', 'base': 'TA', 'new': 2.0}, {'col': 'Bsmt Cond', 'base': 'TA', 'new': 2.0}, {'col': 'Heating QC', 'base': 'TA', 'new': 2.0}, {'col': 'Kitchen Qual', 'base': 'TA', 'new': 2.0}, {'col': 'Fireplace Qu', 'base': 'No aplica', 'new': -1.0}, {'col': 'Garage Qual', 'base': 'TA', 'new': 2.0}, {'col': 'Garage Cond', 'base': 'TA', 'new': 2.0}, {'col': 'Pool QC', 'base': 'No aplica', 'new': -1.0}]",optimization/sensibilidad_remodelacion/xgb_features_pid923228200_b100000.csv,/Users/ignaciocuevasschotte/Documents/GitHub/Optimizacion-Casas-Ames-Iowa-Capstone-/models/xgb/datos_nuevos_reexport/model_xgb.joblib
527451200,BrDale,p25,145268.3594796535,20000.0,,OPTIMAL,152802.59375,163058.1259967965,10872.93,-617.3977532034914,9127.07,0.5436465,0.0,-617.3977532034914,"[{'col': 'Utilities', 'base': 'AllPub', 'new': 3}, {'col': 'Exter Qual', 'base': 'TA', 'new': 3.0}, {'col': 'Exter Cond', 'base': 'TA', 'new': 2.0}, {'col': 'Bsmt Cond', 'base': 'TA', 'new': 2.0}, {'col': 'Heating QC', 'base': 'TA', 'new': 2.0}, {'col': 'Kitchen Qual', 'base': 'TA', 'new': 2.0}, {'col': 'Fireplace Qu', 'base': 'No aplica', 'new': -1.0}, {'col': 'Garage Qual', 'base': 'No aplica', 'new': 1.0}, {'col': 'Garage Cond', 'base': 'No aplica', 'new': 2.0}, {'col': 'Pool QC', 'base': 'No aplica', 'new': -1.0}]",optimization/sensibilidad_remodelacion/xgb_features_pid527451200_b20000.csv,/Users/ignaciocuevasschotte/Documents/GitHub/Optimizacion-Casas-Ames-Iowa-Capstone-/models/xgb/datos_nuevos_reexport/model_xgb.joblib
527451200,BrDale,p25,145268.3594796535,50000.0,,OPTIMAL,152802.59375,164610.1275205878,10872.93,934.603770587797,39127.07,0.2174586,0.0,934.603770587797,"[{'col': 'Utilities', 'base': 'AllPub', 'new': 3}, {'col': 'Exter Qual', 'base': 'TA', 'new': 3.0}, {'col': 'Exter Cond', 'base': 'TA', 'new': 2.0}, {'col': 'Bsmt Cond', 'base': 'TA', 'new': 2.0}, {'col': 'Heating QC', 'base': 'TA', 'new': 2.0}, {'col': 'Kitchen Qual', 'base': 'TA', 'new': 2.0}, {'col': 'Fireplace Qu', 'base': 'No aplica', 'new': -1.0}, {'col': 'Garage Qual', 'base': 'No aplica', 'new': 1.0}, {'col': 'Garage Cond', 'base': 'No aplica', 'new': 2.0}, {'col': 'Pool QC', 'base': 'No aplica', 'new': -1.0}]",optimization/sensibilidad_remodelacion/xgb_features_pid527451200_b50000.csv,/Users/ignaciocuevasschotte/Documents/GitHub/Optimizacion-Casas-Ames-Iowa-Capstone-/models/xgb/datos_nuevos_reexport/model_xgb.joblib
527451200,BrDale,p25,145268.3594796535,100000.0,,OPTIMAL,152802.59375,164716.45698005584,10872.930000000004,1040.9332300558453,89127.06999999999,0.10872930000000004,0.0,1040.9332300558453,"[{'col': 'Utilities', 'base': 'AllPub', 'new': 3}, {'col': 'Exter Qual', 'base': 'TA', 'new': 3.0}, {'col': 'Exter Cond', 'base': 'TA', 'new': 2.0}, {'col': 'Bsmt Cond', 'base': 'TA', 'new': 2.0}, {'col': 'Heating QC', 'base': 'TA', 'new': 2.0}, {'col': 'Kitchen Qual', 'base': 'TA', 'new': 2.0}, {'col': 'Fireplace Qu', 'base': 'No aplica', 'new': -1.0}, {'col': 'Garage Qual', 'base': 'No aplica', 'new': 1.0}, {'col': 'Garage Cond', 'base': 'No aplica', 'new': 2.0}, {'col': 'Pool QC', 'base': 'No aplica', 'new': -1.0}]",optimization/sensibilidad_remodelacion/xgb_features_pid527451200_b100000.csv,/Users/ignaciocuevasschotte/Documents/GitHub/Optimizacion-Casas-Ames-Iowa-Capstone-/models/xgb/datos_nuevos_reexport/model_xgb.joblib
527450280,BrDale,p50,165544.24067298954,20000.0,,OPTIMAL,149633.765625,163717.07987770488,10872.93,3210.3842527048837,9127.07,0.5436465,0.0,3210.3842527048837,"[{'col': 'Utilities', 'base': 'AllPub', 'new': 3}, {'col': 'Exter Qual', 'base': 'TA', 'new': 3.0}, {'col': 'Exter Cond', 'base': 'TA', 'new': 2.0}, {'col': 'Bsmt Cond', 'base': 'TA', 'new': 2.0}, {'col': 'Heating QC', 'base': 'TA', 'new': 2.0}, {'col': 'Kitchen Qual', 'base': 'TA', 'new': 2.0}, {'col': 'Fireplace Qu', 'base': 'No aplica', 'new': -1.0}, {'col': 'Garage Qual', 'base': 'TA', 'new': 2.0}, {'col': 'Garage Cond', 'base': 'TA', 'new': 2.0}, {'col': 'Pool QC', 'base': 'No aplica', 'new': -1.0}]",optimization/sensibilidad_remodelacion/xgb_features_pid527450280_b20000.csv,/Users/ignaciocuevasschotte/Documents/GitHub/Optimizacion-Casas-Ames-Iowa-Capstone-/models/xgb/datos_nuevos_reexport/model_xgb.joblib
527450280,BrDale,p50,165544.24067298954,50000.0,,OPTIMAL,149633.765625,163981.54355244737,10872.93111999888,3474.8468074484845,39127.06888000112,0.21745862239997762,0.0,3474.8468074484845,"[{'col': 'Utilities', 'base': 'AllPub', 'new': 3}, {'col': 'Exter Qual', 'base': 'TA', 'new': 3.0}, {'col': 'Exter Cond', 'base': 'TA', 'new': 2.0}, {'col': 'Bsmt Cond', 'base': 'TA', 'new': 2.0}, {'col': 'Heating QC', 'base': 'TA', 'new': 2.0}, {'col': '1st Flr SF', 'base': np.int64(483), 'new': 483.000004999995}, {'col': 'Gr Liv Area', 'base': np.int64(987), 'new': 987.000004999995}, {'col': 'Kitchen Qual', 'base': 'TA', 'new': 2.0}, {'col': 'Fireplace Qu', 'base': 'No aplica', 'new': -1.0}, {'col': 'Garage Qual', 'base': 'TA', 'new': 2.0}, {'col': 'Garage Cond', 'base': 'TA', 'new': 2.0}, {'col': 'Pool QC', 'base': 'No aplica', 'new': -1.0}]",optimization/sensibilidad_remodelacion/xgb_features_pid527450280_b50000.csv,/Users/ignaciocuevasschotte/Documents/GitHub/Optimizacion-Casas-Ames-Iowa-Capstone-/models/xgb/datos_nuevos_reexport/model_xgb.joblib
527450280,BrDale,p50,165544.24067298954,100000.0,,OPTIMAL,149633.765625,164087.87212395293,10872.93,3581.176498952933,89127.07,0.1087293,0.0,3581.176498952933,"[{'col': 'Utilities', 'base': 'AllPub', 'new': 3}, {'col': 'Exter Qual', 'base': 'TA', 'new': 3.0}, {'col': 'Exter Cond', 'base': 'TA', 'new': 2.0}, {'col': 'Bsmt Cond', 'base': 'TA', 'new': 2.0}, {'col': 'Heating QC', 'base': 'TA', 'new': 2.0}, {'col': 'Kitchen Qual', 'base': 'TA', 'new': 2.0}, {'col': 'Fireplace Qu', 'base': 'No aplica', 'new': -1.0}, {'col': 'Garage Qual', 'base': 'TA', 'new': 2.0}, {'col': 'Garage Cond', 'base': 'TA', 'new': 2.0}, {'col': 'Pool QC', 'base': 'No aplica', 'new': -1.0}]",optimization/sensibilidad_remodelacion/xgb_features_pid527450280_b100000.csv,/Users/ignaciocuevasschotte/Documents/GitHub/Optimizacion-Casas-Ames-Iowa-Capstone-/models/xgb/datos_nuevos_reexport/model_xgb.joblib
527450220,BrDale,p75,175476.50281657535,20000.0,,OPTIMAL,173763.03125,185988.25884000122,10872.93,1352.2975900012243,9127.07,0.5436465,0.0,1352.2975900012243,"[{'col': 'Utilities', 'base': 'AllPub', 'new': 3}, {'col': 'Exter Qual', 'base': 'TA', 'new': 3.0}, {'col': 'Exter Cond', 'base': 'TA', 'new': 2.0}, {'col': 'Bsmt Cond', 'base': 'TA', 'new': 2.0}, {'col': 'Heating QC', 'base': 'Ex', 'new': 4.0}, {'col': 'Kitchen Qual', 'base': 'Ex', 'new': 4.0}, {'col': 'Fireplace Qu', 'base': 'No aplica', 'new': -1.0}, {'col': 'Garage Qual', 'base': 'TA', 'new': 2.0}, {'col': 'Garage Cond', 'base': 'TA', 'new': 2.0}, {'col': 'Pool QC', 'base': 'No aplica', 'new': -1.0}]",optimization/sensibilidad_remodelacion/xgb_features_pid527450220_b20000.csv,/Users/ignaciocuevasschotte/Documents/GitHub/Optimizacion-Casas-Ames-Iowa-Capstone-/models/xgb/datos_nuevos_reexport/model_xgb.joblib
527450220,BrDale,p75,175476.50281657535,50000.0,,OPTIMAL,173763.03125,185988.25919333517,10872.930000000004,1352.297943335172,39127.06999999999,0.21745860000000009,0.0,1352.297943335172,"[{'col': 'Utilities', 'base': 'AllPub', 'new': 3}, {'col': 'Exter Qual', 'base': 'TA', 'new': 3.0}, {'col': 'Exter Cond', 'base': 'TA', 'new': 2.0}, {'col': 'Bsmt Cond', 'base': 'TA', 'new': 2.0}, {'col': 'Heating QC', 'base': 'Ex', 'new': 4.0}, {'col': 'Kitchen Qual', 'base': 'Ex', 'new': 4.0}, {'col': 'Fireplace Qu', 'base': 'No aplica', 'new': -1.0}, {'col': 'Garage Qual', 'base': 'TA', 'new': 2.0}, {'col': 'Garage Cond', 'base': 'TA', 'new': 2.0}, {'col': 'Pool QC', 'base': 'No aplica', 'new': -1.0}]",optimization/sensibilidad_remodelacion/xgb_features_pid527450220_b50000.csv,/Users/ignaciocuevasschotte/Documents/GitHub/Optimizacion-Casas-Ames-Iowa-Capstone-/models/xgb/datos_nuevos_reexport/model_xgb.joblib
527450220,BrDale,p75,175476.50281657535,100000.0,,OPTIMAL,173763.03125,186108.7465954195,10872.930000000004,1472.7853454195138,89127.06999999999,0.10872930000000004,0.0,1472.7853454195138,"[{'col': 'Utilities', 'base': 'AllPub', 'new': 3}, {'col': 'Exter Qual', 'base': 'TA', 'new': 3.0}, {'col': 'Exter Cond', 'base': 'TA', 'new': 2.0}, {'col': 'Bsmt Cond', 'base': 'TA', 'new': 2.0}, {'col': 'Heating QC', 'base': 'Ex', 'new': 4.0}, {'col': 'Kitchen Qual', 'base': 'Ex', 'new': 4.0}, {'col': 'Fireplace Qu', 'base': 'No aplica', 'new': -1.0}, {'col': 'Garage Qual', 'base': 'TA', 'new': 2.0}, {'col': 'Garage Cond', 'base': 'TA', 'new': 2.0}, {'col': 'Pool QC', 'base': 'No aplica', 'new': -1.0}]",optimization/sensibilidad_remodelacion/xgb_features_pid527450220_b100000.csv,/Users/ignaciocuevasschotte/Documents/GitHub/Optimizacion-Casas-Ames-Iowa-Capstone-/models/xgb/datos_nuevos_reexport/model_xgb.joblib
528228270,Blmngtn,p25,266224.2456979705,20000.0,,OPTIMAL,288522.1875,303754.5126767036,14221.9,1010.4251767036039,5778.1,0.711095,0.0,1010.4251767036039,"[{'col': 'Utilities', 'base': 'AllPub', 'new': 3}, {'col': 'Exter Qual', 'base': 'Gd', 'new': 3.0}, {'col': 'Exter Cond', 'base': 'TA', 'new': 2.0}, {'col': 'Bsmt Cond', 'base': 'TA', 'new': 2.0}, {'col': 'Heating QC', 'base': 'Ex', 'new': 4.0}, {'col': 'Kitchen Qual', 'base': 'Gd', 'new': 3.0}, {'col': 'Fireplace Qu', 'base': 'Gd', 'new': 3.0}, {'col': 'Garage Area', 'base': np.float64(648.0), 'new': 712.8}, {'col': 'Garage Qual', 'base': 'TA', 'new': 2.0}, {'col': 'Garage Cond', 'base': 'TA', 'new': 2.0}, {'col': 'Wood Deck SF', 'base': np.int64(144), 'new': 158.4}, {'col': 'Pool QC', 'base': 'No aplica', 'new': -1.0}]",optimization/sensibilidad_remodelacion/xgb_features_pid528228270_b20000.csv,/Users/ignaciocuevasschotte/Documents/GitHub/Optimizacion-Casas-Ames-Iowa-Capstone-/models/xgb/datos_nuevos_reexport/model_xgb.joblib
528228270,Blmngtn,p25,266224.2456979705,50000.0,,OPTIMAL,288522.1875,303754.51349792286,14221.9,1010.4259979228373,35778.1,0.28443799999999997,0.0,1010.4259979228373,"[{'col': 'Utilities', 'base': 'AllPub', 'new': 3}, {'col': 'Exter Qual', 'base': 'Gd', 'new': 3.0}, {'col': 'Exter Cond', 'base': 'TA', 'new': 2.0}, {'col': 'Bsmt Cond', 'base': 'TA', 'new': 2.0}, {'col': 'Heating QC', 'base': 'Ex', 'new': 4.0}, {'col': 'Kitchen Qual', 'base': 'Gd', 'new': 3.0}, {'col': 'Fireplace Qu', 'base': 'Gd', 'new': 3.0}, {'col': 'Garage Area', 'base': np.float64(648.0), 'new': 712.8}, {'col': 'Garage Qual', 'base': 'TA', 'new': 2.0}, {'col': 'Garage Cond', 'base': 'TA', 'new': 2.0}, {'col': 'Wood Deck SF', 'base': np.int64(144), 'new': 158.4}, {'col': 'Pool QC', 'base': 'No aplica', 'new': -1.0}]",optimization/sensibilidad_remodelacion/xgb_features_pid528228270_b50000.csv,/Users/ignaciocuevasschotte/Documents/GitHub/Optimizacion-Casas-Ames-Iowa-Capstone-/models/xgb/datos_nuevos_reexport/model_xgb.joblib
528228270,Blmngtn,p25,266224.2456979705,100000.0,,OPTIMAL,288522.1875,306006.8476378627,14221.9,3262.7601378627005,85778.1,0.14221899999999998,0.0,3262.7601378627005,"[{'col': 'Utilities', 'base': 'AllPub', 'new': 3}, {'col': 'Exter Qual', 'base': 'Gd', 'new': 3.0}, {'col': 'Exter Cond', 'base': 'TA', 'new': 2.0}, {'col': 'Bsmt Cond', 'base': 'TA', 'new': 2.0}, {'col': 'Heating QC', 'base': 'Ex', 'new': 4.0}, {'col': 'Kitchen Qual', 'base': 'Gd', 'new': 3.0}, {'col': 'Fireplace Qu', 'base': 'Gd', 'new': 3.0}, {'col': 'Garage Area', 'base': np.float64(648.0), 'new': 712.8}, {'col': 'Garage Qual', 'base': 'TA', 'new': 2.0}, {'col': 'Garage Cond', 'base': 'TA', 'new': 2.0}, {'col': 'Wood Deck SF', 'base': np.int64(144), 'new': 158.4}, {'col': 'Pool QC', 'base': 'No aplica', 'new': -1.0}]",optimization/sensibilidad_remodelacion/xgb_features_pid528228270_b100000.csv,/Users/ignaciocuevasschotte/Documents/GitHub/Optimizacion-Casas-Ames-Iowa-Capstone-/models/xgb/datos_nuevos_reexport/model_xgb.joblib
528228445,Blmngtn,p50,283943.62009532924,20000.0,,OPTIMAL,289724.375,297226.9589498803,7098.62,403.9639498803299,12901.380000000001,0.354931,0.0,403.9639498803299,"[{'col': 'Utilities', 'base': 'AllPub', 'new': 3}, {'col': 'Exter Qual', 'base': 'Gd', 'new': 3.0}, {'col': 'Exter Cond', 'base': 'TA', 'new': 2.0}, {'col': 'Bsmt Cond', 'base': 'Gd', 'new': 3.0}, {'col': 'Heating QC', 'base': 'Ex', 'new': 4.0}, {'col': 'Kitchen Qual', 'base': 'Gd', 'new': 3.0}, {'col': 'Fireplace Qu', 'base': 'Gd', 'new': 3.0}, {'col': 'Garage Qual', 'base': 'TA', 'new': 2.0}, {'col': 'Garage Cond', 'base': 'TA', 'new': 2.0}, {'col': 'Pool QC', 'base': 'No aplica', 'new': -1.0}]",optimization/sensibilidad_remodelacion/xgb_features_pid528228445_b20000.csv,/Users/ignaciocuevasschotte/Documents/GitHub/Optimizacion-Casas-Ames-Iowa-Capstone-/models/xgb/datos_nuevos_reexport/model_xgb.joblib
528228445,Blmngtn,p50,283943.62009532924,50000.0,,OPTIMAL,289724.375,313988.01723525574,25636.809999999998,-1373.1677647442557,24363.190000000002,0.5127362,0.0,-1373.1677647442557,"[{'col': 'Utilities', 'base': 'AllPub', 'new': 3}, {'col': 'Exter Qual', 'base': 'Gd', 'new': 3.0}, {'col': 'Exter Cond', 'base': 'TA', 'new': 2.0}, {'col': 'Bsmt Cond', 'base': 'Gd', 'new': 3.0}, {'col': 'Heating QC', 'base': 'Ex', 'new': 4.0}, {'col': 'Kitchen Qual', 'base': 'Gd', 'new': 3.0}, {'col': 'Fireplace Qu', 'base': 'Gd', 'new': 3.0}, {'col': 'Garage Qual', 'base': 'TA', 'new': 2.0}, {'col': 'Garage Cond', 'base': 'TA', 'new': 2.0}, {'col': 'Pool QC', 'base': 'No aplica', 'new': -1.0}]",optimization/sensibilidad_remodelacion/xgb_features_pid528228445_b50000.csv,/Users/ignaciocuevasschotte/Documents/GitHub/Optimizacion-Casas-Ames-Iowa-Capstone-/models/xgb/datos_nuevos_reexport/model_xgb.joblib
528228445,Blmngtn,p50,283943.62009532924,100000.0,,OPTIMAL,289724.375,299431.3487872627,7098.619999999995,2608.353787262691,92901.38,0.07098619999999996,0.0,2608.353787262691,"[{'col': 'Utilities', 'base': 'AllPub', 'new': 3}, {'col': 'Exter Qual', 'base': 'Gd', 'new': 3.0}, {'col': 'Exter Cond', 'base': 'TA', 'new': 2.0}, {'col': 'Bsmt Cond', 'base': 'Gd', 'new': 3.0}, {'col': 'Heating QC', 'base': 'Ex', 'new': 4.0}, {'col': 'Kitchen Qual', 'base': 'Gd', 'new': 3.0}, {'col': 'Fireplace Qu', 'base': 'Gd', 'new': 3.0}, {'col': 'Garage Qual', 'base': 'TA', 'new': 2.0}, {'col': 'Garage Cond', 'base': 'TA', 'new': 2.0}, {'col': 'Pool QC', 'base': 'No aplica', 'new': -1.0}]",optimization/sensibilidad_remodelacion/xgb_features_pid528228445_b100000.csv,/Users/ignaciocuevasschotte/Documents/GitHub/Optimizacion-Casas-Ames-Iowa-Capstone-/models/xgb/datos_nuevos_reexport/model_xgb.joblib
528228565,Blmngtn,p75,338943.6291290844,20000.0,,OPTIMAL,309563.40625,319279.6026902797,8232.15,1484.0464402796933,11767.85,0.41160749999999996,0.0,1484.0464402796933,"[{'col': 'Utilities', 'base': 'AllPub', 'new': 3}, {'col': 'Exter Qual', 'base': 'Gd', 'new': 3.0}, {'col': 'Exter Cond', 'base': 'TA', 'new': 2.0}, {'col': 'Bsmt Cond', 'base': 'TA', 'new': 2.0}, {'col': 'Heating QC', 'base': 'Ex', 'new': 4.0}, {'col': 'Kitchen Qual', 'base': 'Gd', 'new': 3.0}, {'col': 'Fireplace Qu', 'base': 'Gd', 'new': 3.0}, {'col': 'Garage Qual', 'base': 'TA', 'new': 2.0}, {'col': 'Garage Cond', 'base': 'TA', 'new': 2.0}, {'col': 'Wood Deck SF', 'base': np.int64(142), 'new': 156.2}, {'col': 'Pool QC', 'base': 'No aplica', 'new': -1.0}]",optimization/sensibilidad_remodelacion/xgb_features_pid528228565_b20000.csv,/Users/ignaciocuevasschotte/Documents/GitHub/Optimizacion-Casas-Ames-Iowa-Capstone-/models/xgb/datos_nuevos_reexport/model_xgb.joblib
528228565,Blmngtn,p75,338943.6291290844,50000.0,,OPTIMAL,309563.40625,319279.6035544235,8232.15,1484.0473044234677,41767.85,0.16464299999999998,0.0,1484.0473044234677,"[{'col': 'Utilities', 'base': 'AllPub', 'new': 3}, {'col': 'Exter Qual', 'base': 'Gd', 'new': 3.0}, {'col': 'Exter Cond', 'base': 'TA', 'new': 2.0}, {'col': 'Bsmt Cond', 'base': 'TA', 'new': 2.0}, {'col': 'Heating QC', 'base': 'Ex', 'new': 4.0}, {'col': 'Kitchen Qual', 'base': 'Gd', 'new': 3.0}, {'col': 'Fireplace Qu', 'base': 'Gd', 'new': 3.0}, {'col': 'Garage Qual', 'base': 'TA', 'new': 2.0}, {'col': 'Garage Cond', 'base': 'TA', 'new': 2.0}, {'col': 'Wood Deck SF', 'base': np.int64(142), 'new': 156.2}, {'col': 'Pool QC', 'base': 'No aplica', 'new': -1.0}]",optimization/sensibilidad_remodelacion/xgb_features_pid528228565_b50000.csv,/Users/ignaciocuevasschotte/Documents/GitHub/Optimizacion-Casas-Ames-Iowa-Capstone-/models/xgb/datos_nuevos_reexport/model_xgb.joblib
528228565,Blmngtn,p75,338943.6291290844,100000.0,,OPTIMAL,309563.40625,321646.1826920475,8232.15,3850.6264420474763,91767.85,0.08232149999999999,0.0,3850.6264420474763,"[{'col': 'Utilities', 'base': 'AllPub', 'new': 3}, {'col': 'Exter Qual', 'base': 'Gd', 'new': 3.0}, {'col': 'Exter Cond', 'base': 'TA', 'new': 2.0}, {'col': 'Bsmt Cond', 'base': 'TA', 'new': 2.0}, {'col': 'Heating QC', 'base': 'Ex', 'new': 4.0}, {'col': 'Kitchen Qual', 'base': 'Gd', 'new': 3.0}, {'col': 'Fireplace Qu', 'base': 'Gd', 'new': 3.0}, {'col': 'Garage Qual', 'base': 'TA', 'new': 2.0}, {'col': 'Garage Cond', 'base': 'TA', 'new': 2.0}, {'col': 'Wood Deck SF', 'base': np.int64(142), 'new': 156.2}, {'col': 'Pool QC', 'base': 'No aplica', 'new': -1.0}]",optimization/sensibilidad_remodelacion/xgb_features_pid528228565_b100000.csv,/Users/ignaciocuevasschotte/Documents/GitHub/Optimizacion-Casas-Ames-Iowa-Capstone-/models/xgb/datos_nuevos_reexport/model_xgb.joblib
533254100,Veenker,p25,288602.5156262057,20000.0,,OPTIMAL,281312.78125,285176.97638714063,6923.62,-3059.424862859363,13076.380000000001,0.346181,0.0,-3059.424862859363,"[{'col': 'Utilities', 'base': 'AllPub', 'new': 3}, {'col': 'Exter Qual', 'base': 'Gd', 'new': 3.0}, {'col': 'Exter Cond', 'base': 'Gd', 'new': 3.0}, {'col': 'Bsmt Cond', 'base': 'TA', 'new': 2.0}, {'col': 'Heating QC', 'base': 'Ex', 'new': 4.0}, {'col': 'Kitchen Qual', 'base': 'TA', 'new': 2.0}, {'col': 'Fireplace Qu', 'base': 'TA', 'new': 2.0}, {'col': 'Garage Qual', 'base': 'TA', 'new': 2.0}, {'col': 'Garage Cond', 'base': 'TA', 'new': 2.0}, {'col': 'Pool QC', 'base': 'No aplica', 'new': -1.0}]",optimization/sensibilidad_remodelacion/xgb_features_pid533254100_b20000.csv,/Users/ignaciocuevasschotte/Documents/GitHub/Optimizacion-Casas-Ames-Iowa-Capstone-/models/xgb/datos_nuevos_reexport/model_xgb.joblib
533254100,Veenker,p25,288602.5156262057,50000.0,,OPTIMAL,281312.78125,285782.7677508797,6923.619999999996,-2453.633499120304,43076.380000000005,0.1384723999999999,0.0,-2453.633499120304,"[{'col': 'Utilities', 'base': 'AllPub', 'new': 3}, {'col': 'Exter Qual', 'base': 'Gd', 'new': 3.0}, {'col': 'Exter Cond', 'base': 'Gd', 'new': 3.0}, {'col': 'Bsmt Cond', 'base': 'TA', 'new': 2.0}, {'col': 'Heating QC', 'base': 'Ex', 'new': 4.0}, {'col': 'Kitchen Qual', 'base': 'TA', 'new': 2.0}, {'col': 'Fireplace Qu', 'base': 'TA', 'new': 2.0}, {'col': 'Garage Qual', 'base': 'TA', 'new': 2.0}, {'col': 'Garage Cond', 'base': 'TA', 'new': 2.0}, {'col': 'Pool QC', 'base': 'No aplica', 'new': -1.0}]",optimization/sensibilidad_remodelacion/xgb_features_pid533254100_b50000.csv,/Users/ignaciocuevasschotte/Documents/GitHub/Optimizacion-Casas-Ames-Iowa-Capstone-/models/xgb/datos_nuevos_reexport/model_xgb.joblib
533254100,Veenker,p25,288602.5156262057,100000.0,,OPTIMAL,281312.78125,284071.99227632175,6923.619999999996,-4164.408973678248,93076.38,0.06923619999999996,0.0,-4164.408973678248,"[{'col': 'Utilities', 'base': 'AllPub', 'new': 3}, {'col': 'Exter Qual', 'base': 'Gd', 'new': 3.0}, {'col': 'Exter Cond', 'base': 'Gd', 'new': 3.0}, {'col': 'Bsmt Cond', 'base': 'TA', 'new': 2.0}, {'col': 'Heating QC', 'base': 'Ex', 'new': 4.0}, {'col': 'Kitchen Qual', 'base': 'TA', 'new': 2.0}, {'col': 'Fireplace Qu', 'base': 'TA', 'new': 2.0}, {'col': 'Garage Qual', 'base': 'TA', 'new': 2.0}, {'col': 'Garage Cond', 'base': 'TA', 'new': 2.0}, {'col': 'Pool QC', 'base': 'No aplica', 'new': -1.0}]",optimization/sensibilidad_remodelacion/xgb_features_pid533254100_b100000.csv,/Users/ignaciocuevasschotte/Documents/GitHub/Optimizacion-Casas-Ames-Iowa-Capstone-/models/xgb/datos_nuevos_reexport/model_xgb.joblib
533250050,Veenker,p50,364964.1818502792,20000.0,,INF_OR_UNBD,373237.96875,,,,,,,,[],optimization/sensibilidad_remodelacion/xgb_features_pid533250050_b20000.csv,/Users/ignaciocuevasschotte/Documents/GitHub/Optimizacion-Casas-Ames-Iowa-Capstone-/models/xgb/datos_nuevos_reexport/model_xgb.joblib
533250050,Veenker,p50,364964.1818502792,50000.0,,OPTIMAL,373237.96875,381818.562969047,47848.07,-39267.47578095301,2151.9300000000003,0.9569614,1.1659259020552503e-06,-39267.47578095301,"[{'col': 'Utilities', 'base': 'AllPub', 'new': 3}, {'col': 'Exter Qual', 'base': 'Gd', 'new': 3.0}, {'col': 'Exter Cond', 'base': 'TA', 'new': 2.0}, {'col': 'Bsmt Cond', 'base': 'TA', 'new': 2.0}, {'col': 'BsmtFin SF 1', 'base': np.float64(786.0), 'new': 1200.0}, {'col': 'BsmtFin SF 2', 'base': np.float64(0.0), 'new': 60.0}, {'col': 'Bsmt Unf SF', 'base': np.float64(474.0), 'new': 0.0}, {'col': 'Heating QC', 'base': 'Ex', 'new': 4.0}, {'col': '1st Flr SF', 'base': np.int64(1288), 'new': 1358.0}, {'col': 'Gr Liv Area', 'base': np.int64(1288), 'new': 1358.0}, {'col': 'Bedroom AbvGr', 'base': np.int64(1), 'new': 2.0}, {'col': 'Kitchen Qual', 'base': 'Ex', 'new': 4.0}, {'col': 'Fireplace Qu', 'base': 'Gd', 'new': 3.0}, {'col': 'Garage Qual', 'base': 'TA', 'new': 2.0}, {'col': 'Garage Cond', 'base': 'TA', 'new': 2.0}, {'col': 'Open Porch SF', 'base': np.int64(30), 'new': 33.0}, {'col': 'Pool QC', 'base': 'No aplica', 'new': -1.0}]",optimization/sensibilidad_remodelacion/xgb_features_pid533250050_b50000.csv,/Users/ignaciocuevasschotte/Documents/GitHub/Optimizacion-Casas-Ames-Iowa-Capstone-/models/xgb/datos_nuevos_reexport/model_xgb.joblib
533250050,Veenker,p50,364964.1818502792,100000.0,,OPTIMAL,373237.96875,403850.82547776063,66386.26,-35773.403272239375,33613.740000000005,0.6638626,9.747145134570254e-05,-35773.403272239375,"[{'col': 'Utilities', 'base': 'AllPub', 'new': 3}, {'col': 'Exter Qual', 'base': 'Gd', 'new': 3.0}, {'col': 'Exter Cond', 'base': 'TA', 'new': 2.0}, {'col': 'Bsmt Cond', 'base': 'TA', 'new': 2.0}, {'col': 'BsmtFin SF 1', 'base': np.float64(786.0), 'new': 1200.0}, {'col': 'BsmtFin SF 2', 'base': np.float64(0.0), 'new': 60.0}, {'col': 'Bsmt Unf SF', 'base': np.float64(474.0), 'new': 0.0}, {'col': 'Heating QC', 'base': 'Ex', 'new': 4.0}, {'col': '1st Flr SF', 'base': np.int64(1288), 'new': 1358.0}, {'col': 'Gr Liv Area', 'base': np.int64(1288), 'new': 1358.0}, {'col': 'Bedroom AbvGr', 'base': np.int64(1), 'new': 2.0}, {'col': 'Kitchen Qual', 'base': 'Ex', 'new': 4.0}, {'col': 'Fireplace Qu', 'base': 'Gd', 'new': 3.0}, {'col': 'Garage Qual', 'base': 'TA', 'new': 2.0}, {'col': 'Garage Cond', 'base': 'TA', 'new': 2.0}, {'col': 'Open Porch SF', 'base': np.int64(30), 'new': 33.0}, {'col': 'Pool QC', 'base': 'No aplica', 'new': -1.0}]",optimization/sensibilidad_remodelacion/xgb_features_pid533250050_b100000.csv,/Users/ignaciocuevasschotte/Documents/GitHub/Optimizacion-Casas-Ames-Iowa-Capstone-/models/xgb/datos_nuevos_reexport/model_xgb.joblib
533250190,Veenker,p75,431669.1102708542,20000.0,,INF_OR_UNBD,407904.90625,,,,,,,,[],optimization/sensibilidad_remodelacion/xgb_features_pid533250190_b20000.csv,/Users/ignaciocuevasschotte/Documents/GitHub/Optimizacion-Casas-Ames-Iowa-Capstone-/models/xgb/datos_nuevos_reexport/model_xgb.joblib
533250190,Veenker,p75,431669.1102708542,50000.0,,INF_OR_UNBD,407904.90625,,,,,,,,[],optimization/sensibilidad_remodelacion/xgb_features_pid533250190_b50000.csv,/Users/ignaciocuevasschotte/Documents/GitHub/Optimizacion-Casas-Ames-Iowa-Capstone-/models/xgb/datos_nuevos_reexport/model_xgb.joblib
533250190,Veenker,p75,431669.1102708542,100000.0,,OPTIMAL,407904.90625,419722.50891943264,50941.81,-39124.207330567355,49058.19,0.5094181,0.0,-39124.207330567355,"[{'col': 'Utilities', 'base': 'AllPub', 'new': 3}, {'col': 'Exter Qual', 'base': 'Gd', 'new': 3.0}, {'col': 'Exter Cond', 'base': 'TA', 'new': 2.0}, {'col': 'Bsmt Cond', 'base': 'TA', 'new': 2.0}, {'col': 'Heating QC', 'base': 'Ex', 'new': 4.0}, {'col': '1st Flr SF', 'base': np.int64(1494), 'new': 1564.0}, {'col': 'Gr Liv Area', 'base': np.int64(1494), 'new': 1564.0}, {'col': 'Bedroom AbvGr', 'base': np.int64(1), 'new': 2.0}, {'col': 'Kitchen Qual', 'base': 'Gd', 'new': 3.0}, {'col': 'Fireplace Qu', 'base': 'Gd', 'new': 3.0}, {'col': 'Garage Qual', 'base': 'TA', 'new': 2.0}, {'col': 'Garage Cond', 'base': 'TA', 'new': 2.0}, {'col': 'Pool QC', 'base': 'No aplica', 'new': -1.0}]",optimization/sensibilidad_remodelacion/xgb_features_pid533250190_b100000.csv,/Users/ignaciocuevasschotte/Documents/GitHub/Optimizacion-Casas-Ames-Iowa-Capstone-/models/xgb/datos_nuevos_reexport/model_xgb.joblib
527455080,NPkVill,p25,205811.75867452752,20000.0,,OPTIMAL,210575.359375,217740.73081038392,6923.62,241.7514353839215,13076.380000000001,0.346181,0.0,241.7514353839215,"[{'col': 'Utilities', 'base': 'AllPub', 'new': 3}, {'col': 'Exter Qual', 'base': 'Gd', 'new': 3.0}, {'col': 'Exter Cond', 'base': 'TA', 'new': 2.0}, {'col': 'Bsmt Cond', 'base': 'TA', 'new': 2.0}, {'col': 'Heating QC', 'base': 'TA', 'new': 2.0}, {'col': 'Kitchen Qual', 'base': 'TA', 'new': 2.0}, {'col': 'Fireplace Qu', 'base': 'TA', 'new': 2.0}, {'col': 'Garage Qual', 'base': 'TA', 'new': 2.0}, {'col': 'Garage Cond', 'base': 'TA', 'new': 2.0}, {'col': 'Pool QC', 'base': 'No aplica', 'new': -1.0}]",optimization/sensibilidad_remodelacion/xgb_features_pid527455080_b20000.csv,/Users/ignaciocuevasschotte/Documents/GitHub/Optimizacion-Casas-Ames-Iowa-Capstone-/models/xgb/datos_nuevos_reexport/model_xgb.joblib
527455080,NPkVill,p25,205811.75867452752,50000.0,,OPTIMAL,210575.359375,218677.17781763506,6923.620000000003,1178.1984426350682,43076.38,0.13847240000000005,0.0,1178.1984426350682,"[{'col': 'Utilities', 'base': 'AllPub', 'new': 3}, {'col': 'Exter Qual', 'base': 'Gd', 'new': 3.0}, {'col': 'Exter Cond', 'base': 'TA', 'new': 2.0}, {'col': 'Bsmt Cond', 'base': 'TA', 'new': 2.0}, {'col': 'Heating QC', 'base': 'TA', 'new': 2.0}, {'col': 'Kitchen Qual', 'base': 'TA', 'new': 2.0}, {'col': 'Fireplace Qu', 'base': 'TA', 'new': 2.0}, {'col': 'Garage Qual', 'base': 'TA', 'new': 2.0}, {'col': 'Garage Cond', 'base': 'TA', 'new': 2.0}, {'col': 'Pool QC', 'base': 'No aplica', 'new': -1.0}]",optimization/sensibilidad_remodelacion/xgb_features_pid527455080_b50000.csv,/Users/ignaciocuevasschotte/Documents/GitHub/Optimizacion-Casas-Ames-Iowa-Capstone-/models/xgb/datos_nuevos_reexport/model_xgb.joblib
527455080,NPkVill,p25,205811.75867452752,100000.0,,OPTIMAL,210575.359375,220443.69883947854,6923.620000000001,2944.7194644785486,93076.38,0.06923620000000001,0.0,2944.7194644785486,"[{'col': 'Utilities', 'base': 'AllPub', 'new': 3}, {'col': 'Exter Qual', 'base': 'Gd', 'new': 3.0}, {'col': 'Exter Cond', 'base': 'TA', 'new': 2.0}, {'col': 'Bsmt Cond', 'base': 'TA', 'new': 2.0}, {'col': 'Heating QC', 'base': 'TA', 'new': 2.0}, {'col': 'Kitchen Qual', 'base': 'TA', 'new': 2.0}, {'col': 'Fireplace Qu', 'base': 'TA', 'new': 2.0}, {'col': 'Garage Qual', 'base': 'TA', 'new': 2.0}, {'col': 'Garage Cond', 'base': 'TA', 'new': 2.0}, {'col': 'Pool QC', 'base': 'No aplica', 'new': -1.0}]",optimization/sensibilidad_remodelacion/xgb_features_pid527455080_b100000.csv,/Users/ignaciocuevasschotte/Documents/GitHub/Optimizacion-Casas-Ames-Iowa-Capstone-/models/xgb/datos_nuevos_reexport/model_xgb.joblib
527453050,NPkVill,p50,217742.87511942768,20000.0,,OPTIMAL,218189.578125,231913.34742133296,10872.93,2850.839296332968,9127.07,0.5436465,0.0,2850.839296332968,"[{'col': 'Utilities', 'base': 'AllPub', 'new': 3}, {'col': 'Exter Qual', 'base': 'TA', 'new': 3.0}, {'col': 'Exter Cond', 'base': 'TA', 'new': 2.0}, {'col': 'Bsmt Cond', 'base': 'TA', 'new': 2.0}, {'col': 'Heating QC', 'base': 'TA', 'new': 2.0}, {'col': 'Kitchen Qual', 'base': 'TA', 'new': 2.0}, {'col': 'Fireplace Qu', 'base': 'TA', 'new': 2.0}, {'col': 'Garage Qual', 'base': 'TA', 'new': 2.0}, {'col': 'Garage Cond', 'base': 'TA', 'new': 2.0}, {'col': 'Pool QC', 'base': 'No aplica', 'new': -1.0}]",optimization/sensibilidad_remodelacion/xgb_features_pid527453050_b20000.csv,/Users/ignaciocuevasschotte/Documents/GitHub/Optimizacion-Casas-Ames-Iowa-Capstone-/models/xgb/datos_nuevos_reexport/model_xgb.joblib
527453050,NPkVill,p50,217742.87511942768,50000.0,,OPTIMAL,218189.578125,231913.34839938342,10872.930000000002,2850.8402743834304,39127.07,0.21745860000000003,0.0,2850.8402743834304,"[{'col': 'Utilities', 'base': 'AllPub', 'new': 3}, {'col': 'Exter Qual', 'base': 'TA', 'new': 3.0}, {'col': 'Exter Cond', 'base': 'TA', 'new': 2.0}, {'col': 'Bsmt Cond', 'base': 'TA', 'new': 2.0}, {'col': 'Heating QC', 'base': 'TA', 'new': 2.0}, {'col': 'Kitchen Qual', 'base': 'TA', 'new': 2.0}, {'col': 'Fireplace Qu', 'base': 'TA', 'new': 2.0}, {'col': 'Garage Qual', 'base': 'TA', 'new': 2.0}, {'col': 'Garage Cond', 'base': 'TA', 'new': 2.0}, {'col': 'Pool QC', 'base': 'No aplica', 'new': -1.0}]",optimization/sensibilidad_remodelacion/xgb_features_pid527453050_b50000.csv,/Users/ignaciocuevasschotte/Documents/GitHub/Optimizacion-Casas-Ames-Iowa-Capstone-/models/xgb/datos_nuevos_reexport/model_xgb.joblib
527453050,NPkVill,p50,217742.87511942768,100000.0,,OPTIMAL,218189.578125,231913.35305399416,10872.930000000004,2850.8449289941636,89127.06999999999,0.10872930000000004,0.0,2850.8449289941636,"[{'col': 'Utilities', 'base': 'AllPub', 'new': 3}, {'col': 'Exter Qual', 'base': 'TA', 'new': 3.0}, {'col': 'Exter Cond', 'base': 'TA', 'new': 2.0}, {'col': 'Bsmt Cond', 'base': 'TA', 'new': 2.0}, {'col': 'Heating QC', 'base': 'TA', 'new': 2.0}, {'col': 'Kitchen Qual', 'base': 'TA', 'new': 2.0}, {'col': 'Fireplace Qu', 'base': 'TA', 'new': 2.0}, {'col': 'Garage Qual', 'base': 'TA', 'new': 2.0}, {'col': 'Garage Cond', 'base': 'TA', 'new': 2.0}, {'col': 'Pool QC', 'base': 'No aplica', 'new': -1.0}]",optimization/sensibilidad_remodelacion/xgb_features_pid527453050_b100000.csv,/Users/ignaciocuevasschotte/Documents/GitHub/Optimizacion-Casas-Ames-Iowa-Capstone-/models/xgb/datos_nuevos_reexport/model_xgb.joblib
527453130,NPkVill,p75,220036.69724770644,20000.0,,OPTIMAL,216031.484375,227426.51758275196,10872.93,522.103207751963,9127.07,0.5436465,0.0,522.103207751963,"[{'col': 'Utilities', 'base': 'AllPub', 'new': 3}, {'col': 'Exter Qual', 'base': 'TA', 'new': 3.0}, {'col': 'Exter Cond', 'base': 'TA', 'new': 2.0}, {'col': 'Bsmt Cond', 'base': 'TA', 'new': 2.0}, {'col': 'Heating QC', 'base': 'TA', 'new': 2.0}, {'col': 'Kitchen Qual', 'base': 'Gd', 'new': 3.0}, {'col': 'Fireplace Qu', 'base': 'TA', 'new': 2.0}, {'col': 'Garage Qual', 'base': 'TA', 'new': 2.0}, {'col': 'Garage Cond', 'base': 'TA', 'new': 2.0}, {'col': 'Pool QC', 'base': 'No aplica', 'new': -1.0}]",optimization/sensibilidad_remodelacion/xgb_features_pid527453130_b20000.csv,/Users/ignaciocuevasschotte/Documents/GitHub/Optimizacion-Casas-Ames-Iowa-Capstone-/models/xgb/datos_nuevos_reexport/model_xgb.joblib
527453130,NPkVill,p75,220036.69724770644,50000.0,,OPTIMAL,216031.484375,227938.03147594657,10872.930000000008,1033.617100946547,39127.06999999999,0.21745860000000014,0.0,1033.617100946547,"[{'col': 'Utilities', 'base': 'AllPub', 'new': 3}, {'col': 'Exter Qual', 'base': 'TA', 'new': 3.0}, {'col': 'Exter Cond', 'base': 'TA', 'new': 2.0}, {'col': 'Bsmt Cond', 'base': 'TA', 'new': 2.0}, {'col': 'Heating QC', 'base': 'TA', 'new': 2.0}, {'col': 'Kitchen Qual', 'base': 'Gd', 'new': 3.0}, {'col': 'Fireplace Qu', 'base': 'TA', 'new': 2.0}, {'col': 'Garage Qual', 'base': 'TA', 'new': 2.0}, {'col': 'Garage Cond', 'base': 'TA', 'new': 2.0}, {'col': 'Pool QC', 'base': 'No aplica', 'new': -1.0}]",optimization/sensibilidad_remodelacion/xgb_features_pid527453130_b50000.csv,/Users/ignaciocuevasschotte/Documents/GitHub/Optimizacion-Casas-Ames-Iowa-Capstone-/models/xgb/datos_nuevos_reexport/model_xgb.joblib
527453130,NPkVill,p75,220036.69724770644,100000.0,,OPTIMAL,216031.484375,228283.19732846084,10872.929999999997,1378.7829534608463,89127.07,0.10872929999999997,0.0,1378.7829534608463,"[{'col': 'Utilities', 'base': 'AllPub', 'new': 3}, {'col': 'Exter Qual', 'base': 'TA', 'new': 3.0}, {'col': 'Exter Cond', 'base': 'TA', 'new': 2.0}, {'col': 'Bsmt Cond', 'base': 'TA', 'new': 2.0}, {'col': 'Heating QC', 'base': 'TA', 'new': 2.0}, {'col': 'Kitchen Qual', 'base': 'Gd', 'new': 3.0}, {'col': 'Fireplace Qu', 'base': 'TA', 'new': 2.0}, {'col': 'Garage Qual', 'base': 'TA', 'new': 2.0}, {'col': 'Garage Cond', 'base': 'TA', 'new': 2.0}, {'col': 'Pool QC', 'base': 'No aplica', 'new': -1.0}]",optimization/sensibilidad_remodelacion/xgb_features_pid527453130_b100000.csv,/Users/ignaciocuevasschotte/Documents/GitHub/Optimizacion-Casas-Ames-Iowa-Capstone-/models/xgb/datos_nuevos_reexport/model_xgb.joblib
909451140,Blueste,p25,180458.13622911472,20000.0,,OPTIMAL,182024.359375,195498.94621634032,10872.93,2601.6568413403293,9127.07,0.5436465,0.0,2601.6568413403293,"[{'col': 'Utilities', 'base': 'AllPub', 'new': 3}, {'col': 'Exter Qual', 'base': 'TA', 'new': 3.0}, {'col': 'Exter Cond', 'base': 'TA', 'new': 2.0}, {'col': 'Bsmt Cond', 'base': 'TA', 'new': 2.0}, {'col': 'Heating QC', 'base': 'TA', 'new': 2.0}, {'col': 'Kitchen Qual', 'base': 'TA', 'new': 2.0}, {'col': 'Fireplace Qu', 'base': 'TA', 'new': 2.0}, {'col': 'Garage Qual', 'base': 'TA', 'new': 2.0}, {'col': 'Garage Cond', 'base': 'TA', 'new': 2.0}, {'col': 'Pool QC', 'base': 'No aplica', 'new': -1.0}]",optimization/sensibilidad_remodelacion/xgb_features_pid909451140_b20000.csv,/Users/ignaciocuevasschotte/Documents/GitHub/Optimizacion-Casas-Ames-Iowa-Capstone-/models/xgb/datos_nuevos_reexport/model_xgb.joblib
909451140,Blueste,p25,180458.13622911472,50000.0,,OPTIMAL,182024.359375,190870.29939105167,10872.93,-2026.989983948326,39127.07,0.2174586,0.0,-2026.989983948326,"[{'col': 'Utilities', 'base': 'AllPub', 'new': 3}, {'col': 'Exter Qual', 'base': 'TA', 'new': 3.0}, {'col': 'Exter Cond', 'base': 'TA', 'new': 2.0}, {'col': 'Bsmt Cond', 'base': 'TA', 'new': 2.0}, {'col': 'Heating QC', 'base': 'TA', 'new': 2.0}, {'col': 'Kitchen Qual', 'base': 'TA', 'new': 2.0}, {'col': 'Fireplace Qu', 'base': 'TA', 'new': 2.0}, {'col': 'Garage Qual', 'base': 'TA', 'new': 2.0}, {'col': 'Garage Cond', 'base': 'TA', 'new': 2.0}, {'col': 'Pool QC', 'base': 'No aplica', 'new': -1.0}]",optimization/sensibilidad_remodelacion/xgb_features_pid909451140_b50000.csv,/Users/ignaciocuevasschotte/Documents/GitHub/Optimizacion-Casas-Ames-Iowa-Capstone-/models/xgb/datos_nuevos_reexport/model_xgb.joblib
909451140,Blueste,p25,180458.13622911472,100000.0,,OPTIMAL,182024.359375,195940.65082718126,10872.93,3043.3614521812706,89127.07,0.1087293,0.0,3043.3614521812706,"[{'col': 'Utilities', 'base': 'AllPub', 'new': 3}, {'col': 'Exter Qual', 'base': 'TA', 'new': 3.0}, {'col': 'Exter Cond', 'base': 'TA', 'new': 2.0}, {'col': 'Bsmt Cond', 'base': 'TA', 'new': 2.0}, {'col': 'Heating QC', 'base': 'TA', 'new': 2.0}, {'col': 'Kitchen Qual', 'base': 'TA', 'new': 2.0}, {'col': 'Fireplace Qu', 'base': 'TA', 'new': 2.0}, {'col': 'Garage Qual', 'base': 'TA', 'new': 2.0}, {'col': 'Garage Cond', 'base': 'TA', 'new': 2.0}, {'col': 'Pool QC', 'base': 'No aplica', 'new': -1.0}]",optimization/sensibilidad_remodelacion/xgb_features_pid909451140_b100000.csv,/Users/ignaciocuevasschotte/Documents/GitHub/Optimizacion-Casas-Ames-Iowa-Capstone-/models/xgb/datos_nuevos_reexport/model_xgb.joblib
909451130,Blueste,p50,191218.4582143684,20000.0,,OPTIMAL,189840.71875,200488.88842516395,10872.93,-224.76032483603922,9127.07,0.5436465,0.0,-224.76032483603922,"[{'col': 'Utilities', 'base': 'AllPub', 'new': 3}, {'col': 'Exter Qual', 'base': 'TA', 'new': 3.0}, {'col': 'Exter Cond', 'base': 'Gd', 'new': 3.0}, {'col': 'Bsmt Cond', 'base': 'TA', 'new': 2.0}, {'col': 'Heating QC', 'base': 'Gd', 'new': 3.0}, {'col': 'Kitchen Qual', 'base': 'TA', 'new': 2.0}, {'col': 'Fireplace Qu', 'base': 'TA', 'new': 2.0}, {'col': 'Garage Qual', 'base': 'TA', 'new': 2.0}, {'col': 'Garage Cond', 'base': 'TA', 'new': 2.0}, {'col': 'Pool QC', 'base': 'No aplica', 'new': -1.0}]",optimization/sensibilidad_remodelacion/xgb_features_pid909451130_b20000.csv,/Users/ignaciocuevasschotte/Documents/GitHub/Optimizacion-Casas-Ames-Iowa-Capstone-/models/xgb/datos_nuevos_reexport/model_xgb.joblib
909451130,Blueste,p50,191218.4582143684,50000.0,,OPTIMAL,189840.71875,199875.9815538628,10872.93,-837.6671961371903,39127.07,0.2174586,0.0,-837.6671961371903,"[{'col': 'Utilities', 'base': 'AllPub', 'new': 3}, {'col': 'Exter Qual', 'base': 'TA', 'new': 3.0}, {'col': 'Exter Cond', 'base': 'Gd', 'new': 3.0}, {'col': 'Bsmt Cond', 'base': 'TA', 'new': 2.0}, {'col': 'Heating QC', 'base': 'Gd', 'new': 3.0}, {'col': 'Kitchen Qual', 'base': 'TA', 'new': 2.0}, {'col': 'Fireplace Qu', 'base': 'TA', 'new': 2.0}, {'col': 'Garage Qual', 'base': 'TA', 'new': 2.0}, {'col': 'Garage Cond', 'base': 'TA', 'new': 2.0}, {'col': 'Pool QC', 'base': 'No aplica', 'new': -1.0}]",optimization/sensibilidad_remodelacion/xgb_features_pid909451130_b50000.csv,/Users/ignaciocuevasschotte/Documents/GitHub/Optimizacion-Casas-Ames-Iowa-Capstone-/models/xgb/datos_nuevos_reexport/model_xgb.joblib
909451130,Blueste,p50,191218.4582143684,100000.0,,OPTIMAL,189840.71875,201558.5564305319,10872.93,844.9076805319055,89127.07,0.1087293,0.0,844.9076805319055,"[{'col': 'Utilities', 'base': 'AllPub', 'new': 3}, {'col': 'Exter Qual', 'base': 'TA', 'new': 3.0}, {'col': 'Exter Cond', 'base': 'Gd', 'new': 3.0}, {'col': 'Bsmt Cond', 'base': 'TA', 'new': 2.0}, {'col': 'Heating QC', 'base': 'Gd', 'new': 3.0}, {'col': 'Kitchen Qual', 'base': 'TA', 'new': 2.0}, {'col': 'Fireplace Qu', 'base': 'TA', 'new': 2.0}, {'col': 'Garage Qual', 'base': 'TA', 'new': 2.0}, {'col': 'Garage Cond', 'base': 'TA', 'new': 2.0}, {'col': 'Pool QC', 'base': 'No aplica', 'new': -1.0}]",optimization/sensibilidad_remodelacion/xgb_features_pid909451130_b100000.csv,/Users/ignaciocuevasschotte/Documents/GitHub/Optimizacion-Casas-Ames-Iowa-Capstone-/models/xgb/datos_nuevos_reexport/model_xgb.joblib
909455040,Blueste,p75,238532.11009174315,20000.0,,OPTIMAL,274709.6875,281947.08989596,6923.62,313.7823959600064,13076.380000000001,0.346181,0.0,313.7823959600064,"[{'col': 'Utilities', 'base': 'AllPub', 'new': 3}, {'col': 'Exter Qual', 'base': 'Gd', 'new': 3.0}, {'col': 'Exter Cond', 'base': 'TA', 'new': 2.0}, {'col': 'Bsmt Cond', 'base': 'TA', 'new': 2.0}, {'col': 'Heating QC', 'base': 'Gd', 'new': 3.0}, {'col': 'Kitchen Qual', 'base': 'Gd', 'new': 3.0}, {'col': 'Fireplace Qu', 'base': 'TA', 'new': 2.0}, {'col': 'Garage Qual', 'base': 'TA', 'new': 2.0}, {'col': 'Garage Cond', 'base': 'TA', 'new': 2.0}, {'col': 'Pool QC', 'base': 'No aplica', 'new': -1.0}]",optimization/sensibilidad_remodelacion/xgb_features_pid909455040_b20000.csv,/Users/ignaciocuevasschotte/Documents/GitHub/Optimizacion-Casas-Ames-Iowa-Capstone-/models/xgb/datos_nuevos_reexport/model_xgb.joblib
909455040,Blueste,p75,238532.11009174315,50000.0,,OPTIMAL,274709.6875,281947.0907314018,6923.62,313.783231401816,43076.38,0.1384724,0.0,313.783231401816,"[{'col': 'Utilities', 'base': 'AllPub', 'new': 3}, {'col': 'Exter Qual', 'base': 'Gd', 'new': 3.0}, {'col': 'Exter Cond', 'base': 'TA', 'new': 2.0}, {'col': 'Bsmt Cond', 'base': 'TA', 'new': 2.0}, {'col': 'Heating QC', 'base': 'Gd', 'new': 3.0}, {'col': 'Kitchen Qual', 'base': 'Gd', 'new': 3.0}, {'col': 'Fireplace Qu', 'base': 'TA', 'new': 2.0}, {'col': 'Garage Qual', 'base': 'TA', 'new': 2.0}, {'col': 'Garage Cond', 'base': 'TA', 'new': 2.0}, {'col': 'Pool QC', 'base': 'No aplica', 'new': -1.0}]",optimization/sensibilidad_remodelacion/xgb_features_pid909455040_b50000.csv,/Users/ignaciocuevasschotte/Documents/GitHub/Optimizacion-Casas-Ames-Iowa-Capstone-/models/xgb/datos_nuevos_reexport/model_xgb.joblib
909455040,Blueste,p75,238532.11009174315,100000.0,,OPTIMAL,274709.6875,283394.3165937542,6923.619999999997,1761.0090937542263,93076.38,0.06923619999999997,0.0,1761.0090937542263,"[{'col': 'Utilities', 'base': 'AllPub', 'new': 3}, {'col': 'Exter Qual', 'base': 'Gd', 'new': 3.0}, {'col': 'Exter Cond', 'base': 'TA', 'new': 2.0}, {'col': 'Bsmt Cond', 'base': 'TA', 'new': 2.0}, {'col': 'Heating QC', 'base': 'Gd', 'new': 3.0}, {'col': 'Kitchen Qual', 'base': 'Gd', 'new': 3.0}, {'col': 'Fireplace Qu', 'base': 'TA', 'new': 2.0}, {'col': 'Garage Qual', 'base': 'TA', 'new': 2.0}, {'col': 'Garage Cond', 'base': 'TA', 'new': 2.0}, {'col': 'Pool QC', 'base': 'No aplica', 'new': -1.0}]",optimization/sensibilidad_remodelacion/xgb_features_pid909455040_b100000.csv,/Users/ignaciocuevasschotte/Documents/GitHub/Optimizacion-Casas-Ames-Iowa-Capstone-/models/xgb/datos_nuevos_reexport/model_xgb.joblib
