{
  "train": {
    "RMSE": 32191.70543353057,
    "MAE": 20232.781200902555,
    "MAPE_pct": 7.658816885979148,
    "R2": 0.9305532031772986,
    "residual_skew": 0.9007784157579823,
    "residual_kurtosis": 21.108191469174564
  },
  "test": {
    "RMSE": 41521.18245000083,
    "MAE": 22630.286652499617,
    "MAPE_pct": 8.254430379123209,
    "R2": 0.885330188847428,
    "residual_skew": -2.174838105730285,
    "residual_kurtosis": 51.21807502196888
  },
  "log_target": true
}