{
  "train": {
    "RMSE": 23764.032535570193,
    "MAE": 15675.495648643671,
    "MAPE_pct": 5.884432418635345,
    "R2": 0.962155347178952,
    "residual_skew": 1.2702969135968853,
    "residual_kurtosis": 14.22425208774872
  },
  "test": {
    "RMSE": 34062.11466090119,
    "MAE": 20595.5529640489,
    "MAPE_pct": 7.690662469858475,
    "R2": 0.9228292209642082,
    "residual_skew": -0.5313543542212869,
    "residual_kurtosis": 22.054066186625178
  },
  "log_target": true
}