{
  "train": {
    "RMSE": 24162.37790987288,
    "MAE": 15949.991215649192,
    "MAPE_pct": 6.07488702968609,
    "R2": 0.9608759690268664,
    "residual_skew": 0.8992056514910559,
    "residual_kurtosis": 13.934795013696846
  },
  "test": {
    "RMSE": 34788.38494716522,
    "MAE": 20174.024463582282,
    "MAPE_pct": 7.466661216572697,
    "R2": 0.9195032761131168,
    "residual_skew": -1.1386232386546444,
    "residual_kurtosis": 30.946185832937672
  },
  "log_target": true
}