{
  "train": {
    "RMSE": 26306.311015791656,
    "MAE": 17111.86421164807,
    "MAPE_pct": 6.537439527205812,
    "R2": 0.9536249757539589,
    "residual_skew": 0.7923142473125142,
    "residual_kurtosis": 17.218713636315748
  },
  "test": {
    "RMSE": 36487.34957886271,
    "MAE": 20963.003413354327,
    "MAPE_pct": 7.743077908788109,
    "R2": 0.911448829431075,
    "residual_skew": -1.4486815472817822,
    "residual_kurtosis": 37.58650261115546
  },
  "log_target": true
}