{
  "train": {
    "RMSE": 26634.11588085823,
    "MAE": 16627.8962192575,
    "MAPE_pct": 6.204925456959825,
    "R2": 0.9524620095809466,
    "residual_skew": 1.2335609216936423,
    "residual_kurtosis": 21.56551757357764
  },
  "test": {
    "RMSE": 39925.55430381024,
    "MAE": 21843.463197786758,
    "MAPE_pct": 7.9320555893097815,
    "R2": 0.8939741946228142,
    "residual_skew": -0.8378827887272084,
    "residual_kurtosis": 35.7502756317611
  },
  "log_target": true
}