{
  "train": {
    "RMSE": 35441.481197815454,
    "MAE": 21455.788111413356,
    "MAPE_pct": 8.047688245620535,
    "R2": 0.9158240596316581,
    "residual_skew": 1.3701582002354962,
    "residual_kurtosis": 27.610237288416354
  },
  "test": {
    "RMSE": 41635.278996696106,
    "MAE": 22967.105687821757,
    "MAPE_pct": 8.283047894686945,
    "R2": 0.8846991179219549,
    "residual_skew": -0.7357038209251382,
    "residual_kurtosis": 37.20262741796922
  },
  "log_target": true
}