{
  "train": {
    "RMSE": 38747.250916577505,
    "MAE": 23003.11820247287,
    "MAPE_pct": 8.705164646284171,
    "R2": 0.899388867136282,
    "residual_skew": 1.6175595731834718,
    "residual_kurtosis": 32.2013084391325
  },
  "test": {
    "RMSE": 41584.56030599167,
    "MAE": 23459.41346872086,
    "MAPE_pct": 8.433806486194516,
    "R2": 0.8849798581045023,
    "residual_skew": -0.36386368908111183,
    "residual_kurtosis": 32.561329824245206
  },
  "log_target": true
}