{
  "train": {
    "RMSE": 49982.09816549191,
    "MAE": 29034.153312032333,
    "MAPE_pct": 10.952528024179733,
    "R2": 0.8325854441040976,
    "residual_skew": 3.445766274688663,
    "residual_kurtosis": 29.85941047117391
  },
  "test": {
    "RMSE": 49937.106193893764,
    "MAE": 29022.18898113782,
    "MAPE_pct": 10.36362823769678,
    "R2": 0.8341343652779702,
    "residual_skew": 2.3252375963516223,
    "residual_kurtosis": 15.039561769649131
  },
  "log_target": true
}