{
  "train": {
    "RMSE": 28675.785335641012,
    "MAE": 18990.82354560979,
    "MAPE_pct": 7.204159493530135,
    "R2": 0.9448945072557029,
    "residual_skew": 1.1360263337976075,
    "residual_kurtosis": 12.285107474218599
  },
  "test": {
    "RMSE": 36581.67167811332,
    "MAE": 21099.6524949413,
    "MAPE_pct": 7.741133522269326,
    "R2": 0.910990416964919,
    "residual_skew": -0.8655999233318618,
    "residual_kurtosis": 31.535937611279927
  },
  "log_target": true
}