{
  "train": {
    "RMSE": 19697.555646735796,
    "MAE": 12454.459569552091,
    "MAPE_pct": 4.664845456269586,
    "R2": 0.973999067670577,
    "residual_skew": 1.4803316444691195,
    "residual_kurtosis": 22.051077112071965
  },
  "test": {
    "RMSE": 33331.91229369123,
    "MAE": 19494.498034297005,
    "MAPE_pct": 7.226907981611255,
    "R2": 0.9261024343245948,
    "residual_skew": -0.18779035555988338,
    "residual_kurtosis": 21.32938492317443
  },
  "log_target": true
}