pid,neighborhood,percentile_label,percentile_value,budget,quality_floor,status,base_price,opt_price,cost,net_gain,slack,budget_used_pct,mip_gap,obj_val,changes,xgb_features_path,model_path
535456050,No aplicames,p25,193260.055562266,20000.0,,OPTIMAL,183251.4375,241373.0693370881,10872.93,47248.7018370881,9127.07,0.5436465,0.0,47248.7018370881,"[{'col': 'Utilities', 'base': 'AllPub', 'new': 3}, {'col': 'Exter Qual', 'base': 'TA', 'new': 3.0}, {'col': 'Exter Cond', 'base': 'TA', 'new': 2.0}, {'col': 'Bsmt Cond', 'base': 'TA', 'new': 2.0}, {'col': 'Heating QC', 'base': 'TA', 'new': 2.0}, {'col': 'Gr Liv Area', 'base': np.int64(1800), 'new': 3086.0}, {'col': 'Kitchen Qual', 'base': 'TA', 'new': 2.0}, {'col': 'Fireplace Qu', 'base': 'No aplica', 'new': -1.0}, {'col': 'Garage Qual', 'base': 'No aplica', 'new': 1.0}, {'col': 'Garage Cond', 'base': 'No aplica', 'new': 2.0}, {'col': 'Pool QC', 'base': 'No aplica', 'new': -1.0}]",optimization/sensibilidad_remodelacion_relajada/xgb_features_pid535456050_b20000.csv,/Users/ignaciocuevasschotte/Documents/GitHub/Optimizacion-Casas-Ames-Iowa-Capstone-/models/xgb/datos_nuevos_reexport/model_xgb.joblib
535456050,No aplicames,p25,193260.055562266,50000.0,,OPTIMAL,183251.4375,241376.41532385498,10872.929999999997,47252.047823854984,39127.07000000001,0.21745859999999995,0.0,47252.047823854984,"[{'col': 'Utilities', 'base': 'AllPub', 'new': 3}, {'col': 'Exter Qual', 'base': 'TA', 'new': 3.0}, {'col': 'Exter Cond', 'base': 'TA', 'new': 2.0}, {'col': 'Bsmt Cond', 'base': 'TA', 'new': 2.0}, {'col': 'Heating QC', 'base': 'TA', 'new': 2.0}, {'col': 'Gr Liv Area', 'base': np.int64(1800), 'new': 3086.0}, {'col': 'Kitchen Qual', 'base': 'TA', 'new': 2.0}, {'col': 'Fireplace Qu', 'base': 'No aplica', 'new': -1.0}, {'col': 'Garage Qual', 'base': 'No aplica', 'new': 1.0}, {'col': 'Garage Cond', 'base': 'No aplica', 'new': 2.0}, {'col': 'Pool QC', 'base': 'No aplica', 'new': -1.0}]",optimization/sensibilidad_remodelacion_relajada/xgb_features_pid535456050_b50000.csv,/Users/ignaciocuevasschotte/Documents/GitHub/Optimizacion-Casas-Ames-Iowa-Capstone-/models/xgb/datos_nuevos_reexport/model_xgb.joblib
535456050,No aplicames,p25,193260.055562266,100000.0,,OPTIMAL,183251.4375,242421.9488714675,10872.929999999995,48297.5813714675,89127.07,0.10872929999999995,0.0,48297.5813714675,"[{'col': 'Utilities', 'base': 'AllPub', 'new': 3}, {'col': 'Exter Qual', 'base': 'TA', 'new': 3.0}, {'col': 'Exter Cond', 'base': 'TA', 'new': 2.0}, {'col': 'Bsmt Cond', 'base': 'TA', 'new': 2.0}, {'col': 'Heating QC', 'base': 'TA', 'new': 2.0}, {'col': 'Gr Liv Area', 'base': np.int64(1800), 'new': 3086.0}, {'col': 'Kitchen Qual', 'base': 'TA', 'new': 2.0}, {'col': 'Fireplace Qu', 'base': 'No aplica', 'new': -1.0}, {'col': 'Garage Qual', 'base': 'No aplica', 'new': 1.0}, {'col': 'Garage Cond', 'base': 'No aplica', 'new': 2.0}, {'col': 'Pool QC', 'base': 'No aplica', 'new': -1.0}]",optimization/sensibilidad_remodelacion_relajada/xgb_features_pid535456050_b100000.csv,/Users/ignaciocuevasschotte/Documents/GitHub/Optimizacion-Casas-Ames-Iowa-Capstone-/models/xgb/datos_nuevos_reexport/model_xgb.joblib
535152060,No aplicames,p50,214522.72551894435,20000.0,,OPTIMAL,207074.953125,281676.25205619883,10872.929999999998,63728.36893119884,9127.070000000002,0.5436464999999999,0.0,63728.36893119884,"[{'col': 'Utilities', 'base': 'AllPub', 'new': 3}, {'col': 'Exter Qual', 'base': 'TA', 'new': 3.0}, {'col': 'Exter Cond', 'base': 'TA', 'new': 2.0}, {'col': 'Bsmt Cond', 'base': 'TA', 'new': 2.0}, {'col': 'Heating QC', 'base': 'Fa', 'new': 1.0}, {'col': 'Gr Liv Area', 'base': np.int64(1056), 'new': 3395.0}, {'col': 'Kitchen Qual', 'base': 'TA', 'new': 2.0}, {'col': 'Fireplace Qu', 'base': 'No aplica', 'new': -1.0}, {'col': 'Garage Qual', 'base': 'TA', 'new': 2.0}, {'col': 'Garage Cond', 'base': 'TA', 'new': 2.0}, {'col': 'Pool QC', 'base': 'No aplica', 'new': -1.0}]",optimization/sensibilidad_remodelacion_relajada/xgb_features_pid535152060_b20000.csv,/Users/ignaciocuevasschotte/Documents/GitHub/Optimizacion-Casas-Ames-Iowa-Capstone-/models/xgb/datos_nuevos_reexport/model_xgb.joblib
535152060,No aplicames,p50,214522.72551894435,50000.0,,OPTIMAL,207074.953125,283516.027825865,10872.929999999993,65568.14470086503,39127.07000000001,0.21745859999999986,0.0,65568.14470086503,"[{'col': 'Utilities', 'base': 'AllPub', 'new': 3}, {'col': 'Exter Qual', 'base': 'TA', 'new': 3.0}, {'col': 'Exter Cond', 'base': 'TA', 'new': 2.0}, {'col': 'Bsmt Cond', 'base': 'TA', 'new': 2.0}, {'col': 'Heating QC', 'base': 'Fa', 'new': 1.0}, {'col': 'Gr Liv Area', 'base': np.int64(1056), 'new': 3086.0}, {'col': 'Kitchen Qual', 'base': 'TA', 'new': 2.0}, {'col': 'Fireplace Qu', 'base': 'No aplica', 'new': -1.0}, {'col': 'Garage Qual', 'base': 'TA', 'new': 2.0}, {'col': 'Garage Cond', 'base': 'TA', 'new': 2.0}, {'col': 'Pool QC', 'base': 'No aplica', 'new': -1.0}]",optimization/sensibilidad_remodelacion_relajada/xgb_features_pid535152060_b50000.csv,/Users/ignaciocuevasschotte/Documents/GitHub/Optimizacion-Casas-Ames-Iowa-Capstone-/models/xgb/datos_nuevos_reexport/model_xgb.joblib
535152060,No aplicames,p50,214522.72551894435,100000.0,,OPTIMAL,207074.953125,283873.19829758565,10872.930000000006,65925.31517258566,89127.06999999999,0.10872930000000006,0.0,65925.31517258566,"[{'col': 'Utilities', 'base': 'AllPub', 'new': 3}, {'col': 'Exter Qual', 'base': 'TA', 'new': 3.0}, {'col': 'Exter Cond', 'base': 'TA', 'new': 2.0}, {'col': 'Bsmt Cond', 'base': 'TA', 'new': 2.0}, {'col': 'Heating QC', 'base': 'Fa', 'new': 1.0}, {'col': 'Gr Liv Area', 'base': np.int64(1056), 'new': 3086.0}, {'col': 'Kitchen Qual', 'base': 'TA', 'new': 2.0}, {'col': 'Fireplace Qu', 'base': 'No aplica', 'new': -1.0}, {'col': 'Garage Qual', 'base': 'TA', 'new': 2.0}, {'col': 'Garage Cond', 'base': 'TA', 'new': 2.0}, {'col': 'Pool QC', 'base': 'No aplica', 'new': -1.0}]",optimization/sensibilidad_remodelacion_relajada/xgb_features_pid535152060_b100000.csv,/Users/ignaciocuevasschotte/Documents/GitHub/Optimizacion-Casas-Ames-Iowa-Capstone-/models/xgb/datos_nuevos_reexport/model_xgb.joblib
535153150,No aplicames,p75,242318.3773588412,20000.0,,OPTIMAL,244393.03125,330146.3140503671,10872.93,74880.35280036711,9127.07,0.5436465,0.0,74880.35280036711,"[{'col': 'Utilities', 'base': 'AllPub', 'new': 3}, {'col': 'Exter Qual', 'base': 'TA', 'new': 3.0}, {'col': 'Exter Cond', 'base': 'TA', 'new': 2.0}, {'col': 'Bsmt Cond', 'base': 'TA', 'new': 2.0}, {'col': 'Heating QC', 'base': 'Ex', 'new': 4.0}, {'col': 'Gr Liv Area', 'base': np.int64(1261), 'new': 3395.0}, {'col': 'Kitchen Qual', 'base': 'TA', 'new': 2.0}, {'col': 'Fireplace Qu', 'base': 'TA', 'new': 2.0}, {'col': 'Garage Qual', 'base': 'TA', 'new': 2.0}, {'col': 'Garage Cond', 'base': 'TA', 'new': 2.0}, {'col': 'Pool QC', 'base': 'No aplica', 'new': -1.0}]",optimization/sensibilidad_remodelacion_relajada/xgb_features_pid535153150_b20000.csv,/Users/ignaciocuevasschotte/Documents/GitHub/Optimizacion-Casas-Ames-Iowa-Capstone-/models/xgb/datos_nuevos_reexport/model_xgb.joblib
535153150,No aplicames,p75,242318.3773588412,50000.0,,OPTIMAL,244393.03125,331835.76212028036,10872.929999999993,76569.80087028036,39127.07000000001,0.21745859999999986,0.0,76569.80087028036,"[{'col': 'Utilities', 'base': 'AllPub', 'new': 3}, {'col': 'Exter Qual', 'base': 'TA', 'new': 3.0}, {'col': 'Exter Cond', 'base': 'TA', 'new': 2.0}, {'col': 'Bsmt Cond', 'base': 'TA', 'new': 2.0}, {'col': 'Heating QC', 'base': 'Ex', 'new': 4.0}, {'col': 'Gr Liv Area', 'base': np.int64(1261), 'new': 3395.0}, {'col': 'Kitchen Qual', 'base': 'TA', 'new': 2.0}, {'col': 'Fireplace Qu', 'base': 'TA', 'new': 2.0}, {'col': 'Garage Qual', 'base': 'TA', 'new': 2.0}, {'col': 'Garage Cond', 'base': 'TA', 'new': 2.0}, {'col': 'Pool QC', 'base': 'No aplica', 'new': -1.0}]",optimization/sensibilidad_remodelacion_relajada/xgb_features_pid535153150_b50000.csv,/Users/ignaciocuevasschotte/Documents/GitHub/Optimizacion-Casas-Ames-Iowa-Capstone-/models/xgb/datos_nuevos_reexport/model_xgb.joblib
535153150,No aplicames,p75,242318.3773588412,100000.0,,OPTIMAL,244393.03125,332250.73485867714,10872.93,76984.77360867715,89127.07,0.1087293,0.0,76984.77360867715,"[{'col': 'Utilities', 'base': 'AllPub', 'new': 3}, {'col': 'Exter Qual', 'base': 'TA', 'new': 3.0}, {'col': 'Exter Cond', 'base': 'TA', 'new': 2.0}, {'col': 'Bsmt Cond', 'base': 'TA', 'new': 2.0}, {'col': 'Heating QC', 'base': 'Ex', 'new': 4.0}, {'col': 'Gr Liv Area', 'base': np.int64(1261), 'new': 3395.0}, {'col': 'Kitchen Qual', 'base': 'TA', 'new': 2.0}, {'col': 'Fireplace Qu', 'base': 'TA', 'new': 2.0}, {'col': 'Garage Qual', 'base': 'TA', 'new': 2.0}, {'col': 'Garage Cond', 'base': 'TA', 'new': 2.0}, {'col': 'Pool QC', 'base': 'No aplica', 'new': -1.0}]",optimization/sensibilidad_remodelacion_relajada/xgb_features_pid535153150_b100000.csv,/Users/ignaciocuevasschotte/Documents/GitHub/Optimizacion-Casas-Ames-Iowa-Capstone-/models/xgb/datos_nuevos_reexport/model_xgb.joblib
907290230,CollgCr,p25,247511.88243582493,20000.0,,OPTIMAL,227947.921875,340138.3020374838,14165.720000000001,98024.66016248381,5834.279999999999,0.7082860000000001,0.0,98024.66016248381,"[{'col': 'Utilities', 'base': 'AllPub', 'new': 3}, {'col': 'Exter Qual', 'base': 'Gd', 'new': 3.0}, {'col': 'Exter Cond', 'base': 'TA', 'new': 2.0}, {'col': 'Bsmt Cond', 'base': 'TA', 'new': 2.0}, {'col': 'BsmtFin SF 1', 'base': np.float64(662.0), 'new': 773.0}, {'col': 'BsmtFin SF 2', 'base': np.float64(0.0), 'new': 75.0}, {'col': 'Bsmt Unf SF', 'base': np.float64(186.0), 'new': 0.0}, {'col': 'Heating QC', 'base': 'Ex', 'new': 4.0}, {'col': 'Gr Liv Area', 'base': np.int64(848), 'new': 3395.0}, {'col': 'Kitchen Qual', 'base': 'Gd', 'new': 3.0}, {'col': 'Fireplace Qu', 'base': 'Gd', 'new': 3.0}, {'col': 'Garage Qual', 'base': 'TA', 'new': 2.0}, {'col': 'Garage Cond', 'base': 'TA', 'new': 2.0}, {'col': 'Wood Deck SF', 'base': np.int64(140), 'new': 154.0}, {'col': 'Pool QC', 'base': 'No aplica', 'new': -1.0}]",optimization/sensibilidad_remodelacion_relajada/xgb_features_pid907290230_b20000.csv,/Users/ignaciocuevasschotte/Documents/GitHub/Optimizacion-Casas-Ames-Iowa-Capstone-/models/xgb/datos_nuevos_reexport/model_xgb.joblib
907290230,CollgCr,p25,247511.88243582493,50000.0,,OPTIMAL,227947.921875,340138.30279564485,14165.720000000001,98024.66092064488,35834.28,0.2833144,0.0,98024.66092064488,"[{'col': 'Utilities', 'base': 'AllPub', 'new': 3}, {'col': 'Exter Qual', 'base': 'Gd', 'new': 3.0}, {'col': 'Exter Cond', 'base': 'TA', 'new': 2.0}, {'col': 'Bsmt Cond', 'base': 'TA', 'new': 2.0}, {'col': 'BsmtFin SF 1', 'base': np.float64(662.0), 'new': 788.0}, {'col': 'BsmtFin SF 2', 'base': np.float64(0.0), 'new': 60.0}, {'col': 'Bsmt Unf SF', 'base': np.float64(186.0), 'new': 0.0}, {'col': 'Heating QC', 'base': 'Ex', 'new': 4.0}, {'col': 'Gr Liv Area', 'base': np.int64(848), 'new': 3086.0}, {'col': 'Kitchen Qual', 'base': 'Gd', 'new': 3.0}, {'col': 'Fireplace Qu', 'base': 'Gd', 'new': 3.0}, {'col': 'Garage Qual', 'base': 'TA', 'new': 2.0}, {'col': 'Garage Cond', 'base': 'TA', 'new': 2.0}, {'col': 'Wood Deck SF', 'base': np.int64(140), 'new': 154.0}, {'col': 'Pool QC', 'base': 'No aplica', 'new': -1.0}]",optimization/sensibilidad_remodelacion_relajada/xgb_features_pid907290230_b50000.csv,/Users/ignaciocuevasschotte/Documents/GitHub/Optimizacion-Casas-Ames-Iowa-Capstone-/models/xgb/datos_nuevos_reexport/model_xgb.joblib
907290230,CollgCr,p25,247511.88243582493,100000.0,,OPTIMAL,227947.921875,343730.16101961833,14165.72,101616.51914461836,85834.28,0.14165719999999998,0.0,101616.51914461836,"[{'col': 'Utilities', 'base': 'AllPub', 'new': 3}, {'col': 'Exter Qual', 'base': 'Gd', 'new': 3.0}, {'col': 'Exter Cond', 'base': 'TA', 'new': 2.0}, {'col': 'Bsmt Cond', 'base': 'TA', 'new': 2.0}, {'col': 'BsmtFin SF 1', 'base': np.float64(662.0), 'new': 788.0}, {'col': 'BsmtFin SF 2', 'base': np.float64(0.0), 'new': 60.0}, {'col': 'Bsmt Unf SF', 'base': np.float64(186.0), 'new': 0.0}, {'col': 'Heating QC', 'base': 'Ex', 'new': 4.0}, {'col': 'Gr Liv Area', 'base': np.int64(848), 'new': 3395.0}, {'col': 'Kitchen Qual', 'base': 'Gd', 'new': 3.0}, {'col': 'Fireplace Qu', 'base': 'Gd', 'new': 3.0}, {'col': 'Garage Qual', 'base': 'TA', 'new': 2.0}, {'col': 'Garage Cond', 'base': 'TA', 'new': 2.0}, {'col': 'Wood Deck SF', 'base': np.int64(140), 'new': 154.0}, {'col': 'Pool QC', 'base': 'No aplica', 'new': -1.0}]",optimization/sensibilidad_remodelacion_relajada/xgb_features_pid907290230_b100000.csv,/Users/ignaciocuevasschotte/Documents/GitHub/Optimizacion-Casas-Ames-Iowa-Capstone-/models/xgb/datos_nuevos_reexport/model_xgb.joblib
906380170,CollgCr,p50,308000.67474374623,20000.0,,OPTIMAL,297064.9375,430734.52698597324,12747.5,120922.08948597324,7252.5,0.637375,0.0,120922.08948597324,"[{'col': 'Utilities', 'base': 'AllPub', 'new': 3}, {'col': 'Exter Qual', 'base': 'Gd', 'new': 3.0}, {'col': 'Exter Cond', 'base': 'TA', 'new': 2.0}, {'col': 'Bsmt Cond', 'base': 'TA', 'new': 2.0}, {'col': 'Heating QC', 'base': 'Ex', 'new': 4.0}, {'col': 'Gr Liv Area', 'base': np.int64(1220), 'new': 3395.0}, {'col': 'Kitchen Qual', 'base': 'Gd', 'new': 3.0}, {'col': 'Fireplace Qu', 'base': 'No aplica', 'new': -1.0}, {'col': 'Garage Area', 'base': np.float64(632.0), 'new': 695.2}, {'col': 'Garage Qual', 'base': 'TA', 'new': 2.0}, {'col': 'Garage Cond', 'base': 'TA', 'new': 2.0}, {'col': 'Pool QC', 'base': 'No aplica', 'new': -1.0}]",optimization/sensibilidad_remodelacion_relajada/xgb_features_pid906380170_b20000.csv,/Users/ignaciocuevasschotte/Documents/GitHub/Optimizacion-Casas-Ames-Iowa-Capstone-/models/xgb/datos_nuevos_reexport/model_xgb.joblib
906380170,CollgCr,p50,308000.67474374623,50000.0,,OPTIMAL,297064.9375,470399.5918752467,47765.69,125568.96437524672,2234.3099999999977,0.9553138000000001,0.0,125568.96437524672,"[{'col': 'Utilities', 'base': 'AllPub', 'new': 3}, {'col': 'Exter Qual', 'base': 'Gd', 'new': 3.0}, {'col': 'Exter Cond', 'base': 'TA', 'new': 2.0}, {'col': 'Bsmt Cond', 'base': 'TA', 'new': 2.0}, {'col': 'BsmtFin SF 1', 'base': np.float64(684.0), 'new': 1097.0}, {'col': 'BsmtFin SF 2', 'base': np.float64(0.0), 'new': 102.0}, {'col': 'Bsmt Unf SF', 'base': np.float64(515.0), 'new': 0.0}, {'col': 'Heating QC', 'base': 'Ex', 'new': 4.0}, {'col': 'Gr Liv Area', 'base': np.int64(1220), 'new': 3395.0}, {'col': 'Kitchen Qual', 'base': 'Gd', 'new': 3.0}, {'col': 'Fireplace Qu', 'base': 'No aplica', 'new': -1.0}, {'col': 'Garage Area', 'base': np.float64(632.0), 'new': 695.2}, {'col': 'Garage Qual', 'base': 'TA', 'new': 2.0}, {'col': 'Garage Cond', 'base': 'TA', 'new': 2.0}, {'col': 'Pool QC', 'base': 'No aplica', 'new': -1.0}]",optimization/sensibilidad_remodelacion_relajada/xgb_features_pid906380170_b50000.csv,/Users/ignaciocuevasschotte/Documents/GitHub/Optimizacion-Casas-Ames-Iowa-Capstone-/models/xgb/datos_nuevos_reexport/model_xgb.joblib
906380170,CollgCr,p50,308000.67474374623,100000.0,,OPTIMAL,297064.9375,476675.8592131317,47765.68999999999,131845.2317131317,52234.31000000001,0.4776568999999999,1.81202186037907e-05,131845.2317131317,"[{'col': 'Utilities', 'base': 'AllPub', 'new': 3}, {'col': 'Exter Qual', 'base': 'Gd', 'new': 3.0}, {'col': 'Exter Cond', 'base': 'TA', 'new': 2.0}, {'col': 'Bsmt Cond', 'base': 'TA', 'new': 2.0}, {'col': 'BsmtFin SF 1', 'base': np.float64(684.0), 'new': 1097.0}, {'col': 'BsmtFin SF 2', 'base': np.float64(0.0), 'new': 102.0}, {'col': 'Bsmt Unf SF', 'base': np.float64(515.0), 'new': 0.0}, {'col': 'Heating QC', 'base': 'Ex', 'new': 4.0}, {'col': 'Gr Liv Area', 'base': np.int64(1220), 'new': 3395.0}, {'col': 'Kitchen Qual', 'base': 'Gd', 'new': 3.0}, {'col': 'Fireplace Qu', 'base': 'No aplica', 'new': -1.0}, {'col': 'Garage Area', 'base': np.float64(632.0), 'new': 695.2}, {'col': 'Garage Qual', 'base': 'TA', 'new': 2.0}, {'col': 'Garage Cond', 'base': 'TA', 'new': 2.0}, {'col': 'Pool QC', 'base': 'No aplica', 'new': -1.0}]",optimization/sensibilidad_remodelacion_relajada/xgb_features_pid906380170_b100000.csv,/Users/ignaciocuevasschotte/Documents/GitHub/Optimizacion-Casas-Ames-Iowa-Capstone-/models/xgb/datos_nuevos_reexport/model_xgb.joblib
907262050,CollgCr,p75,347889.9082568808,20000.0,,OPTIMAL,329019.875,396609.268901842,14701.08,52888.31390184199,5298.92,0.735054,0.0,52888.31390184199,"[{'col': 'Utilities', 'base': 'AllPub', 'new': 3}, {'col': 'Exter Qual', 'base': 'Gd', 'new': 3.0}, {'col': 'Exter Cond', 'base': 'TA', 'new': 2.0}, {'col': 'Bsmt Cond', 'base': 'TA', 'new': 2.0}, {'col': 'Heating QC', 'base': 'Ex', 'new': 4.0}, {'col': 'Gr Liv Area', 'base': np.int64(1829), 'new': 3395.0}, {'col': 'Kitchen Qual', 'base': 'Gd', 'new': 3.0}, {'col': 'Fireplace Qu', 'base': 'TA', 'new': 2.0}, {'col': 'Garage Area', 'base': np.float64(613.0), 'new': 674.3}, {'col': 'Garage Qual', 'base': 'TA', 'new': 2.0}, {'col': 'Garage Cond', 'base': 'TA', 'new': 2.0}, {'col': 'Wood Deck SF', 'base': np.int64(192), 'new': 211.2}, {'col': 'Open Porch SF', 'base': np.int64(39), 'new': 42.9}, {'col': 'Pool QC', 'base': 'No aplica', 'new': -1.0}]",optimization/sensibilidad_remodelacion_relajada/xgb_features_pid907262050_b20000.csv,/Users/ignaciocuevasschotte/Documents/GitHub/Optimizacion-Casas-Ames-Iowa-Capstone-/models/xgb/datos_nuevos_reexport/model_xgb.joblib
907262050,CollgCr,p75,347889.9082568808,50000.0,,OPTIMAL,329019.875,417365.429159495,31469.989999999998,56875.564159495,18530.010000000002,0.6293998,0.0,56875.564159495,"[{'col': 'Utilities', 'base': 'AllPub', 'new': 3}, {'col': 'Exter Qual', 'base': 'Gd', 'new': 3.0}, {'col': 'Exter Cond', 'base': 'TA', 'new': 2.0}, {'col': 'Bsmt Cond', 'base': 'TA', 'new': 2.0}, {'col': 'Heating QC', 'base': 'Ex', 'new': 4.0}, {'col': 'Gr Liv Area', 'base': np.int64(1829), 'new': 3395.0}, {'col': 'Kitchen Qual', 'base': 'Gd', 'new': 3.0}, {'col': 'Fireplace Qu', 'base': 'TA', 'new': 2.0}, {'col': 'Garage Area', 'base': np.float64(613.0), 'new': 674.3}, {'col': 'Garage Qual', 'base': 'TA', 'new': 2.0}, {'col': 'Garage Cond', 'base': 'TA', 'new': 2.0}, {'col': 'Open Porch SF', 'base': np.int64(39), 'new': 42.9}, {'col': 'Pool QC', 'base': 'No aplica', 'new': -1.0}]",optimization/sensibilidad_remodelacion_relajada/xgb_features_pid907262050_b50000.csv,/Users/ignaciocuevasschotte/Documents/GitHub/Optimizacion-Casas-Ames-Iowa-Capstone-/models/xgb/datos_nuevos_reexport/model_xgb.joblib
907262050,CollgCr,p75,347889.9082568808,100000.0,,OPTIMAL,329019.875,422956.5814325504,31469.989999999954,62466.71643255046,68530.01000000004,0.31469989999999953,0.0,62466.71643255046,"[{'col': 'Utilities', 'base': 'AllPub', 'new': 3}, {'col': 'Exter Qual', 'base': 'Gd', 'new': 3.0}, {'col': 'Exter Cond', 'base': 'TA', 'new': 2.0}, {'col': 'Bsmt Cond', 'base': 'TA', 'new': 2.0}, {'col': 'Heating QC', 'base': 'Ex', 'new': 4.0}, {'col': 'Gr Liv Area', 'base': np.int64(1829), 'new': 3395.0}, {'col': 'Kitchen Qual', 'base': 'Gd', 'new': 3.0}, {'col': 'Fireplace Qu', 'base': 'TA', 'new': 2.0}, {'col': 'Garage Area', 'base': np.float64(613.0), 'new': 674.3}, {'col': 'Garage Qual', 'base': 'TA', 'new': 2.0}, {'col': 'Garage Cond', 'base': 'TA', 'new': 2.0}, {'col': 'Open Porch SF', 'base': np.int64(39), 'new': 42.9}, {'col': 'Pool QC', 'base': 'No aplica', 'new': -1.0}]",optimization/sensibilidad_remodelacion_relajada/xgb_features_pid907262050_b100000.csv,/Users/ignaciocuevasschotte/Documents/GitHub/Optimizacion-Casas-Ames-Iowa-Capstone-/models/xgb/datos_nuevos_reexport/model_xgb.joblib
902207140,OldTown,p25,155449.54128440368,20000.0,,OPTIMAL,160683.921875,261096.96308433503,10872.929999999995,89540.11120933504,9127.070000000005,0.5436464999999997,0.0,89540.11120933504,"[{'col': 'Utilities', 'base': 'AllPub', 'new': 3}, {'col': 'Exter Qual', 'base': 'TA', 'new': 3.0}, {'col': 'Exter Cond', 'base': 'Gd', 'new': 3.0}, {'col': 'Bsmt Cond', 'base': 'TA', 'new': 2.0}, {'col': 'Heating QC', 'base': 'Gd', 'new': 3.0}, {'col': 'Gr Liv Area', 'base': np.int64(720), 'new': 3086.0}, {'col': 'Kitchen Qual', 'base': 'TA', 'new': 2.0}, {'col': 'Fireplace Qu', 'base': 'No aplica', 'new': -1.0}, {'col': 'Garage Qual', 'base': 'TA', 'new': 2.0}, {'col': 'Garage Cond', 'base': 'TA', 'new': 2.0}, {'col': 'Pool QC', 'base': 'No aplica', 'new': -1.0}]",optimization/sensibilidad_remodelacion_relajada/xgb_features_pid902207140_b20000.csv,/Users/ignaciocuevasschotte/Documents/GitHub/Optimizacion-Casas-Ames-Iowa-Capstone-/models/xgb/datos_nuevos_reexport/model_xgb.joblib
902207140,OldTown,p25,155449.54128440368,50000.0,,OPTIMAL,160683.921875,262028.8364146332,10872.930000000002,90471.98453963321,39127.07,0.21745860000000003,0.0,90471.98453963321,"[{'col': 'Utilities', 'base': 'AllPub', 'new': 3}, {'col': 'Exter Qual', 'base': 'TA', 'new': 3.0}, {'col': 'Exter Cond', 'base': 'Gd', 'new': 3.0}, {'col': 'Bsmt Cond', 'base': 'TA', 'new': 2.0}, {'col': 'Heating QC', 'base': 'Gd', 'new': 3.0}, {'col': 'Gr Liv Area', 'base': np.int64(720), 'new': 3395.0}, {'col': 'Kitchen Qual', 'base': 'TA', 'new': 2.0}, {'col': 'Fireplace Qu', 'base': 'No aplica', 'new': -1.0}, {'col': 'Garage Qual', 'base': 'TA', 'new': 2.0}, {'col': 'Garage Cond', 'base': 'TA', 'new': 2.0}, {'col': 'Pool QC', 'base': 'No aplica', 'new': -1.0}]",optimization/sensibilidad_remodelacion_relajada/xgb_features_pid902207140_b50000.csv,/Users/ignaciocuevasschotte/Documents/GitHub/Optimizacion-Casas-Ames-Iowa-Capstone-/models/xgb/datos_nuevos_reexport/model_xgb.joblib
902207140,OldTown,p25,155449.54128440368,100000.0,,OPTIMAL,160683.921875,262485.9680466424,10872.929999999997,90929.11617164238,89127.07,0.10872929999999997,3.0941050196012915e-05,90929.11617164238,"[{'col': 'Utilities', 'base': 'AllPub', 'new': 3}, {'col': 'Exter Qual', 'base': 'TA', 'new': 3.0}, {'col': 'Exter Cond', 'base': 'Gd', 'new': 3.0}, {'col': 'Bsmt Cond', 'base': 'TA', 'new': 2.0}, {'col': 'Heating QC', 'base': 'Gd', 'new': 3.0}, {'col': 'Gr Liv Area', 'base': np.int64(720), 'new': 3395.0}, {'col': 'Kitchen Qual', 'base': 'TA', 'new': 2.0}, {'col': 'Fireplace Qu', 'base': 'No aplica', 'new': -1.0}, {'col': 'Garage Qual', 'base': 'TA', 'new': 2.0}, {'col': 'Garage Cond', 'base': 'TA', 'new': 2.0}, {'col': 'Pool QC', 'base': 'No aplica', 'new': -1.0}]",optimization/sensibilidad_remodelacion_relajada/xgb_features_pid902207140_b100000.csv,/Users/ignaciocuevasschotte/Documents/GitHub/Optimizacion-Casas-Ames-Iowa-Capstone-/models/xgb/datos_nuevos_reexport/model_xgb.joblib
902330010,OldTown,p50,181367.1290661265,20000.0,,OPTIMAL,227521.8125,281137.92915269115,10872.93,42743.18665269116,9127.07,0.5436465,0.0,42743.18665269116,"[{'col': 'Utilities', 'base': 'AllPub', 'new': 3}, {'col': 'Exter Qual', 'base': 'TA', 'new': 3.0}, {'col': 'Exter Cond', 'base': 'Gd', 'new': 3.0}, {'col': 'Bsmt Cond', 'base': 'Fa', 'new': 1.0}, {'col': 'Heating QC', 'base': 'Fa', 'new': 1.0}, {'col': 'Gr Liv Area', 'base': np.int64(2358), 'new': 3086.0}, {'col': 'Kitchen Qual', 'base': 'TA', 'new': 2.0}, {'col': 'Fireplace Qu', 'base': 'No aplica', 'new': -1.0}, {'col': 'Garage Qual', 'base': 'No aplica', 'new': 1.0}, {'col': 'Garage Cond', 'base': 'No aplica', 'new': 2.0}, {'col': 'Pool QC', 'base': 'No aplica', 'new': -1.0}]",optimization/sensibilidad_remodelacion_relajada/xgb_features_pid902330010_b20000.csv,/Users/ignaciocuevasschotte/Documents/GitHub/Optimizacion-Casas-Ames-Iowa-Capstone-/models/xgb/datos_nuevos_reexport/model_xgb.joblib
902330010,OldTown,p50,181367.1290661265,50000.0,,OPTIMAL,227521.8125,282138.91577117227,10872.929999999882,43744.17327117239,39127.070000000116,0.21745859999999764,0.0,43744.17327117239,"[{'col': 'Utilities', 'base': 'AllPub', 'new': 3}, {'col': 'Exter Qual', 'base': 'TA', 'new': 3.0}, {'col': 'Exter Cond', 'base': 'Gd', 'new': 3.0}, {'col': 'Bsmt Cond', 'base': 'Fa', 'new': 1.0}, {'col': 'Heating QC', 'base': 'Fa', 'new': 1.0}, {'col': 'Gr Liv Area', 'base': np.int64(2358), 'new': 3395.0}, {'col': 'Kitchen Qual', 'base': 'TA', 'new': 2.0}, {'col': 'Fireplace Qu', 'base': 'No aplica', 'new': -1.0}, {'col': 'Garage Qual', 'base': 'No aplica', 'new': 1.0}, {'col': 'Garage Cond', 'base': 'No aplica', 'new': 2.0}, {'col': 'Pool QC', 'base': 'No aplica', 'new': -1.0}]",optimization/sensibilidad_remodelacion_relajada/xgb_features_pid902330010_b50000.csv,/Users/ignaciocuevasschotte/Documents/GitHub/Optimizacion-Casas-Ames-Iowa-Capstone-/models/xgb/datos_nuevos_reexport/model_xgb.joblib
902330010,OldTown,p50,181367.1290661265,100000.0,,OPTIMAL,227521.8125,282571.1691265518,10872.929999999995,44176.42662655178,89127.07,0.10872929999999995,0.0,44176.42662655178,"[{'col': 'Utilities', 'base': 'AllPub', 'new': 3}, {'col': 'Exter Qual', 'base': 'TA', 'new': 3.0}, {'col': 'Exter Cond', 'base': 'Gd', 'new': 3.0}, {'col': 'Bsmt Cond', 'base': 'Fa', 'new': 1.0}, {'col': 'Heating QC', 'base': 'Fa', 'new': 1.0}, {'col': 'Gr Liv Area', 'base': np.int64(2358), 'new': 3086.0}, {'col': 'Kitchen Qual', 'base': 'TA', 'new': 2.0}, {'col': 'Fireplace Qu', 'base': 'No aplica', 'new': -1.0}, {'col': 'Garage Qual', 'base': 'No aplica', 'new': 1.0}, {'col': 'Garage Cond', 'base': 'No aplica', 'new': 2.0}, {'col': 'Pool QC', 'base': 'No aplica', 'new': -1.0}]",optimization/sensibilidad_remodelacion_relajada/xgb_features_pid902330010_b100000.csv,/Users/ignaciocuevasschotte/Documents/GitHub/Optimizacion-Casas-Ames-Iowa-Capstone-/models/xgb/datos_nuevos_reexport/model_xgb.joblib
902100020,OldTown,p75,212586.0611184926,20000.0,,OPTIMAL,186237.390625,277296.64174152986,12485.555000000002,78573.69611652987,7514.444999999998,0.6242777500000001,0.0,78573.69611652987,"[{'col': 'Utilities', 'base': 'AllPub', 'new': 3}, {'col': 'Exter Qual', 'base': 'TA', 'new': 3.0}, {'col': 'Exter Cond', 'base': 'TA', 'new': 2.0}, {'col': 'Bsmt Cond', 'base': 'TA', 'new': 2.0}, {'col': 'Heating QC', 'base': 'Gd', 'new': 3.0}, {'col': 'Gr Liv Area', 'base': np.int64(1133), 'new': 3086.0}, {'col': 'Kitchen Qual', 'base': 'TA', 'new': 2.0}, {'col': 'Fireplace Qu', 'base': 'No aplica', 'new': -1.0}, {'col': 'Garage Qual', 'base': 'TA', 'new': 2.0}, {'col': 'Garage Cond', 'base': 'TA', 'new': 2.0}, {'col': 'Open Porch SF', 'base': np.int64(175), 'new': 192.5}, {'col': 'Pool QC', 'base': 'No aplica', 'new': -1.0}]",optimization/sensibilidad_remodelacion_relajada/xgb_features_pid902100020_b20000.csv,/Users/ignaciocuevasschotte/Documents/GitHub/Optimizacion-Casas-Ames-Iowa-Capstone-/models/xgb/datos_nuevos_reexport/model_xgb.joblib
902100020,OldTown,p75,212586.0611184926,50000.0,,OPTIMAL,186237.390625,278101.4301982303,12485.554999999998,79378.48457323032,37514.445,0.24971109999999996,0.0,79378.48457323032,"[{'col': 'Utilities', 'base': 'AllPub', 'new': 3}, {'col': 'Exter Qual', 'base': 'TA', 'new': 3.0}, {'col': 'Exter Cond', 'base': 'TA', 'new': 2.0}, {'col': 'Bsmt Cond', 'base': 'TA', 'new': 2.0}, {'col': 'Heating QC', 'base': 'Gd', 'new': 3.0}, {'col': 'Gr Liv Area', 'base': np.int64(1133), 'new': 3086.0}, {'col': 'Kitchen Qual', 'base': 'TA', 'new': 2.0}, {'col': 'Fireplace Qu', 'base': 'No aplica', 'new': -1.0}, {'col': 'Garage Qual', 'base': 'TA', 'new': 2.0}, {'col': 'Garage Cond', 'base': 'TA', 'new': 2.0}, {'col': 'Open Porch SF', 'base': np.int64(175), 'new': 192.5}, {'col': 'Pool QC', 'base': 'No aplica', 'new': -1.0}]",optimization/sensibilidad_remodelacion_relajada/xgb_features_pid902100020_b50000.csv,/Users/ignaciocuevasschotte/Documents/GitHub/Optimizacion-Casas-Ames-Iowa-Capstone-/models/xgb/datos_nuevos_reexport/model_xgb.joblib
902100020,OldTown,p75,212586.0611184926,100000.0,,OPTIMAL,186237.390625,278987.9984562605,12485.554999999998,80265.05283126049,87514.445,0.12485554999999998,0.0,80265.05283126049,"[{'col': 'Utilities', 'base': 'AllPub', 'new': 3}, {'col': 'Exter Qual', 'base': 'TA', 'new': 3.0}, {'col': 'Exter Cond', 'base': 'TA', 'new': 2.0}, {'col': 'Bsmt Cond', 'base': 'TA', 'new': 2.0}, {'col': 'Heating QC', 'base': 'Gd', 'new': 3.0}, {'col': 'Gr Liv Area', 'base': np.int64(1133), 'new': 3086.0}, {'col': 'Kitchen Qual', 'base': 'TA', 'new': 2.0}, {'col': 'Fireplace Qu', 'base': 'No aplica', 'new': -1.0}, {'col': 'Garage Qual', 'base': 'TA', 'new': 2.0}, {'col': 'Garage Cond', 'base': 'TA', 'new': 2.0}, {'col': 'Open Porch SF', 'base': np.int64(175), 'new': 192.5}, {'col': 'Pool QC', 'base': 'No aplica', 'new': -1.0}]",optimization/sensibilidad_remodelacion_relajada/xgb_features_pid902100020_b100000.csv,/Users/ignaciocuevasschotte/Documents/GitHub/Optimizacion-Casas-Ames-Iowa-Capstone-/models/xgb/datos_nuevos_reexport/model_xgb.joblib
908102020,Edwards,p25,155587.96971591303,20000.0,,OPTIMAL,182765.015625,233930.27283634705,16184.929999999997,34980.32721134706,3815.0700000000033,0.8092464999999999,0.0,34980.32721134706,"[{'col': 'Utilities', 'base': 'AllPub', 'new': 3}, {'col': 'Exter Qual', 'base': 'TA', 'new': 3.0}, {'col': 'Exter Cond', 'base': 'Gd', 'new': 3.0}, {'col': 'Bsmt Cond', 'base': 'TA', 'new': 2.0}, {'col': 'BsmtFin SF 1', 'base': np.float64(173.0), 'new': 329.0}, {'col': 'BsmtFin SF 2', 'base': np.float64(337.0), 'new': 347.0}, {'col': 'Bsmt Unf SF', 'base': np.float64(166.0), 'new': 0.0}, {'col': 'Heating QC', 'base': 'Gd', 'new': 3.0}, {'col': 'Gr Liv Area', 'base': np.int64(1436), 'new': 3395.0}, {'col': 'Kitchen Qual', 'base': 'TA', 'new': 2.0}, {'col': 'Fireplace Qu', 'base': 'No aplica', 'new': -1.0}, {'col': 'Garage Qual', 'base': 'TA', 'new': 2.0}, {'col': 'Garage Cond', 'base': 'TA', 'new': 2.0}, {'col': 'Pool QC', 'base': 'No aplica', 'new': -1.0}]",optimization/sensibilidad_remodelacion_relajada/xgb_features_pid908102020_b20000.csv,/Users/ignaciocuevasschotte/Documents/GitHub/Optimizacion-Casas-Ames-Iowa-Capstone-/models/xgb/datos_nuevos_reexport/model_xgb.joblib
908102020,Edwards,p25,155587.96971591303,50000.0,,OPTIMAL,182765.015625,234546.32674370424,16184.93,35596.381118704245,33815.07,0.3236986,0.0,35596.381118704245,"[{'col': 'Utilities', 'base': 'AllPub', 'new': 3}, {'col': 'Exter Qual', 'base': 'TA', 'new': 3.0}, {'col': 'Exter Cond', 'base': 'Gd', 'new': 3.0}, {'col': 'Bsmt Cond', 'base': 'TA', 'new': 2.0}, {'col': 'BsmtFin SF 1', 'base': np.float64(173.0), 'new': 329.0}, {'col': 'BsmtFin SF 2', 'base': np.float64(337.0), 'new': 347.0}, {'col': 'Bsmt Unf SF', 'base': np.float64(166.0), 'new': 0.0}, {'col': 'Heating QC', 'base': 'Gd', 'new': 3.0}, {'col': 'Gr Liv Area', 'base': np.int64(1436), 'new': 3395.0}, {'col': 'Kitchen Qual', 'base': 'TA', 'new': 2.0}, {'col': 'Fireplace Qu', 'base': 'No aplica', 'new': -1.0}, {'col': 'Garage Qual', 'base': 'TA', 'new': 2.0}, {'col': 'Garage Cond', 'base': 'TA', 'new': 2.0}, {'col': 'Pool QC', 'base': 'No aplica', 'new': -1.0}]",optimization/sensibilidad_remodelacion_relajada/xgb_features_pid908102020_b50000.csv,/Users/ignaciocuevasschotte/Documents/GitHub/Optimizacion-Casas-Ames-Iowa-Capstone-/models/xgb/datos_nuevos_reexport/model_xgb.joblib
908102020,Edwards,p25,155587.96971591303,100000.0,,OPTIMAL,182765.015625,235041.7649984959,16184.93,36091.819373495906,83815.07,0.1618493,0.0,36091.819373495906,"[{'col': 'Utilities', 'base': 'AllPub', 'new': 3}, {'col': 'Exter Qual', 'base': 'TA', 'new': 3.0}, {'col': 'Exter Cond', 'base': 'Gd', 'new': 3.0}, {'col': 'Bsmt Cond', 'base': 'TA', 'new': 2.0}, {'col': 'BsmtFin SF 1', 'base': np.float64(173.0), 'new': 329.0}, {'col': 'BsmtFin SF 2', 'base': np.float64(337.0), 'new': 347.0}, {'col': 'Bsmt Unf SF', 'base': np.float64(166.0), 'new': 0.0}, {'col': 'Heating QC', 'base': 'Gd', 'new': 3.0}, {'col': 'Gr Liv Area', 'base': np.int64(1436), 'new': 3395.0}, {'col': 'Kitchen Qual', 'base': 'TA', 'new': 2.0}, {'col': 'Fireplace Qu', 'base': 'No aplica', 'new': -1.0}, {'col': 'Garage Qual', 'base': 'TA', 'new': 2.0}, {'col': 'Garage Cond', 'base': 'TA', 'new': 2.0}, {'col': 'Pool QC', 'base': 'No aplica', 'new': -1.0}]",optimization/sensibilidad_remodelacion_relajada/xgb_features_pid908102020_b100000.csv,/Users/ignaciocuevasschotte/Documents/GitHub/Optimizacion-Casas-Ames-Iowa-Capstone-/models/xgb/datos_nuevos_reexport/model_xgb.joblib
905452160,Edwards,p50,187889.90825688076,20000.0,,OPTIMAL,214686.015625,282563.8405430939,10872.93,57004.89491809392,9127.07,0.5436465,0.0,57004.89491809392,"[{'col': 'Utilities', 'base': 'AllPub', 'new': 3}, {'col': 'Exter Qual', 'base': 'TA', 'new': 3.0}, {'col': 'Exter Cond', 'base': 'TA', 'new': 2.0}, {'col': 'Bsmt Cond', 'base': 'TA', 'new': 2.0}, {'col': 'Heating QC', 'base': 'TA', 'new': 2.0}, {'col': 'Gr Liv Area', 'base': np.int64(1172), 'new': 3086.0}, {'col': 'Kitchen Qual', 'base': 'TA', 'new': 2.0}, {'col': 'Fireplace Qu', 'base': 'No aplica', 'new': -1.0}, {'col': 'Garage Qual', 'base': 'TA', 'new': 2.0}, {'col': 'Garage Cond', 'base': 'TA', 'new': 2.0}, {'col': 'Pool QC', 'base': 'No aplica', 'new': -1.0}]",optimization/sensibilidad_remodelacion_relajada/xgb_features_pid905452160_b20000.csv,/Users/ignaciocuevasschotte/Documents/GitHub/Optimizacion-Casas-Ames-Iowa-Capstone-/models/xgb/datos_nuevos_reexport/model_xgb.joblib
905452160,Edwards,p50,187889.90825688076,50000.0,,OPTIMAL,214686.015625,284337.49682539684,10872.929999999991,58778.55120039685,39127.07000000001,0.21745859999999984,0.0,58778.55120039685,"[{'col': 'Utilities', 'base': 'AllPub', 'new': 3}, {'col': 'Exter Qual', 'base': 'TA', 'new': 3.0}, {'col': 'Exter Cond', 'base': 'TA', 'new': 2.0}, {'col': 'Bsmt Cond', 'base': 'TA', 'new': 2.0}, {'col': 'Heating QC', 'base': 'TA', 'new': 2.0}, {'col': 'Gr Liv Area', 'base': np.int64(1172), 'new': 3395.0}, {'col': 'Kitchen Qual', 'base': 'TA', 'new': 2.0}, {'col': 'Fireplace Qu', 'base': 'No aplica', 'new': -1.0}, {'col': 'Garage Qual', 'base': 'TA', 'new': 2.0}, {'col': 'Garage Cond', 'base': 'TA', 'new': 2.0}, {'col': 'Pool QC', 'base': 'No aplica', 'new': -1.0}]",optimization/sensibilidad_remodelacion_relajada/xgb_features_pid905452160_b50000.csv,/Users/ignaciocuevasschotte/Documents/GitHub/Optimizacion-Casas-Ames-Iowa-Capstone-/models/xgb/datos_nuevos_reexport/model_xgb.joblib
905452160,Edwards,p50,187889.90825688076,100000.0,,OPTIMAL,214686.015625,285124.0529520995,10872.929999999998,59565.10732709948,89127.07,0.10872929999999999,0.0,59565.10732709948,"[{'col': 'Utilities', 'base': 'AllPub', 'new': 3}, {'col': 'Exter Qual', 'base': 'TA', 'new': 3.0}, {'col': 'Exter Cond', 'base': 'TA', 'new': 2.0}, {'col': 'Bsmt Cond', 'base': 'TA', 'new': 2.0}, {'col': 'Heating QC', 'base': 'TA', 'new': 2.0}, {'col': 'Gr Liv Area', 'base': np.int64(1172), 'new': 3395.0}, {'col': 'Kitchen Qual', 'base': 'TA', 'new': 2.0}, {'col': 'Fireplace Qu', 'base': 'No aplica', 'new': -1.0}, {'col': 'Garage Qual', 'base': 'TA', 'new': 2.0}, {'col': 'Garage Cond', 'base': 'TA', 'new': 2.0}, {'col': 'Pool QC', 'base': 'No aplica', 'new': -1.0}]",optimization/sensibilidad_remodelacion_relajada/xgb_features_pid905452160_b100000.csv,/Users/ignaciocuevasschotte/Documents/GitHub/Optimizacion-Casas-Ames-Iowa-Capstone-/models/xgb/datos_nuevos_reexport/model_xgb.joblib
908188140,Edwards,p75,218299.44730549023,20000.0,,OPTIMAL,232506.328125,278126.07159274176,7292.22,38327.52346774179,12707.779999999999,0.364611,0.0,38327.52346774179,"[{'col': 'Utilities', 'base': 'AllPub', 'new': 3}, {'col': 'Exter Qual', 'base': 'Gd', 'new': 3.0}, {'col': 'Exter Cond', 'base': 'TA', 'new': 2.0}, {'col': 'Bsmt Cond', 'base': 'TA', 'new': 2.0}, {'col': 'Heating QC', 'base': 'Ex', 'new': 4.0}, {'col': 'Gr Liv Area', 'base': np.int64(1709), 'new': 2327.0}, {'col': 'Kitchen Qual', 'base': 'Gd', 'new': 3.0}, {'col': 'Fireplace Qu', 'base': 'No aplica', 'new': -1.0}, {'col': 'Garage Qual', 'base': 'TA', 'new': 2.0}, {'col': 'Garage Cond', 'base': 'TA', 'new': 2.0}, {'col': 'Open Porch SF', 'base': np.int64(40), 'new': 44.0}, {'col': 'Pool QC', 'base': 'No aplica', 'new': -1.0}]",optimization/sensibilidad_remodelacion_relajada/xgb_features_pid908188140_b20000.csv,/Users/ignaciocuevasschotte/Documents/GitHub/Optimizacion-Casas-Ames-Iowa-Capstone-/models/xgb/datos_nuevos_reexport/model_xgb.joblib
908188140,Edwards,p75,218299.44730549023,50000.0,,OPTIMAL,232506.328125,278548.2985218649,7292.219999999999,38749.750396864954,42707.78,0.14584439999999999,0.0,38749.750396864954,"[{'col': 'Utilities', 'base': 'AllPub', 'new': 3}, {'col': 'Exter Qual', 'base': 'Gd', 'new': 3.0}, {'col': 'Exter Cond', 'base': 'TA', 'new': 2.0}, {'col': 'Bsmt Cond', 'base': 'TA', 'new': 2.0}, {'col': 'Heating QC', 'base': 'Ex', 'new': 4.0}, {'col': 'Gr Liv Area', 'base': np.int64(1709), 'new': 2327.0}, {'col': 'Kitchen Qual', 'base': 'Gd', 'new': 3.0}, {'col': 'Fireplace Qu', 'base': 'No aplica', 'new': -1.0}, {'col': 'Garage Qual', 'base': 'TA', 'new': 2.0}, {'col': 'Garage Cond', 'base': 'TA', 'new': 2.0}, {'col': 'Open Porch SF', 'base': np.int64(40), 'new': 44.0}, {'col': 'Pool QC', 'base': 'No aplica', 'new': -1.0}]",optimization/sensibilidad_remodelacion_relajada/xgb_features_pid908188140_b50000.csv,/Users/ignaciocuevasschotte/Documents/GitHub/Optimizacion-Casas-Ames-Iowa-Capstone-/models/xgb/datos_nuevos_reexport/model_xgb.joblib
908188140,Edwards,p75,218299.44730549023,100000.0,,OPTIMAL,232506.328125,280589.62650749,7292.219999999999,40791.07838249003,92707.78,0.07292219999999999,0.0,40791.07838249003,"[{'col': 'Utilities', 'base': 'AllPub', 'new': 3}, {'col': 'Exter Qual', 'base': 'Gd', 'new': 3.0}, {'col': 'Exter Cond', 'base': 'TA', 'new': 2.0}, {'col': 'Bsmt Cond', 'base': 'TA', 'new': 2.0}, {'col': 'Heating QC', 'base': 'Ex', 'new': 4.0}, {'col': 'Gr Liv Area', 'base': np.int64(1709), 'new': 2327.0}, {'col': 'Kitchen Qual', 'base': 'Gd', 'new': 3.0}, {'col': 'Fireplace Qu', 'base': 'No aplica', 'new': -1.0}, {'col': 'Garage Qual', 'base': 'TA', 'new': 2.0}, {'col': 'Garage Cond', 'base': 'TA', 'new': 2.0}, {'col': 'Open Porch SF', 'base': np.int64(40), 'new': 44.0}, {'col': 'Pool QC', 'base': 'No aplica', 'new': -1.0}]",optimization/sensibilidad_remodelacion_relajada/xgb_features_pid908188140_b100000.csv,/Users/ignaciocuevasschotte/Documents/GitHub/Optimizacion-Casas-Ames-Iowa-Capstone-/models/xgb/datos_nuevos_reexport/model_xgb.joblib
533206040,Somerst,p25,280058.34548864345,20000.0,,OPTIMAL,275524.34375,401708.01689393586,8683.685000000003,117499.98814393586,11316.314999999997,0.43418425000000016,0.0,117499.98814393586,"[{'col': 'Utilities', 'base': 'AllPub', 'new': 3}, {'col': 'Exter Qual', 'base': 'Gd', 'new': 3.0}, {'col': 'Exter Cond', 'base': 'TA', 'new': 2.0}, {'col': 'Bsmt Cond', 'base': 'TA', 'new': 2.0}, {'col': 'Heating QC', 'base': 'Ex', 'new': 4.0}, {'col': 'Gr Liv Area', 'base': np.int64(1143), 'new': 3395.0}, {'col': 'Kitchen Qual', 'base': 'Gd', 'new': 3.0}, {'col': 'Fireplace Qu', 'base': 'Gd', 'new': 3.0}, {'col': 'Garage Qual', 'base': 'TA', 'new': 2.0}, {'col': 'Garage Cond', 'base': 'TA', 'new': 2.0}, {'col': 'Open Porch SF', 'base': np.int64(191), 'new': 210.1}, {'col': 'Pool QC', 'base': 'No aplica', 'new': -1.0}]",optimization/sensibilidad_remodelacion_relajada/xgb_features_pid533206040_b20000.csv,/Users/ignaciocuevasschotte/Documents/GitHub/Optimizacion-Casas-Ames-Iowa-Capstone-/models/xgb/datos_nuevos_reexport/model_xgb.joblib
533206040,Somerst,p25,280058.34548864345,50000.0,,OPTIMAL,275524.34375,420485.7845696922,27221.874999999996,117739.56581969222,22778.125000000004,0.5444374999999999,0.0,117739.56581969222,"[{'col': 'Utilities', 'base': 'AllPub', 'new': 3}, {'col': 'Exter Qual', 'base': 'Gd', 'new': 3.0}, {'col': 'Exter Cond', 'base': 'TA', 'new': 2.0}, {'col': 'Bsmt Cond', 'base': 'TA', 'new': 2.0}, {'col': 'Heating QC', 'base': 'Ex', 'new': 4.0}, {'col': 'Gr Liv Area', 'base': np.int64(1143), 'new': 3395.0}, {'col': 'Kitchen Qual', 'base': 'Gd', 'new': 3.0}, {'col': 'Fireplace Qu', 'base': 'Gd', 'new': 3.0}, {'col': 'Garage Qual', 'base': 'TA', 'new': 2.0}, {'col': 'Garage Cond', 'base': 'TA', 'new': 2.0}, {'col': 'Open Porch SF', 'base': np.int64(191), 'new': 210.1}, {'col': 'Pool QC', 'base': 'No aplica', 'new': -1.0}]",optimization/sensibilidad_remodelacion_relajada/xgb_features_pid533206040_b50000.csv,/Users/ignaciocuevasschotte/Documents/GitHub/Optimizacion-Casas-Ames-Iowa-Capstone-/models/xgb/datos_nuevos_reexport/model_xgb.joblib
533206040,Somerst,p25,280058.34548864345,100000.0,,OPTIMAL,275524.34375,426665.0904007188,27221.875,123918.8716507188,72778.125,0.27221875,0.0,123918.8716507188,"[{'col': 'Utilities', 'base': 'AllPub', 'new': 3}, {'col': 'Exter Qual', 'base': 'Gd', 'new': 3.0}, {'col': 'Exter Cond', 'base': 'TA', 'new': 2.0}, {'col': 'Bsmt Cond', 'base': 'TA', 'new': 2.0}, {'col': 'Heating QC', 'base': 'Ex', 'new': 4.0}, {'col': 'Gr Liv Area', 'base': np.int64(1143), 'new': 3395.0}, {'col': 'Kitchen Qual', 'base': 'Gd', 'new': 3.0}, {'col': 'Fireplace Qu', 'base': 'Gd', 'new': 3.0}, {'col': 'Garage Qual', 'base': 'TA', 'new': 2.0}, {'col': 'Garage Cond', 'base': 'TA', 'new': 2.0}, {'col': 'Open Porch SF', 'base': np.int64(191), 'new': 210.1}, {'col': 'Pool QC', 'base': 'No aplica', 'new': -1.0}]",optimization/sensibilidad_remodelacion_relajada/xgb_features_pid533206040_b100000.csv,/Users/ignaciocuevasschotte/Documents/GitHub/Optimizacion-Casas-Ames-Iowa-Capstone-/models/xgb/datos_nuevos_reexport/model_xgb.joblib
528445070,Somerst,p50,341538.6989736862,20000.0,,OPTIMAL,375248.0625,473901.06260658236,6923.62,91729.38010658236,13076.380000000001,0.346181,0.0,91729.38010658236,"[{'col': 'Utilities', 'base': 'AllPub', 'new': 3}, {'col': 'Exter Qual', 'base': 'Gd', 'new': 3.0}, {'col': 'Exter Cond', 'base': 'TA', 'new': 2.0}, {'col': 'Bsmt Cond', 'base': 'TA', 'new': 2.0}, {'col': 'Heating QC', 'base': 'Ex', 'new': 4.0}, {'col': 'Gr Liv Area', 'base': np.int64(1830), 'new': 3086.0}, {'col': 'Kitchen Qual', 'base': 'Gd', 'new': 3.0}, {'col': 'Fireplace Qu', 'base': 'No aplica', 'new': -1.0}, {'col': 'Garage Qual', 'base': 'TA', 'new': 2.0}, {'col': 'Garage Cond', 'base': 'TA', 'new': 2.0}, {'col': 'Pool QC', 'base': 'No aplica', 'new': -1.0}]",optimization/sensibilidad_remodelacion_relajada/xgb_features_pid528445070_b20000.csv,/Users/ignaciocuevasschotte/Documents/GitHub/Optimizacion-Casas-Ames-Iowa-Capstone-/models/xgb/datos_nuevos_reexport/model_xgb.joblib
528445070,Somerst,p50,341538.6989736862,50000.0,,OPTIMAL,375248.0625,507824.5302111305,33377.49499999999,99198.97271113051,16622.505000000012,0.6675498999999998,0.0,99198.97271113051,"[{'col': 'Utilities', 'base': 'AllPub', 'new': 3}, {'col': 'Exter Qual', 'base': 'Gd', 'new': 3.0}, {'col': 'Exter Cond', 'base': 'TA', 'new': 2.0}, {'col': 'Bsmt Cond', 'base': 'TA', 'new': 2.0}, {'col': 'Heating QC', 'base': 'Ex', 'new': 4.0}, {'col': 'Gr Liv Area', 'base': np.int64(1830), 'new': 3395.0}, {'col': 'Kitchen Qual', 'base': 'Gd', 'new': 3.0}, {'col': 'Fireplace Qu', 'base': 'No aplica', 'new': -1.0}, {'col': 'Garage Area', 'base': np.float64(859.0), 'new': 944.9}, {'col': 'Garage Qual', 'base': 'TA', 'new': 2.0}, {'col': 'Garage Cond', 'base': 'TA', 'new': 2.0}, {'col': 'Pool QC', 'base': 'No aplica', 'new': -1.0}]",optimization/sensibilidad_remodelacion_relajada/xgb_features_pid528445070_b50000.csv,/Users/ignaciocuevasschotte/Documents/GitHub/Optimizacion-Casas-Ames-Iowa-Capstone-/models/xgb/datos_nuevos_reexport/model_xgb.joblib
528445070,Somerst,p50,341538.6989736862,100000.0,,OPTIMAL,375248.0625,514919.29181179154,33377.494999999995,106293.73431179154,66622.505,0.33377494999999996,0.0,106293.73431179154,"[{'col': 'Utilities', 'base': 'AllPub', 'new': 3}, {'col': 'Exter Qual', 'base': 'Gd', 'new': 3.0}, {'col': 'Exter Cond', 'base': 'TA', 'new': 2.0}, {'col': 'Bsmt Cond', 'base': 'TA', 'new': 2.0}, {'col': 'Heating QC', 'base': 'Ex', 'new': 4.0}, {'col': 'Gr Liv Area', 'base': np.int64(1830), 'new': 3086.0}, {'col': 'Kitchen Qual', 'base': 'Gd', 'new': 3.0}, {'col': 'Fireplace Qu', 'base': 'No aplica', 'new': -1.0}, {'col': 'Garage Area', 'base': np.float64(859.0), 'new': 944.9}, {'col': 'Garage Qual', 'base': 'TA', 'new': 2.0}, {'col': 'Garage Cond', 'base': 'TA', 'new': 2.0}, {'col': 'Pool QC', 'base': 'No aplica', 'new': -1.0}]",optimization/sensibilidad_remodelacion_relajada/xgb_features_pid528445070_b100000.csv,/Users/ignaciocuevasschotte/Documents/GitHub/Optimizacion-Casas-Ames-Iowa-Capstone-/models/xgb/datos_nuevos_reexport/model_xgb.joblib
528429080,Somerst,p75,392662.807659788,20000.0,,OPTIMAL,402061.0625,551503.4768955404,16529.495999999966,132912.91839554044,3470.5040000000336,0.8264747999999983,0.0,132912.91839554044,"[{'col': 'Utilities', 'base': 'AllPub', 'new': 3}, {'col': 'Exter Qual', 'base': 'Gd', 'new': 3.0}, {'col': 'Exter Cond', 'base': 'TA', 'new': 2.0}, {'col': 'Bsmt Cond', 'base': 'TA', 'new': 2.0}, {'col': 'Heating QC', 'base': 'Ex', 'new': 4.0}, {'col': 'Gr Liv Area', 'base': np.int64(1506), 'new': 3395.0}, {'col': 'Kitchen Qual', 'base': 'Ex', 'new': 4.0}, {'col': 'Fireplace Qu', 'base': 'Gd', 'new': 3.0}, {'col': 'Garage Area', 'base': np.float64(592.0), 'new': 651.2}, {'col': 'Garage Qual', 'base': 'TA', 'new': 2.0}, {'col': 'Garage Cond', 'base': 'TA', 'new': 2.0}, {'col': 'Open Porch SF', 'base': np.int64(174), 'new': 208.8}, {'col': 'Pool QC', 'base': 'No aplica', 'new': -1.0}]",optimization/sensibilidad_remodelacion_relajada/xgb_features_pid528429080_b20000.csv,/Users/ignaciocuevasschotte/Documents/GitHub/Optimizacion-Casas-Ames-Iowa-Capstone-/models/xgb/datos_nuevos_reexport/model_xgb.joblib
528429080,Somerst,p75,392662.807659788,50000.0,,OPTIMAL,402061.0625,591760.0024749187,43733.973999999864,145964.96597491892,6266.026000000136,0.8746794799999973,2.1848308100684812e-07,145964.96597491892,"[{'col': 'Utilities', 'base': 'AllPub', 'new': 3}, {'col': 'Exter Qual', 'base': 'Gd', 'new': 3.0}, {'col': 'Exter Cond', 'base': 'TA', 'new': 2.0}, {'col': 'Bsmt Cond', 'base': 'TA', 'new': 2.0}, {'col': 'Heating QC', 'base': 'Ex', 'new': 4.0}, {'col': 'Gr Liv Area', 'base': np.int64(1506), 'new': 3086.0}, {'col': 'Kitchen Qual', 'base': 'Ex', 'new': 4.0}, {'col': 'Fireplace Qu', 'base': 'Gd', 'new': 3.0}, {'col': 'Garage Area', 'base': np.float64(592.0), 'new': 710.4}, {'col': 'Garage Qual', 'base': 'TA', 'new': 2.0}, {'col': 'Garage Cond', 'base': 'TA', 'new': 2.0}, {'col': 'Open Porch SF', 'base': np.int64(174), 'new': 208.8}, {'col': 'Pool QC', 'base': 'No aplica', 'new': -1.0}]",optimization/sensibilidad_remodelacion_relajada/xgb_features_pid528429080_b50000.csv,/Users/ignaciocuevasschotte/Documents/GitHub/Optimizacion-Casas-Ames-Iowa-Capstone-/models/xgb/datos_nuevos_reexport/model_xgb.joblib
528429080,Somerst,p75,392662.807659788,100000.0,,OPTIMAL,402061.0625,653502.4092976515,91669.974,159771.37279765145,8330.025999999998,0.91669974,0.0,159771.37279765145,"[{'col': 'Utilities', 'base': 'AllPub', 'new': 3}, {'col': 'Exter Qual', 'base': 'Gd', 'new': 3.0}, {'col': 'Exter Cond', 'base': 'TA', 'new': 2.0}, {'col': 'Bsmt Cond', 'base': 'TA', 'new': 2.0}, {'col': 'BsmtFin SF 1', 'base': np.float64(0.0), 'new': 1258.9999989999924}, {'col': 'BsmtFin SF 2', 'base': np.float64(0.0), 'new': 239.00000100000761}, {'col': 'Bsmt Unf SF', 'base': np.float64(1498.0), 'new': 0.0}, {'col': 'Heating QC', 'base': 'Ex', 'new': 4.0}, {'col': 'Gr Liv Area', 'base': np.int64(1506), 'new': 3395.0}, {'col': 'Kitchen Qual', 'base': 'Ex', 'new': 4.0}, {'col': 'Fireplace Qu', 'base': 'Gd', 'new': 3.0}, {'col': 'Garage Area', 'base': np.float64(592.0), 'new': 710.4}, {'col': 'Garage Qual', 'base': 'TA', 'new': 2.0}, {'col': 'Garage Cond', 'base': 'TA', 'new': 2.0}, {'col': 'Open Porch SF', 'base': np.int64(174), 'new': 208.8}, {'col': 'Pool QC', 'base': 'No aplica', 'new': -1.0}]",optimization/sensibilidad_remodelacion_relajada/xgb_features_pid528429080_b100000.csv,/Users/ignaciocuevasschotte/Documents/GitHub/Optimizacion-Casas-Ames-Iowa-Capstone-/models/xgb/datos_nuevos_reexport/model_xgb.joblib
528120020,NridgHt,p25,381050.0314589985,20000.0,,OPTIMAL,395241.46875,511080.46599912754,6923.62,108915.37724912754,13076.380000000001,0.346181,0.0,108915.37724912754,"[{'col': 'Utilities', 'base': 'AllPub', 'new': 3}, {'col': 'Exter Qual', 'base': 'Gd', 'new': 3.0}, {'col': 'Exter Cond', 'base': 'TA', 'new': 2.0}, {'col': 'Bsmt Cond', 'base': 'TA', 'new': 2.0}, {'col': 'Heating QC', 'base': 'Ex', 'new': 4.0}, {'col': 'Gr Liv Area', 'base': np.int64(1717), 'new': 3086.0}, {'col': 'Kitchen Qual', 'base': 'Gd', 'new': 3.0}, {'col': 'Fireplace Qu', 'base': 'Gd', 'new': 3.0}, {'col': 'Garage Qual', 'base': 'TA', 'new': 2.0}, {'col': 'Garage Cond', 'base': 'TA', 'new': 2.0}, {'col': 'Pool QC', 'base': 'No aplica', 'new': -1.0}]",optimization/sensibilidad_remodelacion_relajada/xgb_features_pid528120020_b20000.csv,/Users/ignaciocuevasschotte/Documents/GitHub/Optimizacion-Casas-Ames-Iowa-Capstone-/models/xgb/datos_nuevos_reexport/model_xgb.joblib
528120020,NridgHt,p25,381050.0314589985,50000.0,,OPTIMAL,395241.46875,543713.1623591161,25461.810000000016,123009.88360911614,24538.189999999984,0.5092362000000004,0.0,123009.88360911614,"[{'col': 'Utilities', 'base': 'AllPub', 'new': 3}, {'col': 'Exter Qual', 'base': 'Gd', 'new': 3.0}, {'col': 'Exter Cond', 'base': 'TA', 'new': 2.0}, {'col': 'Bsmt Cond', 'base': 'TA', 'new': 2.0}, {'col': 'Heating QC', 'base': 'Ex', 'new': 4.0}, {'col': 'Gr Liv Area', 'base': np.int64(1717), 'new': 3086.0}, {'col': 'Kitchen Qual', 'base': 'Gd', 'new': 3.0}, {'col': 'Fireplace Qu', 'base': 'Gd', 'new': 3.0}, {'col': 'Garage Qual', 'base': 'TA', 'new': 2.0}, {'col': 'Garage Cond', 'base': 'TA', 'new': 2.0}, {'col': 'Pool QC', 'base': 'No aplica', 'new': -1.0}]",optimization/sensibilidad_remodelacion_relajada/xgb_features_pid528120020_b50000.csv,/Users/ignaciocuevasschotte/Documents/GitHub/Optimizacion-Casas-Ames-Iowa-Capstone-/models/xgb/datos_nuevos_reexport/model_xgb.joblib
528120020,NridgHt,p25,381050.0314589985,100000.0,,OPTIMAL,395241.46875,552501.6684197893,25461.809999999994,131798.38966978935,74538.19,0.25461809999999996,0.0,131798.38966978935,"[{'col': 'Utilities', 'base': 'AllPub', 'new': 3}, {'col': 'Exter Qual', 'base': 'Gd', 'new': 3.0}, {'col': 'Exter Cond', 'base': 'TA', 'new': 2.0}, {'col': 'Bsmt Cond', 'base': 'TA', 'new': 2.0}, {'col': 'Heating QC', 'base': 'Ex', 'new': 4.0}, {'col': 'Gr Liv Area', 'base': np.int64(1717), 'new': 3395.0}, {'col': 'Kitchen Qual', 'base': 'Gd', 'new': 3.0}, {'col': 'Fireplace Qu', 'base': 'Gd', 'new': 3.0}, {'col': 'Garage Qual', 'base': 'TA', 'new': 2.0}, {'col': 'Garage Cond', 'base': 'TA', 'new': 2.0}, {'col': 'Pool QC', 'base': 'No aplica', 'new': -1.0}]",optimization/sensibilidad_remodelacion_relajada/xgb_features_pid528120020_b100000.csv,/Users/ignaciocuevasschotte/Documents/GitHub/Optimizacion-Casas-Ames-Iowa-Capstone-/models/xgb/datos_nuevos_reexport/model_xgb.joblib
528102090,NridgHt,p50,485860.02006327646,20000.0,,OPTIMAL,505670.34375,637579.8672317,6923.62,124985.90348169999,13076.380000000001,0.346181,0.0,124985.90348169999,"[{'col': 'Utilities', 'base': 'AllPub', 'new': 3}, {'col': 'Exter Qual', 'base': 'Ex', 'new': 4.0}, {'col': 'Exter Cond', 'base': 'TA', 'new': 2.0}, {'col': 'Bsmt Cond', 'base': 'TA', 'new': 2.0}, {'col': 'Heating QC', 'base': 'Ex', 'new': 4.0}, {'col': 'Gr Liv Area', 'base': np.int64(1828), 'new': 3395.0}, {'col': 'Kitchen Qual', 'base': 'Gd', 'new': 3.0}, {'col': 'Fireplace Qu', 'base': 'Gd', 'new': 3.0}, {'col': 'Garage Qual', 'base': 'TA', 'new': 2.0}, {'col': 'Garage Cond', 'base': 'TA', 'new': 2.0}, {'col': 'Pool QC', 'base': 'No aplica', 'new': -1.0}]",optimization/sensibilidad_remodelacion_relajada/xgb_features_pid528102090_b20000.csv,/Users/ignaciocuevasschotte/Documents/GitHub/Optimizacion-Casas-Ames-Iowa-Capstone-/models/xgb/datos_nuevos_reexport/model_xgb.joblib
528102090,NridgHt,p50,485860.02006327646,50000.0,,OPTIMAL,505670.34375,672260.1140051305,25461.809999999994,141127.96025513054,24538.190000000006,0.5092361999999999,0.0,141127.96025513054,"[{'col': 'Utilities', 'base': 'AllPub', 'new': 3}, {'col': 'Exter Qual', 'base': 'Ex', 'new': 4.0}, {'col': 'Exter Cond', 'base': 'TA', 'new': 2.0}, {'col': 'Bsmt Cond', 'base': 'TA', 'new': 2.0}, {'col': 'Heating QC', 'base': 'Ex', 'new': 4.0}, {'col': 'Gr Liv Area', 'base': np.int64(1828), 'new': 3395.0}, {'col': 'Kitchen Qual', 'base': 'Gd', 'new': 3.0}, {'col': 'Fireplace Qu', 'base': 'Gd', 'new': 3.0}, {'col': 'Garage Qual', 'base': 'TA', 'new': 2.0}, {'col': 'Garage Cond', 'base': 'TA', 'new': 2.0}, {'col': 'Pool QC', 'base': 'No aplica', 'new': -1.0}]",optimization/sensibilidad_remodelacion_relajada/xgb_features_pid528102090_b50000.csv,/Users/ignaciocuevasschotte/Documents/GitHub/Optimizacion-Casas-Ames-Iowa-Capstone-/models/xgb/datos_nuevos_reexport/model_xgb.joblib
528102090,NridgHt,p50,485860.02006327646,100000.0,,OPTIMAL,505670.34375,736595.9850229884,82229.81,148695.83127298835,17770.190000000002,0.8222981,0.0,148695.83127298835,"[{'col': 'Utilities', 'base': 'AllPub', 'new': 3}, {'col': 'Exter Qual', 'base': 'Ex', 'new': 4.0}, {'col': 'Exter Cond', 'base': 'TA', 'new': 2.0}, {'col': 'Bsmt Cond', 'base': 'TA', 'new': 2.0}, {'col': 'BsmtFin SF 1', 'base': np.float64(48.0), 'new': 1731.9999989999924}, {'col': 'BsmtFin SF 2', 'base': np.float64(0.0), 'new': 90.00000100000761}, {'col': 'Bsmt Unf SF', 'base': np.float64(1774.0), 'new': 0.0}, {'col': 'Heating QC', 'base': 'Ex', 'new': 4.0}, {'col': 'Gr Liv Area', 'base': np.int64(1828), 'new': 3394.9999989999997}, {'col': 'Kitchen Qual', 'base': 'Gd', 'new': 3.0}, {'col': 'Fireplace Qu', 'base': 'Gd', 'new': 3.0}, {'col': 'Garage Qual', 'base': 'TA', 'new': 2.0}, {'col': 'Garage Cond', 'base': 'TA', 'new': 2.0}, {'col': 'Pool QC', 'base': 'No aplica', 'new': -1.0}]",optimization/sensibilidad_remodelacion_relajada/xgb_features_pid528102090_b100000.csv,/Users/ignaciocuevasschotte/Documents/GitHub/Optimizacion-Casas-Ames-Iowa-Capstone-/models/xgb/datos_nuevos_reexport/model_xgb.joblib
528150040,NridgHt,p75,574118.3733312755,20000.0,,OPTIMAL,537028.125,674967.2110252124,6923.62,131015.46602521243,13076.380000000001,0.346181,0.0,131015.46602521243,"[{'col': 'Utilities', 'base': 'AllPub', 'new': 3}, {'col': 'Exter Qual', 'base': 'Ex', 'new': 4.0}, {'col': 'Exter Cond', 'base': 'TA', 'new': 2.0}, {'col': 'Bsmt Cond', 'base': 'TA', 'new': 2.0}, {'col': 'Heating QC', 'base': 'Ex', 'new': 4.0}, {'col': 'Gr Liv Area', 'base': np.int64(1802), 'new': 3086.0}, {'col': 'Kitchen Qual', 'base': 'Ex', 'new': 4.0}, {'col': 'Fireplace Qu', 'base': 'Gd', 'new': 3.0}, {'col': 'Garage Qual', 'base': 'TA', 'new': 2.0}, {'col': 'Garage Cond', 'base': 'TA', 'new': 2.0}, {'col': 'Pool QC', 'base': 'No aplica', 'new': -1.0}]",optimization/sensibilidad_remodelacion_relajada/xgb_features_pid528150040_b20000.csv,/Users/ignaciocuevasschotte/Documents/GitHub/Optimizacion-Casas-Ames-Iowa-Capstone-/models/xgb/datos_nuevos_reexport/model_xgb.joblib
528150040,NridgHt,p75,574118.3733312755,50000.0,,OPTIMAL,537028.125,725879.4412831792,33230.055,155621.26128317916,16769.945,0.6646011000000001,0.0,155621.26128317916,"[{'col': 'Utilities', 'base': 'AllPub', 'new': 3}, {'col': 'Exter Qual', 'base': 'Ex', 'new': 4.0}, {'col': 'Exter Cond', 'base': 'TA', 'new': 2.0}, {'col': 'Bsmt Cond', 'base': 'TA', 'new': 2.0}, {'col': 'Heating QC', 'base': 'Ex', 'new': 4.0}, {'col': 'Gr Liv Area', 'base': np.int64(1802), 'new': 3086.0}, {'col': 'Kitchen Qual', 'base': 'Ex', 'new': 4.0}, {'col': 'Fireplace Qu', 'base': 'Gd', 'new': 3.0}, {'col': 'Garage Area', 'base': np.float64(843.0), 'new': 927.3}, {'col': 'Garage Qual', 'base': 'TA', 'new': 2.0}, {'col': 'Garage Cond', 'base': 'TA', 'new': 2.0}, {'col': 'Pool QC', 'base': 'No aplica', 'new': -1.0}]",optimization/sensibilidad_remodelacion_relajada/xgb_features_pid528150040_b50000.csv,/Users/ignaciocuevasschotte/Documents/GitHub/Optimizacion-Casas-Ames-Iowa-Capstone-/models/xgb/datos_nuevos_reexport/model_xgb.joblib
528150040,NridgHt,p75,574118.3733312755,100000.0,,OPTIMAL,537028.125,770947.6421212784,61230.05499999999,172689.4621212785,38769.94500000001,0.6123005499999999,5.3693311776644075e-05,172689.4621212785,"[{'col': 'Utilities', 'base': 'AllPub', 'new': 3}, {'col': 'Exter Qual', 'base': 'Ex', 'new': 4.0}, {'col': 'Exter Cond', 'base': 'TA', 'new': 2.0}, {'col': 'Bsmt Cond', 'base': 'TA', 'new': 2.0}, {'col': 'Heating QC', 'base': 'Ex', 'new': 4.0}, {'col': '1st Flr SF', 'base': np.int64(1802), 'new': 1842.0}, {'col': 'Gr Liv Area', 'base': np.int64(1802), 'new': 3086.0}, {'col': 'Full Bath', 'base': np.int64(2), 'new': 3.0}, {'col': 'Kitchen Qual', 'base': 'Ex', 'new': 4.0}, {'col': 'Fireplace Qu', 'base': 'Gd', 'new': 3.0}, {'col': 'Garage Area', 'base': np.float64(843.0), 'new': 927.3}, {'col': 'Garage Qual', 'base': 'TA', 'new': 2.0}, {'col': 'Garage Cond', 'base': 'TA', 'new': 2.0}, {'col': 'Pool QC', 'base': 'No aplica', 'new': -1.0}]",optimization/sensibilidad_remodelacion_relajada/xgb_features_pid528150040_b100000.csv,/Users/ignaciocuevasschotte/Documents/GitHub/Optimizacion-Casas-Ames-Iowa-Capstone-/models/xgb/datos_nuevos_reexport/model_xgb.joblib
527107090,Gilbert,p25,264468.95295790094,20000.0,,OPTIMAL,265236.375,345313.62165527896,7283.005,72794.24165527895,12716.994999999999,0.36415025,0.0,72794.24165527895,"[{'col': 'Utilities', 'base': 'AllPub', 'new': 3}, {'col': 'Exter Qual', 'base': 'Gd', 'new': 3.0}, {'col': 'Exter Cond', 'base': 'TA', 'new': 2.0}, {'col': 'Bsmt Cond', 'base': 'TA', 'new': 2.0}, {'col': 'Heating QC', 'base': 'Gd', 'new': 3.0}, {'col': 'Gr Liv Area', 'base': np.int64(1384), 'new': 3086.0}, {'col': 'Kitchen Qual', 'base': 'Gd', 'new': 3.0}, {'col': 'Fireplace Qu', 'base': 'No aplica', 'new': -1.0}, {'col': 'Garage Qual', 'base': 'TA', 'new': 2.0}, {'col': 'Garage Cond', 'base': 'TA', 'new': 2.0}, {'col': 'Open Porch SF', 'base': np.int64(39), 'new': 42.9}, {'col': 'Pool QC', 'base': 'No aplica', 'new': -1.0}]",optimization/sensibilidad_remodelacion_relajada/xgb_features_pid527107090_b20000.csv,/Users/ignaciocuevasschotte/Documents/GitHub/Optimizacion-Casas-Ames-Iowa-Capstone-/models/xgb/datos_nuevos_reexport/model_xgb.joblib
527107090,Gilbert,p25,264468.95295790094,50000.0,,OPTIMAL,265236.375,367218.0611034027,25821.195,76160.49110340269,24178.805,0.5164239,0.0,76160.49110340269,"[{'col': 'Utilities', 'base': 'AllPub', 'new': 3}, {'col': 'Exter Qual', 'base': 'Gd', 'new': 3.0}, {'col': 'Exter Cond', 'base': 'TA', 'new': 2.0}, {'col': 'Bsmt Cond', 'base': 'TA', 'new': 2.0}, {'col': 'Heating QC', 'base': 'Gd', 'new': 3.0}, {'col': 'Gr Liv Area', 'base': np.int64(1384), 'new': 3086.0}, {'col': 'Kitchen Qual', 'base': 'Gd', 'new': 3.0}, {'col': 'Fireplace Qu', 'base': 'No aplica', 'new': -1.0}, {'col': 'Garage Qual', 'base': 'TA', 'new': 2.0}, {'col': 'Garage Cond', 'base': 'TA', 'new': 2.0}, {'col': 'Open Porch SF', 'base': np.int64(39), 'new': 42.9}, {'col': 'Pool QC', 'base': 'No aplica', 'new': -1.0}]",optimization/sensibilidad_remodelacion_relajada/xgb_features_pid527107090_b50000.csv,/Users/ignaciocuevasschotte/Documents/GitHub/Optimizacion-Casas-Ames-Iowa-Capstone-/models/xgb/datos_nuevos_reexport/model_xgb.joblib
527107090,Gilbert,p25,264468.95295790094,100000.0,,OPTIMAL,265236.375,372581.85364776326,25821.195000000003,81524.28364776325,74178.805,0.25821195,0.0,81524.28364776325,"[{'col': 'Utilities', 'base': 'AllPub', 'new': 3}, {'col': 'Exter Qual', 'base': 'Gd', 'new': 3.0}, {'col': 'Exter Cond', 'base': 'TA', 'new': 2.0}, {'col': 'Bsmt Cond', 'base': 'TA', 'new': 2.0}, {'col': 'Heating QC', 'base': 'Gd', 'new': 3.0}, {'col': 'Gr Liv Area', 'base': np.int64(1384), 'new': 3086.0}, {'col': 'Kitchen Qual', 'base': 'Gd', 'new': 3.0}, {'col': 'Fireplace Qu', 'base': 'No aplica', 'new': -1.0}, {'col': 'Garage Qual', 'base': 'TA', 'new': 2.0}, {'col': 'Garage Cond', 'base': 'TA', 'new': 2.0}, {'col': 'Open Porch SF', 'base': np.int64(39), 'new': 42.9}, {'col': 'Pool QC', 'base': 'No aplica', 'new': -1.0}]",optimization/sensibilidad_remodelacion_relajada/xgb_features_pid527107090_b100000.csv,/Users/ignaciocuevasschotte/Documents/GitHub/Optimizacion-Casas-Ames-Iowa-Capstone-/models/xgb/datos_nuevos_reexport/model_xgb.joblib
528218050,Gilbert,p50,276101.5510456054,20000.0,,OPTIMAL,270724.46875,348409.35413233115,6923.62,70761.26538233116,13076.380000000001,0.346181,0.0,70761.26538233116,"[{'col': 'Utilities', 'base': 'AllPub', 'new': 3}, {'col': 'Exter Qual', 'base': 'Gd', 'new': 3.0}, {'col': 'Exter Cond', 'base': 'TA', 'new': 2.0}, {'col': 'Bsmt Cond', 'base': 'TA', 'new': 2.0}, {'col': 'Heating QC', 'base': 'Ex', 'new': 4.0}, {'col': 'Gr Liv Area', 'base': np.int64(1484), 'new': 3395.0}, {'col': 'Kitchen Qual', 'base': 'Gd', 'new': 3.0}, {'col': 'Fireplace Qu', 'base': 'Gd', 'new': 3.0}, {'col': 'Garage Qual', 'base': 'TA', 'new': 2.0}, {'col': 'Garage Cond', 'base': 'TA', 'new': 2.0}, {'col': 'Pool QC', 'base': 'No aplica', 'new': -1.0}]",optimization/sensibilidad_remodelacion_relajada/xgb_features_pid528218050_b20000.csv,/Users/ignaciocuevasschotte/Documents/GitHub/Optimizacion-Casas-Ames-Iowa-Capstone-/models/xgb/datos_nuevos_reexport/model_xgb.joblib
528218050,Gilbert,p50,276101.5510456054,50000.0,,OPTIMAL,270724.46875,367400.9213398793,25461.81,71214.64258987928,24538.19,0.5092362,0.0,71214.64258987928,"[{'col': 'Utilities', 'base': 'AllPub', 'new': 3}, {'col': 'Exter Qual', 'base': 'Gd', 'new': 3.0}, {'col': 'Exter Cond', 'base': 'TA', 'new': 2.0}, {'col': 'Bsmt Cond', 'base': 'TA', 'new': 2.0}, {'col': 'Heating QC', 'base': 'Ex', 'new': 4.0}, {'col': 'Gr Liv Area', 'base': np.int64(1484), 'new': 3395.0}, {'col': 'Kitchen Qual', 'base': 'Gd', 'new': 3.0}, {'col': 'Fireplace Qu', 'base': 'Gd', 'new': 3.0}, {'col': 'Garage Qual', 'base': 'TA', 'new': 2.0}, {'col': 'Garage Cond', 'base': 'TA', 'new': 2.0}, {'col': 'Pool QC', 'base': 'No aplica', 'new': -1.0}]",optimization/sensibilidad_remodelacion_relajada/xgb_features_pid528218050_b50000.csv,/Users/ignaciocuevasschotte/Documents/GitHub/Optimizacion-Casas-Ames-Iowa-Capstone-/models/xgb/datos_nuevos_reexport/model_xgb.joblib
528218050,Gilbert,p50,276101.5510456054,100000.0,,OPTIMAL,270724.46875,373109.2792350331,25461.809999999994,76923.00048503309,74538.19,0.25461809999999996,0.0,76923.00048503309,"[{'col': 'Utilities', 'base': 'AllPub', 'new': 3}, {'col': 'Exter Qual', 'base': 'Gd', 'new': 3.0}, {'col': 'Exter Cond', 'base': 'TA', 'new': 2.0}, {'col': 'Bsmt Cond', 'base': 'TA', 'new': 2.0}, {'col': 'Heating QC', 'base': 'Ex', 'new': 4.0}, {'col': 'Gr Liv Area', 'base': np.int64(1484), 'new': 3086.0}, {'col': 'Kitchen Qual', 'base': 'Gd', 'new': 3.0}, {'col': 'Fireplace Qu', 'base': 'Gd', 'new': 3.0}, {'col': 'Garage Qual', 'base': 'TA', 'new': 2.0}, {'col': 'Garage Cond', 'base': 'TA', 'new': 2.0}, {'col': 'Pool QC', 'base': 'No aplica', 'new': -1.0}]",optimization/sensibilidad_remodelacion_relajada/xgb_features_pid528218050_b100000.csv,/Users/ignaciocuevasschotte/Documents/GitHub/Optimizacion-Casas-Ames-Iowa-Capstone-/models/xgb/datos_nuevos_reexport/model_xgb.joblib
528222020,Gilbert,p75,293872.33451413485,20000.0,,OPTIMAL,289950.75,380731.57289710833,7218.5,83562.32289710833,12781.5,0.360925,0.0,83562.32289710833,"[{'col': 'Utilities', 'base': 'AllPub', 'new': 3}, {'col': 'Exter Qual', 'base': 'Gd', 'new': 3.0}, {'col': 'Exter Cond', 'base': 'TA', 'new': 2.0}, {'col': 'Bsmt Cond', 'base': 'TA', 'new': 2.0}, {'col': 'Heating QC', 'base': 'Ex', 'new': 4.0}, {'col': 'Gr Liv Area', 'base': np.int64(1492), 'new': 3086.0}, {'col': 'Kitchen Qual', 'base': 'Gd', 'new': 3.0}, {'col': 'Fireplace Qu', 'base': 'No aplica', 'new': -1.0}, {'col': 'Garage Qual', 'base': 'TA', 'new': 2.0}, {'col': 'Garage Cond', 'base': 'TA', 'new': 2.0}, {'col': 'Open Porch SF', 'base': np.int64(32), 'new': 35.2}, {'col': 'Pool QC', 'base': 'No aplica', 'new': -1.0}]",optimization/sensibilidad_remodelacion_relajada/xgb_features_pid528222020_b20000.csv,/Users/ignaciocuevasschotte/Documents/GitHub/Optimizacion-Casas-Ames-Iowa-Capstone-/models/xgb/datos_nuevos_reexport/model_xgb.joblib
528222020,Gilbert,p75,293872.33451413485,50000.0,,OPTIMAL,289950.75,403335.5502002482,25756.69,87628.1102002482,24243.31,0.5151338,0.0,87628.1102002482,"[{'col': 'Utilities', 'base': 'AllPub', 'new': 3}, {'col': 'Exter Qual', 'base': 'Gd', 'new': 3.0}, {'col': 'Exter Cond', 'base': 'TA', 'new': 2.0}, {'col': 'Bsmt Cond', 'base': 'TA', 'new': 2.0}, {'col': 'Heating QC', 'base': 'Ex', 'new': 4.0}, {'col': 'Gr Liv Area', 'base': np.int64(1492), 'new': 3395.0}, {'col': 'Kitchen Qual', 'base': 'Gd', 'new': 3.0}, {'col': 'Fireplace Qu', 'base': 'No aplica', 'new': -1.0}, {'col': 'Garage Qual', 'base': 'TA', 'new': 2.0}, {'col': 'Garage Cond', 'base': 'TA', 'new': 2.0}, {'col': 'Open Porch SF', 'base': np.int64(32), 'new': 35.2}, {'col': 'Pool QC', 'base': 'No aplica', 'new': -1.0}]",optimization/sensibilidad_remodelacion_relajada/xgb_features_pid528222020_b50000.csv,/Users/ignaciocuevasschotte/Documents/GitHub/Optimizacion-Casas-Ames-Iowa-Capstone-/models/xgb/datos_nuevos_reexport/model_xgb.joblib
528222020,Gilbert,p75,293872.33451413485,100000.0,,OPTIMAL,289950.75,408982.9074998821,25756.690000000002,93275.4674998821,74243.31,0.25756690000000004,0.0,93275.4674998821,"[{'col': 'Utilities', 'base': 'AllPub', 'new': 3}, {'col': 'Exter Qual', 'base': 'Gd', 'new': 3.0}, {'col': 'Exter Cond', 'base': 'TA', 'new': 2.0}, {'col': 'Bsmt Cond', 'base': 'TA', 'new': 2.0}, {'col': 'Heating QC', 'base': 'Ex', 'new': 4.0}, {'col': 'Gr Liv Area', 'base': np.int64(1492), 'new': 3086.0}, {'col': 'Kitchen Qual', 'base': 'Gd', 'new': 3.0}, {'col': 'Fireplace Qu', 'base': 'No aplica', 'new': -1.0}, {'col': 'Garage Qual', 'base': 'TA', 'new': 2.0}, {'col': 'Garage Cond', 'base': 'TA', 'new': 2.0}, {'col': 'Open Porch SF', 'base': np.int64(32), 'new': 35.2}, {'col': 'Pool QC', 'base': 'No aplica', 'new': -1.0}]",optimization/sensibilidad_remodelacion_relajada/xgb_features_pid528222020_b100000.csv,/Users/ignaciocuevasschotte/Documents/GitHub/Optimizacion-Casas-Ames-Iowa-Capstone-/models/xgb/datos_nuevos_reexport/model_xgb.joblib
532351050,Sawyer,p25,190286.82393823116,20000.0,,OPTIMAL,189226.515625,264850.1202036988,15096.93,60526.67457869882,4903.07,0.7548465,0.0,60526.67457869882,"[{'col': 'Utilities', 'base': 'AllPub', 'new': 3}, {'col': 'Exter Qual', 'base': 'TA', 'new': 3.0}, {'col': 'Exter Cond', 'base': 'TA', 'new': 2.0}, {'col': 'Bsmt Cond', 'base': 'Gd', 'new': 3.0}, {'col': 'BsmtFin SF 1', 'base': np.float64(53.0), 'new': 170.0}, {'col': 'BsmtFin SF 2', 'base': np.float64(799.0), 'new': 814.0}, {'col': 'Bsmt Unf SF', 'base': np.float64(132.0), 'new': 0.0}, {'col': 'Heating QC', 'base': 'TA', 'new': 2.0}, {'col': 'Gr Liv Area', 'base': np.int64(984), 'new': 3395.0}, {'col': 'Kitchen Qual', 'base': 'TA', 'new': 2.0}, {'col': 'Fireplace Qu', 'base': 'TA', 'new': 2.0}, {'col': 'Garage Qual', 'base': 'TA', 'new': 2.0}, {'col': 'Garage Cond', 'base': 'TA', 'new': 2.0}, {'col': 'Pool QC', 'base': 'No aplica', 'new': -1.0}]",optimization/sensibilidad_remodelacion_relajada/xgb_features_pid532351050_b20000.csv,/Users/ignaciocuevasschotte/Documents/GitHub/Optimizacion-Casas-Ames-Iowa-Capstone-/models/xgb/datos_nuevos_reexport/model_xgb.joblib
532351050,Sawyer,p25,190286.82393823116,50000.0,,OPTIMAL,189226.515625,265548.20042193274,15096.929999999995,61224.75479693274,34903.07000000001,0.3019385999999999,0.0,61224.75479693274,"[{'col': 'Utilities', 'base': 'AllPub', 'new': 3}, {'col': 'Exter Qual', 'base': 'TA', 'new': 3.0}, {'col': 'Exter Cond', 'base': 'TA', 'new': 2.0}, {'col': 'Bsmt Cond', 'base': 'Gd', 'new': 3.0}, {'col': 'BsmtFin SF 1', 'base': np.float64(53.0), 'new': 176.0}, {'col': 'BsmtFin SF 2', 'base': np.float64(799.0), 'new': 808.0}, {'col': 'Bsmt Unf SF', 'base': np.float64(132.0), 'new': 0.0}, {'col': 'Heating QC', 'base': 'TA', 'new': 2.0}, {'col': 'Gr Liv Area', 'base': np.int64(984), 'new': 3086.0}, {'col': 'Kitchen Qual', 'base': 'TA', 'new': 2.0}, {'col': 'Fireplace Qu', 'base': 'TA', 'new': 2.0}, {'col': 'Garage Qual', 'base': 'TA', 'new': 2.0}, {'col': 'Garage Cond', 'base': 'TA', 'new': 2.0}, {'col': 'Pool QC', 'base': 'No aplica', 'new': -1.0}]",optimization/sensibilidad_remodelacion_relajada/xgb_features_pid532351050_b50000.csv,/Users/ignaciocuevasschotte/Documents/GitHub/Optimizacion-Casas-Ames-Iowa-Capstone-/models/xgb/datos_nuevos_reexport/model_xgb.joblib
532351050,Sawyer,p25,190286.82393823116,100000.0,,OPTIMAL,189226.515625,265719.17798529007,15096.93,61395.73236029007,84903.07,0.1509693,0.0,61395.73236029007,"[{'col': 'Utilities', 'base': 'AllPub', 'new': 3}, {'col': 'Exter Qual', 'base': 'TA', 'new': 3.0}, {'col': 'Exter Cond', 'base': 'TA', 'new': 2.0}, {'col': 'Bsmt Cond', 'base': 'Gd', 'new': 3.0}, {'col': 'BsmtFin SF 1', 'base': np.float64(53.0), 'new': 176.0}, {'col': 'BsmtFin SF 2', 'base': np.float64(799.0), 'new': 808.0}, {'col': 'Bsmt Unf SF', 'base': np.float64(132.0), 'new': 0.0}, {'col': 'Heating QC', 'base': 'TA', 'new': 2.0}, {'col': 'Gr Liv Area', 'base': np.int64(984), 'new': 3086.0}, {'col': 'Kitchen Qual', 'base': 'TA', 'new': 2.0}, {'col': 'Fireplace Qu', 'base': 'TA', 'new': 2.0}, {'col': 'Garage Qual', 'base': 'TA', 'new': 2.0}, {'col': 'Garage Cond', 'base': 'TA', 'new': 2.0}, {'col': 'Pool QC', 'base': 'No aplica', 'new': -1.0}]",optimization/sensibilidad_remodelacion_relajada/xgb_features_pid532351050_b100000.csv,/Users/ignaciocuevasschotte/Documents/GitHub/Optimizacion-Casas-Ames-Iowa-Capstone-/models/xgb/datos_nuevos_reexport/model_xgb.joblib
532378220,Sawyer,p50,205122.09884995883,20000.0,,OPTIMAL,204318.8125,292176.1621304269,11372.93,76484.41963042691,8627.07,0.5686465,0.0,76484.41963042691,"[{'col': 'Utilities', 'base': 'AllPub', 'new': 3}, {'col': 'Exter Qual', 'base': 'TA', 'new': 3.0}, {'col': 'Exter Cond', 'base': 'TA', 'new': 2.0}, {'col': 'Bsmt Cond', 'base': 'TA', 'new': 2.0}, {'col': 'Heating QC', 'base': 'TA', 'new': 2.0}, {'col': 'Gr Liv Area', 'base': np.int64(941), 'new': 3395.0}, {'col': 'Kitchen Qual', 'base': 'TA', 'new': 2.0}, {'col': 'Fireplace Qu', 'base': 'Po', 'new': 1.0}, {'col': 'Garage Qual', 'base': 'TA', 'new': 2.0}, {'col': 'Garage Cond', 'base': 'TA', 'new': 2.0}, {'col': 'Pool QC', 'base': 'No aplica', 'new': -1.0}]",optimization/sensibilidad_remodelacion_relajada/xgb_features_pid532378220_b20000.csv,/Users/ignaciocuevasschotte/Documents/GitHub/Optimizacion-Casas-Ames-Iowa-Capstone-/models/xgb/datos_nuevos_reexport/model_xgb.joblib
532378220,Sawyer,p50,205122.09884995883,50000.0,,OPTIMAL,204318.8125,293625.39753883425,11372.93,77933.65503883426,38627.07,0.2274586,0.0,77933.65503883426,"[{'col': 'Utilities', 'base': 'AllPub', 'new': 3}, {'col': 'Exter Qual', 'base': 'TA', 'new': 3.0}, {'col': 'Exter Cond', 'base': 'TA', 'new': 2.0}, {'col': 'Bsmt Cond', 'base': 'TA', 'new': 2.0}, {'col': 'Heating QC', 'base': 'TA', 'new': 2.0}, {'col': 'Gr Liv Area', 'base': np.int64(941), 'new': 3395.0}, {'col': 'Kitchen Qual', 'base': 'TA', 'new': 2.0}, {'col': 'Fireplace Qu', 'base': 'Po', 'new': 1.0}, {'col': 'Garage Qual', 'base': 'TA', 'new': 2.0}, {'col': 'Garage Cond', 'base': 'TA', 'new': 2.0}, {'col': 'Pool QC', 'base': 'No aplica', 'new': -1.0}]",optimization/sensibilidad_remodelacion_relajada/xgb_features_pid532378220_b50000.csv,/Users/ignaciocuevasschotte/Documents/GitHub/Optimizacion-Casas-Ames-Iowa-Capstone-/models/xgb/datos_nuevos_reexport/model_xgb.joblib
532378220,Sawyer,p50,205122.09884995883,100000.0,,OPTIMAL,204318.8125,294183.67877157155,11372.930000000002,78491.93627157155,88627.06999999999,0.11372930000000002,0.0,78491.93627157155,"[{'col': 'Utilities', 'base': 'AllPub', 'new': 3}, {'col': 'Exter Qual', 'base': 'TA', 'new': 3.0}, {'col': 'Exter Cond', 'base': 'TA', 'new': 2.0}, {'col': 'Bsmt Cond', 'base': 'TA', 'new': 2.0}, {'col': 'Heating QC', 'base': 'TA', 'new': 2.0}, {'col': 'Gr Liv Area', 'base': np.int64(941), 'new': 3395.0}, {'col': 'Kitchen Qual', 'base': 'TA', 'new': 2.0}, {'col': 'Fireplace Qu', 'base': 'Po', 'new': 1.0}, {'col': 'Garage Qual', 'base': 'TA', 'new': 2.0}, {'col': 'Garage Cond', 'base': 'TA', 'new': 2.0}, {'col': 'Pool QC', 'base': 'No aplica', 'new': -1.0}]",optimization/sensibilidad_remodelacion_relajada/xgb_features_pid532378220_b100000.csv,/Users/ignaciocuevasschotte/Documents/GitHub/Optimizacion-Casas-Ames-Iowa-Capstone-/models/xgb/datos_nuevos_reexport/model_xgb.joblib
532353030,Sawyer,p75,228619.05754174976,20000.0,,OPTIMAL,232078.109375,318951.20828644704,10872.93,76000.16891144705,9127.07,0.5436465,0.0,76000.16891144705,"[{'col': 'Utilities', 'base': 'AllPub', 'new': 3}, {'col': 'Exter Qual', 'base': 'TA', 'new': 3.0}, {'col': 'Exter Cond', 'base': 'TA', 'new': 2.0}, {'col': 'Bsmt Cond', 'base': 'TA', 'new': 2.0}, {'col': 'Heating QC', 'base': 'Gd', 'new': 3.0}, {'col': 'Gr Liv Area', 'base': np.int64(1211), 'new': 3395.0}, {'col': 'Kitchen Qual', 'base': 'TA', 'new': 2.0}, {'col': 'Fireplace Qu', 'base': 'TA', 'new': 2.0}, {'col': 'Garage Qual', 'base': 'TA', 'new': 2.0}, {'col': 'Garage Cond', 'base': 'TA', 'new': 2.0}, {'col': 'Pool QC', 'base': 'No aplica', 'new': -1.0}]",optimization/sensibilidad_remodelacion_relajada/xgb_features_pid532353030_b20000.csv,/Users/ignaciocuevasschotte/Documents/GitHub/Optimizacion-Casas-Ames-Iowa-Capstone-/models/xgb/datos_nuevos_reexport/model_xgb.joblib
532353030,Sawyer,p75,228619.05754174976,50000.0,,OPTIMAL,232078.109375,320090.5761192686,10872.929999999997,77139.53674426861,39127.07000000001,0.21745859999999995,0.0,77139.53674426861,"[{'col': 'Utilities', 'base': 'AllPub', 'new': 3}, {'col': 'Exter Qual', 'base': 'TA', 'new': 3.0}, {'col': 'Exter Cond', 'base': 'TA', 'new': 2.0}, {'col': 'Bsmt Cond', 'base': 'TA', 'new': 2.0}, {'col': 'Heating QC', 'base': 'Gd', 'new': 3.0}, {'col': 'Gr Liv Area', 'base': np.int64(1211), 'new': 3086.0}, {'col': 'Kitchen Qual', 'base': 'TA', 'new': 2.0}, {'col': 'Fireplace Qu', 'base': 'TA', 'new': 2.0}, {'col': 'Garage Qual', 'base': 'TA', 'new': 2.0}, {'col': 'Garage Cond', 'base': 'TA', 'new': 2.0}, {'col': 'Pool QC', 'base': 'No aplica', 'new': -1.0}]",optimization/sensibilidad_remodelacion_relajada/xgb_features_pid532353030_b50000.csv,/Users/ignaciocuevasschotte/Documents/GitHub/Optimizacion-Casas-Ames-Iowa-Capstone-/models/xgb/datos_nuevos_reexport/model_xgb.joblib
532353030,Sawyer,p75,228619.05754174976,100000.0,,OPTIMAL,232078.109375,320299.40810671204,10872.929999999995,77348.36873171205,89127.07,0.10872929999999995,0.0,77348.36873171205,"[{'col': 'Utilities', 'base': 'AllPub', 'new': 3}, {'col': 'Exter Qual', 'base': 'TA', 'new': 3.0}, {'col': 'Exter Cond', 'base': 'TA', 'new': 2.0}, {'col': 'Bsmt Cond', 'base': 'TA', 'new': 2.0}, {'col': 'Heating QC', 'base': 'Gd', 'new': 3.0}, {'col': 'Gr Liv Area', 'base': np.int64(1211), 'new': 3395.0}, {'col': 'Kitchen Qual', 'base': 'TA', 'new': 2.0}, {'col': 'Fireplace Qu', 'base': 'TA', 'new': 2.0}, {'col': 'Garage Qual', 'base': 'TA', 'new': 2.0}, {'col': 'Garage Cond', 'base': 'TA', 'new': 2.0}, {'col': 'Pool QC', 'base': 'No aplica', 'new': -1.0}]",optimization/sensibilidad_remodelacion_relajada/xgb_features_pid532353030_b100000.csv,/Users/ignaciocuevasschotte/Documents/GitHub/Optimizacion-Casas-Ames-Iowa-Capstone-/models/xgb/datos_nuevos_reexport/model_xgb.joblib
527375180,NWAmes,p25,250404.3063873418,20000.0,,OPTIMAL,230286.328125,316138.8375376353,10872.930000000044,74979.57941263524,9127.069999999956,0.5436465000000021,0.0,74979.57941263524,"[{'col': 'Utilities', 'base': 'AllPub', 'new': 3}, {'col': 'Exter Qual', 'base': 'TA', 'new': 3.0}, {'col': 'Exter Cond', 'base': 'TA', 'new': 2.0}, {'col': 'Bsmt Cond', 'base': 'TA', 'new': 2.0}, {'col': 'Heating QC', 'base': 'Ex', 'new': 4.0}, {'col': 'Gr Liv Area', 'base': np.int64(1116), 'new': 3086.0}, {'col': 'Kitchen Qual', 'base': 'TA', 'new': 2.0}, {'col': 'Fireplace Qu', 'base': 'TA', 'new': 2.0}, {'col': 'Garage Qual', 'base': 'TA', 'new': 2.0}, {'col': 'Garage Cond', 'base': 'TA', 'new': 2.0}, {'col': 'Pool QC', 'base': 'No aplica', 'new': -1.0}]",optimization/sensibilidad_remodelacion_relajada/xgb_features_pid527375180_b20000.csv,/Users/ignaciocuevasschotte/Documents/GitHub/Optimizacion-Casas-Ames-Iowa-Capstone-/models/xgb/datos_nuevos_reexport/model_xgb.joblib
527375180,NWAmes,p25,250404.3063873418,50000.0,,OPTIMAL,230286.328125,318179.3902361795,10872.930000000006,77020.13211117953,39127.06999999999,0.2174586000000001,0.0,77020.13211117953,"[{'col': 'Utilities', 'base': 'AllPub', 'new': 3}, {'col': 'Exter Qual', 'base': 'TA', 'new': 3.0}, {'col': 'Exter Cond', 'base': 'TA', 'new': 2.0}, {'col': 'Bsmt Cond', 'base': 'TA', 'new': 2.0}, {'col': 'Heating QC', 'base': 'Ex', 'new': 4.0}, {'col': 'Gr Liv Area', 'base': np.int64(1116), 'new': 3395.0}, {'col': 'Kitchen Qual', 'base': 'TA', 'new': 2.0}, {'col': 'Fireplace Qu', 'base': 'TA', 'new': 2.0}, {'col': 'Garage Qual', 'base': 'TA', 'new': 2.0}, {'col': 'Garage Cond', 'base': 'TA', 'new': 2.0}, {'col': 'Pool QC', 'base': 'No aplica', 'new': -1.0}]",optimization/sensibilidad_remodelacion_relajada/xgb_features_pid527375180_b50000.csv,/Users/ignaciocuevasschotte/Documents/GitHub/Optimizacion-Casas-Ames-Iowa-Capstone-/models/xgb/datos_nuevos_reexport/model_xgb.joblib
527375180,NWAmes,p25,250404.3063873418,100000.0,,OPTIMAL,230286.328125,318178.6626733956,10872.930000000004,77019.4045483956,89127.06999999999,0.10872930000000004,0.0,77019.4045483956,"[{'col': 'Utilities', 'base': 'AllPub', 'new': 3}, {'col': 'Exter Qual', 'base': 'TA', 'new': 3.0}, {'col': 'Exter Cond', 'base': 'TA', 'new': 2.0}, {'col': 'Bsmt Cond', 'base': 'TA', 'new': 2.0}, {'col': 'Heating QC', 'base': 'Ex', 'new': 4.0}, {'col': 'Gr Liv Area', 'base': np.int64(1116), 'new': 3086.0}, {'col': 'Kitchen Qual', 'base': 'TA', 'new': 2.0}, {'col': 'Fireplace Qu', 'base': 'TA', 'new': 2.0}, {'col': 'Garage Qual', 'base': 'TA', 'new': 2.0}, {'col': 'Garage Cond', 'base': 'TA', 'new': 2.0}, {'col': 'Pool QC', 'base': 'No aplica', 'new': -1.0}]",optimization/sensibilidad_remodelacion_relajada/xgb_features_pid527375180_b100000.csv,/Users/ignaciocuevasschotte/Documents/GitHub/Optimizacion-Casas-Ames-Iowa-Capstone-/models/xgb/datos_nuevos_reexport/model_xgb.joblib
534250410,NWAmes,p50,275023.9252232247,20000.0,,OPTIMAL,285312.03125,326504.76226612594,6923.62,34269.11101612594,13076.380000000001,0.346181,0.0,34269.11101612594,"[{'col': 'Utilities', 'base': 'AllPub', 'new': 3}, {'col': 'Exter Qual', 'base': 'Gd', 'new': 3.0}, {'col': 'Exter Cond', 'base': 'TA', 'new': 2.0}, {'col': 'Bsmt Cond', 'base': 'TA', 'new': 2.0}, {'col': 'Heating QC', 'base': 'TA', 'new': 2.0}, {'col': 'Gr Liv Area', 'base': np.int64(1876), 'new': 3086.0}, {'col': 'Kitchen Qual', 'base': 'Gd', 'new': 3.0}, {'col': 'Fireplace Qu', 'base': 'TA', 'new': 2.0}, {'col': 'Garage Qual', 'base': 'Gd', 'new': 3.0}, {'col': 'Garage Cond', 'base': 'TA', 'new': 2.0}, {'col': 'Pool QC', 'base': 'No aplica', 'new': -1.0}]",optimization/sensibilidad_remodelacion_relajada/xgb_features_pid534250410_b20000.csv,/Users/ignaciocuevasschotte/Documents/GitHub/Optimizacion-Casas-Ames-Iowa-Capstone-/models/xgb/datos_nuevos_reexport/model_xgb.joblib
534250410,NWAmes,p50,275023.9252232247,50000.0,,OPTIMAL,285312.03125,326504.7630343771,6923.619999999998,34269.11178437708,43076.380000000005,0.13847239999999997,0.0,34269.11178437708,"[{'col': 'Utilities', 'base': 'AllPub', 'new': 3}, {'col': 'Exter Qual', 'base': 'Gd', 'new': 3.0}, {'col': 'Exter Cond', 'base': 'TA', 'new': 2.0}, {'col': 'Bsmt Cond', 'base': 'TA', 'new': 2.0}, {'col': 'Heating QC', 'base': 'TA', 'new': 2.0}, {'col': 'Gr Liv Area', 'base': np.int64(1876), 'new': 3395.0}, {'col': 'Kitchen Qual', 'base': 'Gd', 'new': 3.0}, {'col': 'Fireplace Qu', 'base': 'TA', 'new': 2.0}, {'col': 'Garage Qual', 'base': 'Gd', 'new': 3.0}, {'col': 'Garage Cond', 'base': 'TA', 'new': 2.0}, {'col': 'Pool QC', 'base': 'No aplica', 'new': -1.0}]",optimization/sensibilidad_remodelacion_relajada/xgb_features_pid534250410_b50000.csv,/Users/ignaciocuevasschotte/Documents/GitHub/Optimizacion-Casas-Ames-Iowa-Capstone-/models/xgb/datos_nuevos_reexport/model_xgb.joblib
534250410,NWAmes,p50,275023.9252232247,100000.0,,OPTIMAL,285312.03125,330219.2834272126,6923.62,37983.632177212625,93076.38,0.0692362,0.0,37983.632177212625,"[{'col': 'Utilities', 'base': 'AllPub', 'new': 3}, {'col': 'Exter Qual', 'base': 'Gd', 'new': 3.0}, {'col': 'Exter Cond', 'base': 'TA', 'new': 2.0}, {'col': 'Bsmt Cond', 'base': 'TA', 'new': 2.0}, {'col': 'Heating QC', 'base': 'TA', 'new': 2.0}, {'col': 'Gr Liv Area', 'base': np.int64(1876), 'new': 3086.0}, {'col': 'Kitchen Qual', 'base': 'Gd', 'new': 3.0}, {'col': 'Fireplace Qu', 'base': 'TA', 'new': 2.0}, {'col': 'Garage Qual', 'base': 'Gd', 'new': 3.0}, {'col': 'Garage Cond', 'base': 'TA', 'new': 2.0}, {'col': 'Pool QC', 'base': 'No aplica', 'new': -1.0}]",optimization/sensibilidad_remodelacion_relajada/xgb_features_pid534250410_b100000.csv,/Users/ignaciocuevasschotte/Documents/GitHub/Optimizacion-Casas-Ames-Iowa-Capstone-/models/xgb/datos_nuevos_reexport/model_xgb.joblib
534152070,NWAmes,p75,311926.6055045872,20000.0,,OPTIMAL,297017.0625,359935.78646934417,11508.765000000001,51409.95896934415,8491.234999999999,0.57543825,0.0,51409.95896934415,"[{'col': 'Utilities', 'base': 'AllPub', 'new': 3}, {'col': 'Exter Qual', 'base': 'TA', 'new': 3.0}, {'col': 'Exter Cond', 'base': 'TA', 'new': 2.0}, {'col': 'Bsmt Cond', 'base': 'TA', 'new': 2.0}, {'col': 'Heating QC', 'base': 'TA', 'new': 2.0}, {'col': 'Gr Liv Area', 'base': np.int64(1891), 'new': 3086.0}, {'col': 'Kitchen Qual', 'base': 'TA', 'new': 2.0}, {'col': 'Fireplace Qu', 'base': 'TA', 'new': 2.0}, {'col': 'Garage Qual', 'base': 'TA', 'new': 2.0}, {'col': 'Garage Cond', 'base': 'TA', 'new': 2.0}, {'col': 'Open Porch SF', 'base': np.int64(69), 'new': 75.9}, {'col': 'Pool QC', 'base': 'No aplica', 'new': -1.0}]",optimization/sensibilidad_remodelacion_relajada/xgb_features_pid534152070_b20000.csv,/Users/ignaciocuevasschotte/Documents/GitHub/Optimizacion-Casas-Ames-Iowa-Capstone-/models/xgb/datos_nuevos_reexport/model_xgb.joblib
534152070,NWAmes,p75,311926.6055045872,50000.0,,OPTIMAL,297017.0625,386092.0917088389,30046.955,59028.074208838865,19953.045,0.6009391000000001,0.0,59028.074208838865,"[{'col': 'Utilities', 'base': 'AllPub', 'new': 3}, {'col': 'Exter Qual', 'base': 'TA', 'new': 3.0}, {'col': 'Exter Cond', 'base': 'TA', 'new': 2.0}, {'col': 'Bsmt Cond', 'base': 'TA', 'new': 2.0}, {'col': 'Heating QC', 'base': 'TA', 'new': 2.0}, {'col': 'Gr Liv Area', 'base': np.int64(1891), 'new': 3086.0}, {'col': 'Kitchen Qual', 'base': 'TA', 'new': 2.0}, {'col': 'Fireplace Qu', 'base': 'TA', 'new': 2.0}, {'col': 'Garage Qual', 'base': 'TA', 'new': 2.0}, {'col': 'Garage Cond', 'base': 'TA', 'new': 2.0}, {'col': 'Open Porch SF', 'base': np.int64(69), 'new': 75.9}, {'col': 'Pool QC', 'base': 'No aplica', 'new': -1.0}]",optimization/sensibilidad_remodelacion_relajada/xgb_features_pid534152070_b50000.csv,/Users/ignaciocuevasschotte/Documents/GitHub/Optimizacion-Casas-Ames-Iowa-Capstone-/models/xgb/datos_nuevos_reexport/model_xgb.joblib
534152070,NWAmes,p75,311926.6055045872,100000.0,,OPTIMAL,297017.0625,386574.218592434,30046.955,59510.201092434,69953.045,0.30046955000000003,0.0,59510.201092434,"[{'col': 'Utilities', 'base': 'AllPub', 'new': 3}, {'col': 'Exter Qual', 'base': 'TA', 'new': 3.0}, {'col': 'Exter Cond', 'base': 'TA', 'new': 2.0}, {'col': 'Bsmt Cond', 'base': 'TA', 'new': 2.0}, {'col': 'Heating QC', 'base': 'TA', 'new': 2.0}, {'col': 'Gr Liv Area', 'base': np.int64(1891), 'new': 3395.0}, {'col': 'Kitchen Qual', 'base': 'TA', 'new': 2.0}, {'col': 'Fireplace Qu', 'base': 'TA', 'new': 2.0}, {'col': 'Garage Qual', 'base': 'TA', 'new': 2.0}, {'col': 'Garage Cond', 'base': 'TA', 'new': 2.0}, {'col': 'Open Porch SF', 'base': np.int64(69), 'new': 75.9}, {'col': 'Pool QC', 'base': 'No aplica', 'new': -1.0}]",optimization/sensibilidad_remodelacion_relajada/xgb_features_pid534152070_b100000.csv,/Users/ignaciocuevasschotte/Documents/GitHub/Optimizacion-Casas-Ames-Iowa-Capstone-/models/xgb/datos_nuevos_reexport/model_xgb.joblib
531375070,SawyerW,p25,226237.60902568983,20000.0,,OPTIMAL,228383.328125,323596.50707175833,6923.619999999999,88289.55894675833,13076.380000000001,0.34618099999999996,0.0,88289.55894675833,"[{'col': 'Utilities', 'base': 'AllPub', 'new': 3}, {'col': 'Exter Qual', 'base': 'Gd', 'new': 3.0}, {'col': 'Exter Cond', 'base': 'TA', 'new': 2.0}, {'col': 'Bsmt Cond', 'base': 'TA', 'new': 2.0}, {'col': 'Heating QC', 'base': 'Ex', 'new': 4.0}, {'col': 'Gr Liv Area', 'base': np.int64(1141), 'new': 3086.0}, {'col': 'Kitchen Qual', 'base': 'TA', 'new': 2.0}, {'col': 'Fireplace Qu', 'base': 'No aplica', 'new': -1.0}, {'col': 'Garage Qual', 'base': 'TA', 'new': 2.0}, {'col': 'Garage Cond', 'base': 'TA', 'new': 2.0}, {'col': 'Pool QC', 'base': 'No aplica', 'new': -1.0}]",optimization/sensibilidad_remodelacion_relajada/xgb_features_pid531375070_b20000.csv,/Users/ignaciocuevasschotte/Documents/GitHub/Optimizacion-Casas-Ames-Iowa-Capstone-/models/xgb/datos_nuevos_reexport/model_xgb.joblib
531375070,SawyerW,p25,226237.60902568983,50000.0,,OPTIMAL,228383.328125,324087.0643281566,6923.620000000001,88780.11620315659,43076.38,0.13847240000000002,0.0,88780.11620315659,"[{'col': 'Utilities', 'base': 'AllPub', 'new': 3}, {'col': 'Exter Qual', 'base': 'Gd', 'new': 3.0}, {'col': 'Exter Cond', 'base': 'TA', 'new': 2.0}, {'col': 'Bsmt Cond', 'base': 'TA', 'new': 2.0}, {'col': 'Heating QC', 'base': 'Ex', 'new': 4.0}, {'col': 'Gr Liv Area', 'base': np.int64(1141), 'new': 3086.0}, {'col': 'Kitchen Qual', 'base': 'TA', 'new': 2.0}, {'col': 'Fireplace Qu', 'base': 'No aplica', 'new': -1.0}, {'col': 'Garage Qual', 'base': 'TA', 'new': 2.0}, {'col': 'Garage Cond', 'base': 'TA', 'new': 2.0}, {'col': 'Pool QC', 'base': 'No aplica', 'new': -1.0}]",optimization/sensibilidad_remodelacion_relajada/xgb_features_pid531375070_b50000.csv,/Users/ignaciocuevasschotte/Documents/GitHub/Optimizacion-Casas-Ames-Iowa-Capstone-/models/xgb/datos_nuevos_reexport/model_xgb.joblib
531375070,SawyerW,p25,226237.60902568983,100000.0,,OPTIMAL,228383.328125,328343.54532419116,6923.620000000002,93036.59719919116,93076.38,0.06923620000000001,0.0,93036.59719919116,"[{'col': 'Utilities', 'base': 'AllPub', 'new': 3}, {'col': 'Exter Qual', 'base': 'Gd', 'new': 3.0}, {'col': 'Exter Cond', 'base': 'TA', 'new': 2.0}, {'col': 'Bsmt Cond', 'base': 'TA', 'new': 2.0}, {'col': 'Heating QC', 'base': 'Ex', 'new': 4.0}, {'col': 'Gr Liv Area', 'base': np.int64(1141), 'new': 3086.0}, {'col': 'Kitchen Qual', 'base': 'TA', 'new': 2.0}, {'col': 'Fireplace Qu', 'base': 'No aplica', 'new': -1.0}, {'col': 'Garage Qual', 'base': 'TA', 'new': 2.0}, {'col': 'Garage Cond', 'base': 'TA', 'new': 2.0}, {'col': 'Pool QC', 'base': 'No aplica', 'new': -1.0}]",optimization/sensibilidad_remodelacion_relajada/xgb_features_pid531375070_b100000.csv,/Users/ignaciocuevasschotte/Documents/GitHub/Optimizacion-Casas-Ames-Iowa-Capstone-/models/xgb/datos_nuevos_reexport/model_xgb.joblib
531385070,SawyerW,p50,276255.88394166215,20000.0,,OPTIMAL,265525.15625,388478.21912213217,10872.929999999998,112080.13287213218,9127.070000000002,0.5436464999999999,0.0,112080.13287213218,"[{'col': 'Utilities', 'base': 'AllPub', 'new': 3}, {'col': 'Exter Qual', 'base': 'TA', 'new': 3.0}, {'col': 'Exter Cond', 'base': 'TA', 'new': 2.0}, {'col': 'Bsmt Cond', 'base': 'TA', 'new': 2.0}, {'col': 'Heating QC', 'base': 'Ex', 'new': 4.0}, {'col': 'Gr Liv Area', 'base': np.int64(1349), 'new': 3086.0}, {'col': 'Kitchen Qual', 'base': 'TA', 'new': 2.0}, {'col': 'Fireplace Qu', 'base': 'No aplica', 'new': -1.0}, {'col': 'Garage Qual', 'base': 'TA', 'new': 2.0}, {'col': 'Garage Cond', 'base': 'TA', 'new': 2.0}, {'col': 'Pool QC', 'base': 'No aplica', 'new': -1.0}]",optimization/sensibilidad_remodelacion_relajada/xgb_features_pid531385070_b20000.csv,/Users/ignaciocuevasschotte/Documents/GitHub/Optimizacion-Casas-Ames-Iowa-Capstone-/models/xgb/datos_nuevos_reexport/model_xgb.joblib
531385070,SawyerW,p50,276255.88394166215,50000.0,,OPTIMAL,265525.15625,411324.2934996777,29411.119999999995,116388.01724967768,20588.880000000005,0.5882223999999999,0.0,116388.01724967768,"[{'col': 'Utilities', 'base': 'AllPub', 'new': 3}, {'col': 'Exter Qual', 'base': 'TA', 'new': 3.0}, {'col': 'Exter Cond', 'base': 'TA', 'new': 2.0}, {'col': 'Bsmt Cond', 'base': 'TA', 'new': 2.0}, {'col': 'Heating QC', 'base': 'Ex', 'new': 4.0}, {'col': 'Gr Liv Area', 'base': np.int64(1349), 'new': 3395.0}, {'col': 'Kitchen Qual', 'base': 'TA', 'new': 2.0}, {'col': 'Fireplace Qu', 'base': 'No aplica', 'new': -1.0}, {'col': 'Garage Qual', 'base': 'TA', 'new': 2.0}, {'col': 'Garage Cond', 'base': 'TA', 'new': 2.0}, {'col': 'Pool QC', 'base': 'No aplica', 'new': -1.0}]",optimization/sensibilidad_remodelacion_relajada/xgb_features_pid531385070_b50000.csv,/Users/ignaciocuevasschotte/Documents/GitHub/Optimizacion-Casas-Ames-Iowa-Capstone-/models/xgb/datos_nuevos_reexport/model_xgb.joblib
531385070,SawyerW,p50,276255.88394166215,100000.0,,OPTIMAL,265525.15625,412307.36534134875,29411.119999999995,117371.08909134875,70588.88,0.29411119999999996,0.0,117371.08909134875,"[{'col': 'Utilities', 'base': 'AllPub', 'new': 3}, {'col': 'Exter Qual', 'base': 'TA', 'new': 3.0}, {'col': 'Exter Cond', 'base': 'TA', 'new': 2.0}, {'col': 'Bsmt Cond', 'base': 'TA', 'new': 2.0}, {'col': 'Heating QC', 'base': 'Ex', 'new': 4.0}, {'col': 'Gr Liv Area', 'base': np.int64(1349), 'new': 3395.0}, {'col': 'Kitchen Qual', 'base': 'TA', 'new': 2.0}, {'col': 'Fireplace Qu', 'base': 'No aplica', 'new': -1.0}, {'col': 'Garage Qual', 'base': 'TA', 'new': 2.0}, {'col': 'Garage Cond', 'base': 'TA', 'new': 2.0}, {'col': 'Pool QC', 'base': 'No aplica', 'new': -1.0}]",optimization/sensibilidad_remodelacion_relajada/xgb_features_pid531385070_b100000.csv,/Users/ignaciocuevasschotte/Documents/GitHub/Optimizacion-Casas-Ames-Iowa-Capstone-/models/xgb/datos_nuevos_reexport/model_xgb.joblib
531376090,SawyerW,p75,334433.668119218,20000.0,,OPTIMAL,309409.03125,424702.68994856207,6923.62,108370.03869856207,13076.380000000001,0.346181,0.0,108370.03869856207,"[{'col': 'Utilities', 'base': 'AllPub', 'new': 3}, {'col': 'Exter Qual', 'base': 'Gd', 'new': 3.0}, {'col': 'Exter Cond', 'base': 'TA', 'new': 2.0}, {'col': 'Bsmt Cond', 'base': 'TA', 'new': 2.0}, {'col': 'Heating QC', 'base': 'Ex', 'new': 4.0}, {'col': 'Gr Liv Area', 'base': np.int64(1450), 'new': 3395.0}, {'col': 'Kitchen Qual', 'base': 'Gd', 'new': 3.0}, {'col': 'Fireplace Qu', 'base': 'No aplica', 'new': -1.0}, {'col': 'Garage Qual', 'base': 'TA', 'new': 2.0}, {'col': 'Garage Cond', 'base': 'TA', 'new': 2.0}, {'col': 'Pool QC', 'base': 'No aplica', 'new': -1.0}]",optimization/sensibilidad_remodelacion_relajada/xgb_features_pid531376090_b20000.csv,/Users/ignaciocuevasschotte/Documents/GitHub/Optimizacion-Casas-Ames-Iowa-Capstone-/models/xgb/datos_nuevos_reexport/model_xgb.joblib
531376090,SawyerW,p75,334433.668119218,50000.0,,OPTIMAL,309409.03125,448008.9654951905,25461.809999999994,113138.12424519053,24538.190000000006,0.5092361999999999,0.0,113138.12424519053,"[{'col': 'Utilities', 'base': 'AllPub', 'new': 3}, {'col': 'Exter Qual', 'base': 'Gd', 'new': 3.0}, {'col': 'Exter Cond', 'base': 'TA', 'new': 2.0}, {'col': 'Bsmt Cond', 'base': 'TA', 'new': 2.0}, {'col': 'Heating QC', 'base': 'Ex', 'new': 4.0}, {'col': 'Gr Liv Area', 'base': np.int64(1450), 'new': 3395.0}, {'col': 'Kitchen Qual', 'base': 'Gd', 'new': 3.0}, {'col': 'Fireplace Qu', 'base': 'No aplica', 'new': -1.0}, {'col': 'Garage Qual', 'base': 'TA', 'new': 2.0}, {'col': 'Garage Cond', 'base': 'TA', 'new': 2.0}, {'col': 'Pool QC', 'base': 'No aplica', 'new': -1.0}]",optimization/sensibilidad_remodelacion_relajada/xgb_features_pid531376090_b50000.csv,/Users/ignaciocuevasschotte/Documents/GitHub/Optimizacion-Casas-Ames-Iowa-Capstone-/models/xgb/datos_nuevos_reexport/model_xgb.joblib
531376090,SawyerW,p75,334433.668119218,100000.0,,OPTIMAL,309409.03125,455753.1285843037,27211.80999999999,119132.28733430372,72788.19,0.2721180999999999,0.0,119132.28733430372,"[{'col': 'Utilities', 'base': 'AllPub', 'new': 3}, {'col': 'Exter Qual', 'base': 'Gd', 'new': 3.0}, {'col': 'Exter Cond', 'base': 'TA', 'new': 2.0}, {'col': 'Bsmt Cond', 'base': 'TA', 'new': 2.0}, {'col': 'Heating QC', 'base': 'Ex', 'new': 4.0}, {'col': 'Gr Liv Area', 'base': np.int64(1450), 'new': 3086.0}, {'col': 'Kitchen Qual', 'base': 'Gd', 'new': 3.0}, {'col': 'Fireplace Qu', 'base': 'No aplica', 'new': -1.0}, {'col': 'Garage Qual', 'base': 'TA', 'new': 2.0}, {'col': 'Garage Cond', 'base': 'TA', 'new': 2.0}, {'col': 'Pool QC', 'base': 'No aplica', 'new': -1.0}]",optimization/sensibilidad_remodelacion_relajada/xgb_features_pid531376090_b100000.csv,/Users/ignaciocuevasschotte/Documents/GitHub/Optimizacion-Casas-Ames-Iowa-Capstone-/models/xgb/datos_nuevos_reexport/model_xgb.joblib
923277040,Mitchel,p25,205152.98205840544,20000.0,,OPTIMAL,215319.8125,305059.686735949,10872.93,78866.94423594902,9127.07,0.5436465,0.0,78866.94423594902,"[{'col': 'Utilities', 'base': 'AllPub', 'new': 3}, {'col': 'Exter Qual', 'base': 'TA', 'new': 3.0}, {'col': 'Exter Cond', 'base': 'Gd', 'new': 3.0}, {'col': 'Bsmt Cond', 'base': 'Gd', 'new': 3.0}, {'col': 'Heating QC', 'base': 'Ex', 'new': 4.0}, {'col': 'Gr Liv Area', 'base': np.int64(816), 'new': 3086.0}, {'col': 'Kitchen Qual', 'base': 'TA', 'new': 2.0}, {'col': 'Fireplace Qu', 'base': 'No aplica', 'new': -1.0}, {'col': 'Garage Qual', 'base': 'TA', 'new': 2.0}, {'col': 'Garage Cond', 'base': 'TA', 'new': 2.0}, {'col': 'Pool QC', 'base': 'No aplica', 'new': -1.0}]",optimization/sensibilidad_remodelacion_relajada/xgb_features_pid923277040_b20000.csv,/Users/ignaciocuevasschotte/Documents/GitHub/Optimizacion-Casas-Ames-Iowa-Capstone-/models/xgb/datos_nuevos_reexport/model_xgb.joblib
923277040,Mitchel,p25,205152.98205840544,50000.0,,OPTIMAL,215319.8125,306164.72880002327,10872.929999999997,79971.98630002327,39127.07000000001,0.21745859999999995,0.0,79971.98630002327,"[{'col': 'Utilities', 'base': 'AllPub', 'new': 3}, {'col': 'Exter Qual', 'base': 'TA', 'new': 3.0}, {'col': 'Exter Cond', 'base': 'Gd', 'new': 3.0}, {'col': 'Bsmt Cond', 'base': 'Gd', 'new': 3.0}, {'col': 'Heating QC', 'base': 'Ex', 'new': 4.0}, {'col': 'Gr Liv Area', 'base': np.int64(816), 'new': 3395.0}, {'col': 'Kitchen Qual', 'base': 'TA', 'new': 2.0}, {'col': 'Fireplace Qu', 'base': 'No aplica', 'new': -1.0}, {'col': 'Garage Qual', 'base': 'TA', 'new': 2.0}, {'col': 'Garage Cond', 'base': 'TA', 'new': 2.0}, {'col': 'Pool QC', 'base': 'No aplica', 'new': -1.0}]",optimization/sensibilidad_remodelacion_relajada/xgb_features_pid923277040_b50000.csv,/Users/ignaciocuevasschotte/Documents/GitHub/Optimizacion-Casas-Ames-Iowa-Capstone-/models/xgb/datos_nuevos_reexport/model_xgb.joblib
923277040,Mitchel,p25,205152.98205840544,100000.0,,OPTIMAL,215319.8125,306363.3729053643,10872.930000000002,80170.63040536433,89127.06999999999,0.10872930000000001,0.0,80170.63040536433,"[{'col': 'Utilities', 'base': 'AllPub', 'new': 3}, {'col': 'Exter Qual', 'base': 'TA', 'new': 3.0}, {'col': 'Exter Cond', 'base': 'Gd', 'new': 3.0}, {'col': 'Bsmt Cond', 'base': 'Gd', 'new': 3.0}, {'col': 'Heating QC', 'base': 'Ex', 'new': 4.0}, {'col': 'Gr Liv Area', 'base': np.int64(816), 'new': 3395.0}, {'col': 'Kitchen Qual', 'base': 'TA', 'new': 2.0}, {'col': 'Fireplace Qu', 'base': 'No aplica', 'new': -1.0}, {'col': 'Garage Qual', 'base': 'TA', 'new': 2.0}, {'col': 'Garage Cond', 'base': 'TA', 'new': 2.0}, {'col': 'Pool QC', 'base': 'No aplica', 'new': -1.0}]",optimization/sensibilidad_remodelacion_relajada/xgb_features_pid923277040_b100000.csv,/Users/ignaciocuevasschotte/Documents/GitHub/Optimizacion-Casas-Ames-Iowa-Capstone-/models/xgb/datos_nuevos_reexport/model_xgb.joblib
914476130,Mitchel,p50,234969.58691790947,20000.0,,OPTIMAL,241691.84375,319145.7384032645,10872.930000000038,66580.96465326444,9127.069999999962,0.5436465000000019,0.0,66580.96465326444,"[{'col': 'Utilities', 'base': 'AllPub', 'new': 3}, {'col': 'Exter Qual', 'base': 'TA', 'new': 3.0}, {'col': 'Exter Cond', 'base': 'TA', 'new': 2.0}, {'col': 'Bsmt Cond', 'base': 'TA', 'new': 2.0}, {'col': 'Heating QC', 'base': 'TA', 'new': 2.0}, {'col': 'Gr Liv Area', 'base': np.int64(1210), 'new': 3086.0}, {'col': 'Kitchen Qual', 'base': 'TA', 'new': 2.0}, {'col': 'Fireplace Qu', 'base': 'No aplica', 'new': -1.0}, {'col': 'Garage Qual', 'base': 'TA', 'new': 2.0}, {'col': 'Garage Cond', 'base': 'TA', 'new': 2.0}, {'col': 'Pool QC', 'base': 'No aplica', 'new': -1.0}]",optimization/sensibilidad_remodelacion_relajada/xgb_features_pid914476130_b20000.csv,/Users/ignaciocuevasschotte/Documents/GitHub/Optimizacion-Casas-Ames-Iowa-Capstone-/models/xgb/datos_nuevos_reexport/model_xgb.joblib
914476130,Mitchel,p50,234969.58691790947,50000.0,,OPTIMAL,241691.84375,321184.75257252343,10872.930000000004,68619.97882252344,39127.06999999999,0.21745860000000009,0.0,68619.97882252344,"[{'col': 'Utilities', 'base': 'AllPub', 'new': 3}, {'col': 'Exter Qual', 'base': 'TA', 'new': 3.0}, {'col': 'Exter Cond', 'base': 'TA', 'new': 2.0}, {'col': 'Bsmt Cond', 'base': 'TA', 'new': 2.0}, {'col': 'Heating QC', 'base': 'TA', 'new': 2.0}, {'col': 'Gr Liv Area', 'base': np.int64(1210), 'new': 3395.0}, {'col': 'Kitchen Qual', 'base': 'TA', 'new': 2.0}, {'col': 'Fireplace Qu', 'base': 'No aplica', 'new': -1.0}, {'col': 'Garage Qual', 'base': 'TA', 'new': 2.0}, {'col': 'Garage Cond', 'base': 'TA', 'new': 2.0}, {'col': 'Pool QC', 'base': 'No aplica', 'new': -1.0}]",optimization/sensibilidad_remodelacion_relajada/xgb_features_pid914476130_b50000.csv,/Users/ignaciocuevasschotte/Documents/GitHub/Optimizacion-Casas-Ames-Iowa-Capstone-/models/xgb/datos_nuevos_reexport/model_xgb.joblib
914476130,Mitchel,p50,234969.58691790947,100000.0,,OPTIMAL,241691.84375,321870.4578525885,10872.929999999998,69305.68410258851,89127.07,0.10872929999999999,0.0,69305.68410258851,"[{'col': 'Utilities', 'base': 'AllPub', 'new': 3}, {'col': 'Exter Qual', 'base': 'TA', 'new': 3.0}, {'col': 'Exter Cond', 'base': 'TA', 'new': 2.0}, {'col': 'Bsmt Cond', 'base': 'TA', 'new': 2.0}, {'col': 'Heating QC', 'base': 'TA', 'new': 2.0}, {'col': 'Gr Liv Area', 'base': np.int64(1210), 'new': 3395.0}, {'col': 'Kitchen Qual', 'base': 'TA', 'new': 2.0}, {'col': 'Fireplace Qu', 'base': 'No aplica', 'new': -1.0}, {'col': 'Garage Qual', 'base': 'TA', 'new': 2.0}, {'col': 'Garage Cond', 'base': 'TA', 'new': 2.0}, {'col': 'Pool QC', 'base': 'No aplica', 'new': -1.0}]",optimization/sensibilidad_remodelacion_relajada/xgb_features_pid914476130_b100000.csv,/Users/ignaciocuevasschotte/Documents/GitHub/Optimizacion-Casas-Ames-Iowa-Capstone-/models/xgb/datos_nuevos_reexport/model_xgb.joblib
924100070,Mitchel,p75,269897.4984867879,20000.0,,OPTIMAL,268893.96875,358294.56663908286,10872.93,78527.66788908286,9127.07,0.5436465,0.0,78527.66788908286,"[{'col': 'Utilities', 'base': 'AllPub', 'new': 3}, {'col': 'Exter Qual', 'base': 'TA', 'new': 3.0}, {'col': 'Exter Cond', 'base': 'TA', 'new': 2.0}, {'col': 'Bsmt Cond', 'base': 'TA', 'new': 2.0}, {'col': 'Heating QC', 'base': 'Gd', 'new': 3.0}, {'col': 'Gr Liv Area', 'base': np.int64(1389), 'new': 3395.0}, {'col': 'Kitchen Qual', 'base': 'TA', 'new': 2.0}, {'col': 'Fireplace Qu', 'base': 'TA', 'new': 2.0}, {'col': 'Garage Qual', 'base': 'TA', 'new': 2.0}, {'col': 'Garage Cond', 'base': 'TA', 'new': 2.0}, {'col': 'Pool QC', 'base': 'No aplica', 'new': -1.0}]",optimization/sensibilidad_remodelacion_relajada/xgb_features_pid924100070_b20000.csv,/Users/ignaciocuevasschotte/Documents/GitHub/Optimizacion-Casas-Ames-Iowa-Capstone-/models/xgb/datos_nuevos_reexport/model_xgb.joblib
924100070,Mitchel,p75,269897.4984867879,50000.0,,OPTIMAL,268893.96875,378468.5467908872,29411.12,80163.4580408872,20588.88,0.5882224,0.0,80163.4580408872,"[{'col': 'Utilities', 'base': 'AllPub', 'new': 3}, {'col': 'Exter Qual', 'base': 'TA', 'new': 3.0}, {'col': 'Exter Cond', 'base': 'TA', 'new': 2.0}, {'col': 'Bsmt Cond', 'base': 'TA', 'new': 2.0}, {'col': 'Heating QC', 'base': 'Gd', 'new': 3.0}, {'col': 'Gr Liv Area', 'base': np.int64(1389), 'new': 3395.0}, {'col': 'Kitchen Qual', 'base': 'TA', 'new': 2.0}, {'col': 'Fireplace Qu', 'base': 'TA', 'new': 2.0}, {'col': 'Garage Qual', 'base': 'TA', 'new': 2.0}, {'col': 'Garage Cond', 'base': 'TA', 'new': 2.0}, {'col': 'Pool QC', 'base': 'No aplica', 'new': -1.0}]",optimization/sensibilidad_remodelacion_relajada/xgb_features_pid924100070_b50000.csv,/Users/ignaciocuevasschotte/Documents/GitHub/Optimizacion-Casas-Ames-Iowa-Capstone-/models/xgb/datos_nuevos_reexport/model_xgb.joblib
924100070,Mitchel,p75,269897.4984867879,100000.0,,OPTIMAL,268893.96875,379117.249347234,29411.120000000003,80812.16059723403,70588.88,0.2941112,0.0,80812.16059723403,"[{'col': 'Utilities', 'base': 'AllPub', 'new': 3}, {'col': 'Exter Qual', 'base': 'TA', 'new': 3.0}, {'col': 'Exter Cond', 'base': 'TA', 'new': 2.0}, {'col': 'Bsmt Cond', 'base': 'TA', 'new': 2.0}, {'col': 'Heating QC', 'base': 'Gd', 'new': 3.0}, {'col': 'Gr Liv Area', 'base': np.int64(1389), 'new': 3086.0}, {'col': 'Kitchen Qual', 'base': 'TA', 'new': 2.0}, {'col': 'Fireplace Qu', 'base': 'TA', 'new': 2.0}, {'col': 'Garage Qual', 'base': 'TA', 'new': 2.0}, {'col': 'Garage Cond', 'base': 'TA', 'new': 2.0}, {'col': 'Pool QC', 'base': 'No aplica', 'new': -1.0}]",optimization/sensibilidad_remodelacion_relajada/xgb_features_pid924100070_b100000.csv,/Users/ignaciocuevasschotte/Documents/GitHub/Optimizacion-Casas-Ames-Iowa-Capstone-/models/xgb/datos_nuevos_reexport/model_xgb.joblib
903204010,BrkSide,p25,160554.5076978825,20000.0,,OPTIMAL,202552.34375,261548.90236600212,10872.929999999998,48123.62861600213,9127.070000000002,0.5436464999999999,0.0,48123.62861600213,"[{'col': 'Utilities', 'base': 'AllPub', 'new': 3}, {'col': 'Exter Qual', 'base': 'TA', 'new': 3.0}, {'col': 'Exter Cond', 'base': 'TA', 'new': 2.0}, {'col': 'Bsmt Cond', 'base': 'Fa', 'new': 1.0}, {'col': 'Heating QC', 'base': 'Gd', 'new': 3.0}, {'col': 'Gr Liv Area', 'base': np.int64(1668), 'new': 3086.0}, {'col': 'Kitchen Qual', 'base': 'Gd', 'new': 3.0}, {'col': 'Fireplace Qu', 'base': 'No aplica', 'new': -1.0}, {'col': 'Garage Qual', 'base': 'TA', 'new': 2.0}, {'col': 'Garage Cond', 'base': 'TA', 'new': 2.0}, {'col': 'Pool QC', 'base': 'No aplica', 'new': -1.0}]",optimization/sensibilidad_remodelacion_relajada/xgb_features_pid903204010_b20000.csv,/Users/ignaciocuevasschotte/Documents/GitHub/Optimizacion-Casas-Ames-Iowa-Capstone-/models/xgb/datos_nuevos_reexport/model_xgb.joblib
903204010,BrkSide,p25,160554.5076978825,50000.0,,OPTIMAL,202552.34375,262829.20306990895,10872.929999999998,49403.92931990896,39127.07,0.21745859999999997,0.0,49403.92931990896,"[{'col': 'Utilities', 'base': 'AllPub', 'new': 3}, {'col': 'Exter Qual', 'base': 'TA', 'new': 3.0}, {'col': 'Exter Cond', 'base': 'TA', 'new': 2.0}, {'col': 'Bsmt Cond', 'base': 'Fa', 'new': 1.0}, {'col': 'Heating QC', 'base': 'Gd', 'new': 3.0}, {'col': 'Gr Liv Area', 'base': np.int64(1668), 'new': 3086.0}, {'col': 'Kitchen Qual', 'base': 'Gd', 'new': 3.0}, {'col': 'Fireplace Qu', 'base': 'No aplica', 'new': -1.0}, {'col': 'Garage Qual', 'base': 'TA', 'new': 2.0}, {'col': 'Garage Cond', 'base': 'TA', 'new': 2.0}, {'col': 'Pool QC', 'base': 'No aplica', 'new': -1.0}]",optimization/sensibilidad_remodelacion_relajada/xgb_features_pid903204010_b50000.csv,/Users/ignaciocuevasschotte/Documents/GitHub/Optimizacion-Casas-Ames-Iowa-Capstone-/models/xgb/datos_nuevos_reexport/model_xgb.joblib
903204010,BrkSide,p25,160554.5076978825,100000.0,,OPTIMAL,202552.34375,263286.3381477427,10872.930000000002,49861.06439774268,89127.06999999999,0.10872930000000001,0.0,49861.06439774268,"[{'col': 'Utilities', 'base': 'AllPub', 'new': 3}, {'col': 'Exter Qual', 'base': 'TA', 'new': 3.0}, {'col': 'Exter Cond', 'base': 'TA', 'new': 2.0}, {'col': 'Bsmt Cond', 'base': 'Fa', 'new': 1.0}, {'col': 'Heating QC', 'base': 'Gd', 'new': 3.0}, {'col': 'Gr Liv Area', 'base': np.int64(1668), 'new': 3086.0}, {'col': 'Kitchen Qual', 'base': 'Gd', 'new': 3.0}, {'col': 'Fireplace Qu', 'base': 'No aplica', 'new': -1.0}, {'col': 'Garage Qual', 'base': 'TA', 'new': 2.0}, {'col': 'Garage Cond', 'base': 'TA', 'new': 2.0}, {'col': 'Pool QC', 'base': 'No aplica', 'new': -1.0}]",optimization/sensibilidad_remodelacion_relajada/xgb_features_pid903204010_b100000.csv,/Users/ignaciocuevasschotte/Documents/GitHub/Optimizacion-Casas-Ames-Iowa-Capstone-/models/xgb/datos_nuevos_reexport/model_xgb.joblib
903236010,BrkSide,p50,188800.2081262137,20000.0,,OPTIMAL,177518.515625,237839.04488243838,10872.93,49447.599257438385,9127.07,0.5436465,0.0,49447.599257438385,"[{'col': 'Utilities', 'base': 'AllPub', 'new': 3}, {'col': 'Exter Qual', 'base': 'TA', 'new': 3.0}, {'col': 'Exter Cond', 'base': 'TA', 'new': 2.0}, {'col': 'Bsmt Cond', 'base': 'TA', 'new': 2.0}, {'col': 'Heating QC', 'base': 'TA', 'new': 2.0}, {'col': 'Gr Liv Area', 'base': np.int64(1285), 'new': 3395.0}, {'col': 'Kitchen Qual', 'base': 'TA', 'new': 2.0}, {'col': 'Fireplace Qu', 'base': 'No aplica', 'new': -1.0}, {'col': 'Garage Qual', 'base': 'TA', 'new': 2.0}, {'col': 'Garage Cond', 'base': 'TA', 'new': 2.0}, {'col': 'Pool QC', 'base': 'No aplica', 'new': -1.0}]",optimization/sensibilidad_remodelacion_relajada/xgb_features_pid903236010_b20000.csv,/Users/ignaciocuevasschotte/Documents/GitHub/Optimizacion-Casas-Ames-Iowa-Capstone-/models/xgb/datos_nuevos_reexport/model_xgb.joblib
903236010,BrkSide,p50,188800.2081262137,50000.0,,OPTIMAL,177518.515625,238696.30403852148,10872.929999999997,50304.85841352149,39127.07000000001,0.21745859999999995,0.0,50304.85841352149,"[{'col': 'Utilities', 'base': 'AllPub', 'new': 3}, {'col': 'Exter Qual', 'base': 'TA', 'new': 3.0}, {'col': 'Exter Cond', 'base': 'TA', 'new': 2.0}, {'col': 'Bsmt Cond', 'base': 'TA', 'new': 2.0}, {'col': 'Heating QC', 'base': 'TA', 'new': 2.0}, {'col': 'Gr Liv Area', 'base': np.int64(1285), 'new': 3395.0}, {'col': 'Kitchen Qual', 'base': 'TA', 'new': 2.0}, {'col': 'Fireplace Qu', 'base': 'No aplica', 'new': -1.0}, {'col': 'Garage Qual', 'base': 'TA', 'new': 2.0}, {'col': 'Garage Cond', 'base': 'TA', 'new': 2.0}, {'col': 'Pool QC', 'base': 'No aplica', 'new': -1.0}]",optimization/sensibilidad_remodelacion_relajada/xgb_features_pid903236010_b50000.csv,/Users/ignaciocuevasschotte/Documents/GitHub/Optimizacion-Casas-Ames-Iowa-Capstone-/models/xgb/datos_nuevos_reexport/model_xgb.joblib
903236010,BrkSide,p50,188800.2081262137,100000.0,,OPTIMAL,177518.515625,238851.01126928124,10872.929999999997,50459.56564428125,89127.07,0.10872929999999997,0.0,50459.56564428125,"[{'col': 'Utilities', 'base': 'AllPub', 'new': 3}, {'col': 'Exter Qual', 'base': 'TA', 'new': 3.0}, {'col': 'Exter Cond', 'base': 'TA', 'new': 2.0}, {'col': 'Bsmt Cond', 'base': 'TA', 'new': 2.0}, {'col': 'Heating QC', 'base': 'TA', 'new': 2.0}, {'col': 'Gr Liv Area', 'base': np.int64(1285), 'new': 3395.0}, {'col': 'Kitchen Qual', 'base': 'TA', 'new': 2.0}, {'col': 'Fireplace Qu', 'base': 'No aplica', 'new': -1.0}, {'col': 'Garage Qual', 'base': 'TA', 'new': 2.0}, {'col': 'Garage Cond', 'base': 'TA', 'new': 2.0}, {'col': 'Pool QC', 'base': 'No aplica', 'new': -1.0}]",optimization/sensibilidad_remodelacion_relajada/xgb_features_pid903236010_b100000.csv,/Users/ignaciocuevasschotte/Documents/GitHub/Optimizacion-Casas-Ames-Iowa-Capstone-/models/xgb/datos_nuevos_reexport/model_xgb.joblib
903201090,BrkSide,p75,210664.4031175245,20000.0,,OPTIMAL,195190.796875,299107.36900535884,10872.930000000002,93043.64213035884,9127.069999999998,0.5436465000000001,0.0,93043.64213035884,"[{'col': 'Utilities', 'base': 'AllPub', 'new': 3}, {'col': 'Exter Qual', 'base': 'TA', 'new': 3.0}, {'col': 'Exter Cond', 'base': 'Gd', 'new': 3.0}, {'col': 'Bsmt Cond', 'base': 'TA', 'new': 2.0}, {'col': 'Heating QC', 'base': 'TA', 'new': 2.0}, {'col': 'Gr Liv Area', 'base': np.int64(1060), 'new': 3395.0}, {'col': 'Kitchen Qual', 'base': 'TA', 'new': 2.0}, {'col': 'Fireplace Qu', 'base': 'Gd', 'new': 3.0}, {'col': 'Garage Qual', 'base': 'Fa', 'new': 1.0}, {'col': 'Garage Cond', 'base': 'TA', 'new': 2.0}, {'col': 'Pool QC', 'base': 'No aplica', 'new': -1.0}]",optimization/sensibilidad_remodelacion_relajada/xgb_features_pid903201090_b20000.csv,/Users/ignaciocuevasschotte/Documents/GitHub/Optimizacion-Casas-Ames-Iowa-Capstone-/models/xgb/datos_nuevos_reexport/model_xgb.joblib
903201090,BrkSide,p75,210664.4031175245,50000.0,,OPTIMAL,195190.796875,299107.482069956,10872.92999999989,93043.75519495615,39127.07000000011,0.21745859999999778,0.0,93043.75519495615,"[{'col': 'Utilities', 'base': 'AllPub', 'new': 3}, {'col': 'Exter Qual', 'base': 'TA', 'new': 3.0}, {'col': 'Exter Cond', 'base': 'Gd', 'new': 3.0}, {'col': 'Bsmt Cond', 'base': 'TA', 'new': 2.0}, {'col': 'Heating QC', 'base': 'TA', 'new': 2.0}, {'col': 'Gr Liv Area', 'base': np.int64(1060), 'new': 3086.0}, {'col': 'Kitchen Qual', 'base': 'TA', 'new': 2.0}, {'col': 'Fireplace Qu', 'base': 'Gd', 'new': 3.0}, {'col': 'Garage Qual', 'base': 'Fa', 'new': 1.0}, {'col': 'Garage Cond', 'base': 'TA', 'new': 2.0}, {'col': 'Pool QC', 'base': 'No aplica', 'new': -1.0}]",optimization/sensibilidad_remodelacion_relajada/xgb_features_pid903201090_b50000.csv,/Users/ignaciocuevasschotte/Documents/GitHub/Optimizacion-Casas-Ames-Iowa-Capstone-/models/xgb/datos_nuevos_reexport/model_xgb.joblib
903201090,BrkSide,p75,210664.4031175245,100000.0,,OPTIMAL,195190.796875,300378.8672956661,10872.930000000004,94315.14042066608,89127.06999999999,0.10872930000000004,0.0,94315.14042066608,"[{'col': 'Utilities', 'base': 'AllPub', 'new': 3}, {'col': 'Exter Qual', 'base': 'TA', 'new': 3.0}, {'col': 'Exter Cond', 'base': 'Gd', 'new': 3.0}, {'col': 'Bsmt Cond', 'base': 'TA', 'new': 2.0}, {'col': 'Heating QC', 'base': 'TA', 'new': 2.0}, {'col': 'Gr Liv Area', 'base': np.int64(1060), 'new': 3395.0}, {'col': 'Kitchen Qual', 'base': 'TA', 'new': 2.0}, {'col': 'Fireplace Qu', 'base': 'Gd', 'new': 3.0}, {'col': 'Garage Qual', 'base': 'Fa', 'new': 1.0}, {'col': 'Garage Cond', 'base': 'TA', 'new': 2.0}, {'col': 'Pool QC', 'base': 'No aplica', 'new': -1.0}]",optimization/sensibilidad_remodelacion_relajada/xgb_features_pid903201090_b100000.csv,/Users/ignaciocuevasschotte/Documents/GitHub/Optimizacion-Casas-Ames-Iowa-Capstone-/models/xgb/datos_nuevos_reexport/model_xgb.joblib
909426090,Crawfor,p25,235639.54978677788,20000.0,,OPTIMAL,240206.5,314416.0433213068,12805.103999999998,61404.439321306825,7194.8960000000025,0.6402551999999999,0.0,61404.439321306825,"[{'col': 'Utilities', 'base': 'AllPub', 'new': 3}, {'col': 'Exter Qual', 'base': 'TA', 'new': 3.0}, {'col': 'Exter Cond', 'base': 'TA', 'new': 2.0}, {'col': 'Bsmt Cond', 'base': 'TA', 'new': 2.0}, {'col': 'Heating QC', 'base': 'Fa', 'new': 1.0}, {'col': 'Gr Liv Area', 'base': np.int64(1523), 'new': 3395.0}, {'col': 'Kitchen Qual', 'base': 'Fa', 'new': 1.0}, {'col': 'Fireplace Qu', 'base': 'TA', 'new': 2.0}, {'col': 'Garage Qual', 'base': 'TA', 'new': 2.0}, {'col': 'Garage Cond', 'base': 'TA', 'new': 2.0}, {'col': 'Enclosed Porch', 'base': np.int64(81), 'new': 97.2}, {'col': 'Pool QC', 'base': 'No aplica', 'new': -1.0}]",optimization/sensibilidad_remodelacion_relajada/xgb_features_pid909426090_b20000.csv,/Users/ignaciocuevasschotte/Documents/GitHub/Optimizacion-Casas-Ames-Iowa-Capstone-/models/xgb/datos_nuevos_reexport/model_xgb.joblib
909426090,Crawfor,p25,235639.54978677788,50000.0,,OPTIMAL,240206.5,315327.9876974107,12805.103999999996,62316.383697410696,37194.89600000001,0.2561020799999999,0.0,62316.383697410696,"[{'col': 'Utilities', 'base': 'AllPub', 'new': 3}, {'col': 'Exter Qual', 'base': 'TA', 'new': 3.0}, {'col': 'Exter Cond', 'base': 'TA', 'new': 2.0}, {'col': 'Bsmt Cond', 'base': 'TA', 'new': 2.0}, {'col': 'Heating QC', 'base': 'Fa', 'new': 1.0}, {'col': 'Gr Liv Area', 'base': np.int64(1523), 'new': 3395.0}, {'col': 'Kitchen Qual', 'base': 'Fa', 'new': 1.0}, {'col': 'Fireplace Qu', 'base': 'TA', 'new': 2.0}, {'col': 'Garage Qual', 'base': 'TA', 'new': 2.0}, {'col': 'Garage Cond', 'base': 'TA', 'new': 2.0}, {'col': 'Enclosed Porch', 'base': np.int64(81), 'new': 97.2}, {'col': 'Pool QC', 'base': 'No aplica', 'new': -1.0}]",optimization/sensibilidad_remodelacion_relajada/xgb_features_pid909426090_b50000.csv,/Users/ignaciocuevasschotte/Documents/GitHub/Optimizacion-Casas-Ames-Iowa-Capstone-/models/xgb/datos_nuevos_reexport/model_xgb.joblib
909426090,Crawfor,p25,235639.54978677788,100000.0,,OPTIMAL,240206.5,315805.704563101,12805.103999999998,62794.100563101005,87194.89600000001,0.12805103999999998,0.0,62794.100563101005,"[{'col': 'Utilities', 'base': 'AllPub', 'new': 3}, {'col': 'Exter Qual', 'base': 'TA', 'new': 3.0}, {'col': 'Exter Cond', 'base': 'TA', 'new': 2.0}, {'col': 'Bsmt Cond', 'base': 'TA', 'new': 2.0}, {'col': 'Heating QC', 'base': 'Fa', 'new': 1.0}, {'col': 'Gr Liv Area', 'base': np.int64(1523), 'new': 3086.0}, {'col': 'Kitchen Qual', 'base': 'Fa', 'new': 1.0}, {'col': 'Fireplace Qu', 'base': 'TA', 'new': 2.0}, {'col': 'Garage Qual', 'base': 'TA', 'new': 2.0}, {'col': 'Garage Cond', 'base': 'TA', 'new': 2.0}, {'col': 'Enclosed Porch', 'base': np.int64(81), 'new': 97.2}, {'col': 'Pool QC', 'base': 'No aplica', 'new': -1.0}]",optimization/sensibilidad_remodelacion_relajada/xgb_features_pid909426090_b100000.csv,/Users/ignaciocuevasschotte/Documents/GitHub/Optimizacion-Casas-Ames-Iowa-Capstone-/models/xgb/datos_nuevos_reexport/model_xgb.joblib
909275250,Crawfor,p50,309588.30708778615,20000.0,,OPTIMAL,267789.21875,342789.4433734372,10872.930000000002,64127.29462343722,9127.069999999998,0.5436465000000001,0.0,64127.29462343722,"[{'col': 'Utilities', 'base': 'AllPub', 'new': 3}, {'col': 'Exter Qual', 'base': 'TA', 'new': 3.0}, {'col': 'Exter Cond', 'base': 'TA', 'new': 2.0}, {'col': 'Bsmt Cond', 'base': 'Fa', 'new': 1.0}, {'col': 'Heating QC', 'base': 'Gd', 'new': 3.0}, {'col': 'Gr Liv Area', 'base': np.int64(1550), 'new': 3086.0}, {'col': 'Kitchen Qual', 'base': 'TA', 'new': 2.0}, {'col': 'Fireplace Qu', 'base': 'TA', 'new': 2.0}, {'col': 'Garage Qual', 'base': 'TA', 'new': 2.0}, {'col': 'Garage Cond', 'base': 'TA', 'new': 2.0}, {'col': 'Pool QC', 'base': 'No aplica', 'new': -1.0}]",optimization/sensibilidad_remodelacion_relajada/xgb_features_pid909275250_b20000.csv,/Users/ignaciocuevasschotte/Documents/GitHub/Optimizacion-Casas-Ames-Iowa-Capstone-/models/xgb/datos_nuevos_reexport/model_xgb.joblib
909275250,Crawfor,p50,309588.30708778615,50000.0,,OPTIMAL,267789.21875,344435.04238399,10872.929999999997,65772.89363399002,39127.07000000001,0.21745859999999995,0.0,65772.89363399002,"[{'col': 'Utilities', 'base': 'AllPub', 'new': 3}, {'col': 'Exter Qual', 'base': 'TA', 'new': 3.0}, {'col': 'Exter Cond', 'base': 'TA', 'new': 2.0}, {'col': 'Bsmt Cond', 'base': 'Fa', 'new': 1.0}, {'col': 'Heating QC', 'base': 'Gd', 'new': 3.0}, {'col': 'Gr Liv Area', 'base': np.int64(1550), 'new': 3395.0}, {'col': 'Kitchen Qual', 'base': 'TA', 'new': 2.0}, {'col': 'Fireplace Qu', 'base': 'TA', 'new': 2.0}, {'col': 'Garage Qual', 'base': 'TA', 'new': 2.0}, {'col': 'Garage Cond', 'base': 'TA', 'new': 2.0}, {'col': 'Pool QC', 'base': 'No aplica', 'new': -1.0}]",optimization/sensibilidad_remodelacion_relajada/xgb_features_pid909275250_b50000.csv,/Users/ignaciocuevasschotte/Documents/GitHub/Optimizacion-Casas-Ames-Iowa-Capstone-/models/xgb/datos_nuevos_reexport/model_xgb.joblib
909275250,Crawfor,p50,309588.30708778615,100000.0,,OPTIMAL,267789.21875,344957.1680721264,10872.929999999995,66295.0193221264,89127.07,0.10872929999999995,0.0,66295.0193221264,"[{'col': 'Utilities', 'base': 'AllPub', 'new': 3}, {'col': 'Exter Qual', 'base': 'TA', 'new': 3.0}, {'col': 'Exter Cond', 'base': 'TA', 'new': 2.0}, {'col': 'Bsmt Cond', 'base': 'Fa', 'new': 1.0}, {'col': 'Heating QC', 'base': 'Gd', 'new': 3.0}, {'col': 'Gr Liv Area', 'base': np.int64(1550), 'new': 3086.0}, {'col': 'Kitchen Qual', 'base': 'TA', 'new': 2.0}, {'col': 'Fireplace Qu', 'base': 'TA', 'new': 2.0}, {'col': 'Garage Qual', 'base': 'TA', 'new': 2.0}, {'col': 'Garage Cond', 'base': 'TA', 'new': 2.0}, {'col': 'Pool QC', 'base': 'No aplica', 'new': -1.0}]",optimization/sensibilidad_remodelacion_relajada/xgb_features_pid909275250_b100000.csv,/Users/ignaciocuevasschotte/Documents/GitHub/Optimizacion-Casas-Ames-Iowa-Capstone-/models/xgb/datos_nuevos_reexport/model_xgb.joblib
909275110,Crawfor,p75,367312.2926151709,20000.0,,OPTIMAL,301384.6875,419775.6788001195,10872.93,107518.0613001195,9127.07,0.5436465,0.0,107518.0613001195,"[{'col': 'Utilities', 'base': 'AllPub', 'new': 3}, {'col': 'Exter Qual', 'base': 'TA', 'new': 3.0}, {'col': 'Exter Cond', 'base': 'TA', 'new': 2.0}, {'col': 'Bsmt Cond', 'base': 'TA', 'new': 2.0}, {'col': 'Heating QC', 'base': 'Gd', 'new': 3.0}, {'col': 'Gr Liv Area', 'base': np.int64(1718), 'new': 3086.0}, {'col': 'Kitchen Qual', 'base': 'Gd', 'new': 3.0}, {'col': 'Fireplace Qu', 'base': 'TA', 'new': 2.0}, {'col': 'Garage Qual', 'base': 'TA', 'new': 2.0}, {'col': 'Garage Cond', 'base': 'TA', 'new': 2.0}, {'col': 'Pool QC', 'base': 'No aplica', 'new': -1.0}]",optimization/sensibilidad_remodelacion_relajada/xgb_features_pid909275110_b20000.csv,/Users/ignaciocuevasschotte/Documents/GitHub/Optimizacion-Casas-Ames-Iowa-Capstone-/models/xgb/datos_nuevos_reexport/model_xgb.joblib
909275110,Crawfor,p75,367312.2926151709,50000.0,,OPTIMAL,301384.6875,440804.5739558822,29411.12,110008.76645588223,20588.88,0.5882224,0.0,110008.76645588223,"[{'col': 'Utilities', 'base': 'AllPub', 'new': 3}, {'col': 'Exter Qual', 'base': 'TA', 'new': 3.0}, {'col': 'Exter Cond', 'base': 'TA', 'new': 2.0}, {'col': 'Bsmt Cond', 'base': 'TA', 'new': 2.0}, {'col': 'Heating QC', 'base': 'Gd', 'new': 3.0}, {'col': 'Gr Liv Area', 'base': np.int64(1718), 'new': 3395.0}, {'col': 'Kitchen Qual', 'base': 'Gd', 'new': 3.0}, {'col': 'Fireplace Qu', 'base': 'TA', 'new': 2.0}, {'col': 'Garage Qual', 'base': 'TA', 'new': 2.0}, {'col': 'Garage Cond', 'base': 'TA', 'new': 2.0}, {'col': 'Pool QC', 'base': 'No aplica', 'new': -1.0}]",optimization/sensibilidad_remodelacion_relajada/xgb_features_pid909275110_b50000.csv,/Users/ignaciocuevasschotte/Documents/GitHub/Optimizacion-Casas-Ames-Iowa-Capstone-/models/xgb/datos_nuevos_reexport/model_xgb.joblib
909275110,Crawfor,p75,367312.2926151709,100000.0,,OPTIMAL,301384.6875,441937.542067028,29411.119999999995,111141.734567028,70588.88,0.29411119999999996,0.0,111141.734567028,"[{'col': 'Utilities', 'base': 'AllPub', 'new': 3}, {'col': 'Exter Qual', 'base': 'TA', 'new': 3.0}, {'col': 'Exter Cond', 'base': 'TA', 'new': 2.0}, {'col': 'Bsmt Cond', 'base': 'TA', 'new': 2.0}, {'col': 'Heating QC', 'base': 'Gd', 'new': 3.0}, {'col': 'Gr Liv Area', 'base': np.int64(1718), 'new': 3395.0}, {'col': 'Kitchen Qual', 'base': 'Gd', 'new': 3.0}, {'col': 'Fireplace Qu', 'base': 'TA', 'new': 2.0}, {'col': 'Garage Qual', 'base': 'TA', 'new': 2.0}, {'col': 'Garage Cond', 'base': 'TA', 'new': 2.0}, {'col': 'Pool QC', 'base': 'No aplica', 'new': -1.0}]",optimization/sensibilidad_remodelacion_relajada/xgb_features_pid909275110_b100000.csv,/Users/ignaciocuevasschotte/Documents/GitHub/Optimizacion-Casas-Ames-Iowa-Capstone-/models/xgb/datos_nuevos_reexport/model_xgb.joblib
911102180,IDOTRR,p25,120267.21919221012,20000.0,,OPTIMAL,116729.1015625,188098.79395999727,10872.93,60496.76239749728,9127.07,0.5436465,0.0,60496.76239749728,"[{'col': 'Utilities', 'base': 'AllPub', 'new': 3}, {'col': 'Exter Qual', 'base': 'TA', 'new': 3.0}, {'col': 'Exter Cond', 'base': 'TA', 'new': 2.0}, {'col': 'Bsmt Cond', 'base': 'TA', 'new': 2.0}, {'col': 'Heating QC', 'base': 'TA', 'new': 2.0}, {'col': 'Gr Liv Area', 'base': np.int64(1049), 'new': 3395.0}, {'col': 'Kitchen Qual', 'base': 'TA', 'new': 2.0}, {'col': 'Fireplace Qu', 'base': 'No aplica', 'new': -1.0}, {'col': 'Garage Qual', 'base': 'Po', 'new': 1.0}, {'col': 'Garage Cond', 'base': 'Fa', 'new': 2.0}, {'col': 'Pool QC', 'base': 'No aplica', 'new': -1.0}]",optimization/sensibilidad_remodelacion_relajada/xgb_features_pid911102180_b20000.csv,/Users/ignaciocuevasschotte/Documents/GitHub/Optimizacion-Casas-Ames-Iowa-Capstone-/models/xgb/datos_nuevos_reexport/model_xgb.joblib
911102180,IDOTRR,p25,120267.21919221012,50000.0,,OPTIMAL,116729.1015625,188101.4017809682,10872.929999999997,60499.37021846822,39127.07000000001,0.21745859999999995,0.0,60499.37021846822,"[{'col': 'Utilities', 'base': 'AllPub', 'new': 3}, {'col': 'Exter Qual', 'base': 'TA', 'new': 3.0}, {'col': 'Exter Cond', 'base': 'TA', 'new': 2.0}, {'col': 'Bsmt Cond', 'base': 'TA', 'new': 2.0}, {'col': 'Heating QC', 'base': 'TA', 'new': 2.0}, {'col': 'Gr Liv Area', 'base': np.int64(1049), 'new': 3395.0}, {'col': 'Kitchen Qual', 'base': 'TA', 'new': 2.0}, {'col': 'Fireplace Qu', 'base': 'No aplica', 'new': -1.0}, {'col': 'Garage Qual', 'base': 'Po', 'new': 1.0}, {'col': 'Garage Cond', 'base': 'Fa', 'new': 2.0}, {'col': 'Pool QC', 'base': 'No aplica', 'new': -1.0}]",optimization/sensibilidad_remodelacion_relajada/xgb_features_pid911102180_b50000.csv,/Users/ignaciocuevasschotte/Documents/GitHub/Optimizacion-Casas-Ames-Iowa-Capstone-/models/xgb/datos_nuevos_reexport/model_xgb.joblib
911102180,IDOTRR,p25,120267.21919221012,100000.0,,OPTIMAL,116729.1015625,188221.8885093502,10872.93,60619.856946850196,89127.07,0.1087293,0.0,60619.856946850196,"[{'col': 'Utilities', 'base': 'AllPub', 'new': 3}, {'col': 'Exter Qual', 'base': 'TA', 'new': 3.0}, {'col': 'Exter Cond', 'base': 'TA', 'new': 2.0}, {'col': 'Bsmt Cond', 'base': 'TA', 'new': 2.0}, {'col': 'Heating QC', 'base': 'TA', 'new': 2.0}, {'col': 'Gr Liv Area', 'base': np.int64(1049), 'new': 3395.0}, {'col': 'Kitchen Qual', 'base': 'TA', 'new': 2.0}, {'col': 'Fireplace Qu', 'base': 'No aplica', 'new': -1.0}, {'col': 'Garage Qual', 'base': 'Po', 'new': 1.0}, {'col': 'Garage Cond', 'base': 'Fa', 'new': 2.0}, {'col': 'Pool QC', 'base': 'No aplica', 'new': -1.0}]",optimization/sensibilidad_remodelacion_relajada/xgb_features_pid911102180_b100000.csv,/Users/ignaciocuevasschotte/Documents/GitHub/Optimizacion-Casas-Ames-Iowa-Capstone-/models/xgb/datos_nuevos_reexport/model_xgb.joblib
903450110,IDOTRR,p50,161467.88990825688,20000.0,,OPTIMAL,152423.015625,233659.40661938928,15198.68,66037.71099438929,4801.32,0.759934,0.0,66037.71099438929,"[{'col': 'Utilities', 'base': 'AllPub', 'new': 3}, {'col': 'Exter Qual', 'base': 'Fa', 'new': 3.0}, {'col': 'Exter Cond', 'base': 'TA', 'new': 2.0}, {'col': 'Bsmt Cond', 'base': 'TA', 'new': 2.0}, {'col': 'Heating QC', 'base': 'TA', 'new': 2.0}, {'col': 'Gr Liv Area', 'base': np.int64(816), 'new': 3086.0}, {'col': 'Kitchen Qual', 'base': 'TA', 'new': 2.0}, {'col': 'Fireplace Qu', 'base': 'No aplica', 'new': -1.0}, {'col': 'Garage Qual', 'base': 'TA', 'new': 2.0}, {'col': 'Garage Cond', 'base': 'TA', 'new': 2.0}, {'col': 'Pool QC', 'base': 'No aplica', 'new': -1.0}]",optimization/sensibilidad_remodelacion_relajada/xgb_features_pid903450110_b20000.csv,/Users/ignaciocuevasschotte/Documents/GitHub/Optimizacion-Casas-Ames-Iowa-Capstone-/models/xgb/datos_nuevos_reexport/model_xgb.joblib
903450110,IDOTRR,p50,161467.88990825688,50000.0,,OPTIMAL,152423.015625,233662.67292103442,15198.679999999998,66040.97729603443,34801.32,0.30397359999999995,0.0,66040.97729603443,"[{'col': 'Utilities', 'base': 'AllPub', 'new': 3}, {'col': 'Exter Qual', 'base': 'Fa', 'new': 3.0}, {'col': 'Exter Cond', 'base': 'TA', 'new': 2.0}, {'col': 'Bsmt Cond', 'base': 'TA', 'new': 2.0}, {'col': 'Heating QC', 'base': 'TA', 'new': 2.0}, {'col': 'Gr Liv Area', 'base': np.int64(816), 'new': 3086.0}, {'col': 'Kitchen Qual', 'base': 'TA', 'new': 2.0}, {'col': 'Fireplace Qu', 'base': 'No aplica', 'new': -1.0}, {'col': 'Garage Qual', 'base': 'TA', 'new': 2.0}, {'col': 'Garage Cond', 'base': 'TA', 'new': 2.0}, {'col': 'Pool QC', 'base': 'No aplica', 'new': -1.0}]",optimization/sensibilidad_remodelacion_relajada/xgb_features_pid903450110_b50000.csv,/Users/ignaciocuevasschotte/Documents/GitHub/Optimizacion-Casas-Ames-Iowa-Capstone-/models/xgb/datos_nuevos_reexport/model_xgb.joblib
903450110,IDOTRR,p50,161467.88990825688,100000.0,,OPTIMAL,152423.015625,233813.56096358626,15198.679999999991,66191.86533858627,84801.32,0.15198679999999992,0.0,66191.86533858627,"[{'col': 'Utilities', 'base': 'AllPub', 'new': 3}, {'col': 'Exter Qual', 'base': 'Fa', 'new': 3.0}, {'col': 'Exter Cond', 'base': 'TA', 'new': 2.0}, {'col': 'Bsmt Cond', 'base': 'TA', 'new': 2.0}, {'col': 'Heating QC', 'base': 'TA', 'new': 2.0}, {'col': 'Gr Liv Area', 'base': np.int64(816), 'new': 3086.0}, {'col': 'Kitchen Qual', 'base': 'TA', 'new': 2.0}, {'col': 'Fireplace Qu', 'base': 'No aplica', 'new': -1.0}, {'col': 'Garage Qual', 'base': 'TA', 'new': 2.0}, {'col': 'Garage Cond', 'base': 'TA', 'new': 2.0}, {'col': 'Pool QC', 'base': 'No aplica', 'new': -1.0}]",optimization/sensibilidad_remodelacion_relajada/xgb_features_pid903450110_b100000.csv,/Users/ignaciocuevasschotte/Documents/GitHub/Optimizacion-Casas-Ames-Iowa-Capstone-/models/xgb/datos_nuevos_reexport/model_xgb.joblib
903455140,IDOTRR,p75,189543.5160322224,20000.0,,OPTIMAL,184111.890625,269397.7976303853,10872.93,74412.97700538533,9127.07,0.5436465,0.0,74412.97700538533,"[{'col': 'Utilities', 'base': 'AllPub', 'new': 3}, {'col': 'Exter Qual', 'base': 'TA', 'new': 3.0}, {'col': 'Exter Cond', 'base': 'TA', 'new': 2.0}, {'col': 'Bsmt Cond', 'base': 'TA', 'new': 2.0}, {'col': 'Heating QC', 'base': 'Gd', 'new': 3.0}, {'col': 'Gr Liv Area', 'base': np.int64(1040), 'new': 3395.0}, {'col': 'Kitchen Qual', 'base': 'TA', 'new': 2.0}, {'col': 'Fireplace Qu', 'base': 'No aplica', 'new': -1.0}, {'col': 'Garage Qual', 'base': 'TA', 'new': 2.0}, {'col': 'Garage Cond', 'base': 'TA', 'new': 2.0}, {'col': 'Pool QC', 'base': 'No aplica', 'new': -1.0}]",optimization/sensibilidad_remodelacion_relajada/xgb_features_pid903455140_b20000.csv,/Users/ignaciocuevasschotte/Documents/GitHub/Optimizacion-Casas-Ames-Iowa-Capstone-/models/xgb/datos_nuevos_reexport/model_xgb.joblib
903455140,IDOTRR,p75,189543.5160322224,50000.0,,OPTIMAL,184111.890625,270372.9943136704,10872.929999999997,75388.17368867039,39127.07000000001,0.21745859999999995,0.0,75388.17368867039,"[{'col': 'Utilities', 'base': 'AllPub', 'new': 3}, {'col': 'Exter Qual', 'base': 'TA', 'new': 3.0}, {'col': 'Exter Cond', 'base': 'TA', 'new': 2.0}, {'col': 'Bsmt Cond', 'base': 'TA', 'new': 2.0}, {'col': 'Heating QC', 'base': 'Gd', 'new': 3.0}, {'col': 'Gr Liv Area', 'base': np.int64(1040), 'new': 3395.0}, {'col': 'Kitchen Qual', 'base': 'TA', 'new': 2.0}, {'col': 'Fireplace Qu', 'base': 'No aplica', 'new': -1.0}, {'col': 'Garage Qual', 'base': 'TA', 'new': 2.0}, {'col': 'Garage Cond', 'base': 'TA', 'new': 2.0}, {'col': 'Pool QC', 'base': 'No aplica', 'new': -1.0}]",optimization/sensibilidad_remodelacion_relajada/xgb_features_pid903455140_b50000.csv,/Users/ignaciocuevasschotte/Documents/GitHub/Optimizacion-Casas-Ames-Iowa-Capstone-/models/xgb/datos_nuevos_reexport/model_xgb.joblib
903455140,IDOTRR,p75,189543.5160322224,100000.0,,OPTIMAL,184111.890625,270841.70029934763,10872.929999999993,75856.87967434764,89127.07,0.10872929999999993,0.0,75856.87967434764,"[{'col': 'Utilities', 'base': 'AllPub', 'new': 3}, {'col': 'Exter Qual', 'base': 'TA', 'new': 3.0}, {'col': 'Exter Cond', 'base': 'TA', 'new': 2.0}, {'col': 'Bsmt Cond', 'base': 'TA', 'new': 2.0}, {'col': 'Heating QC', 'base': 'Gd', 'new': 3.0}, {'col': 'Gr Liv Area', 'base': np.int64(1040), 'new': 3395.0}, {'col': 'Kitchen Qual', 'base': 'TA', 'new': 2.0}, {'col': 'Fireplace Qu', 'base': 'No aplica', 'new': -1.0}, {'col': 'Garage Qual', 'base': 'TA', 'new': 2.0}, {'col': 'Garage Cond', 'base': 'TA', 'new': 2.0}, {'col': 'Pool QC', 'base': 'No aplica', 'new': -1.0}]",optimization/sensibilidad_remodelacion_relajada/xgb_features_pid903455140_b100000.csv,/Users/ignaciocuevasschotte/Documents/GitHub/Optimizacion-Casas-Ames-Iowa-Capstone-/models/xgb/datos_nuevos_reexport/model_xgb.joblib
533128090,NoRidge,p25,415959.67413846136,20000.0,,OPTIMAL,423594.15625,577123.9217384855,6923.62,146606.14548848546,13076.380000000001,0.346181,0.0,146606.14548848546,"[{'col': 'Utilities', 'base': 'AllPub', 'new': 3}, {'col': 'Exter Qual', 'base': 'Gd', 'new': 3.0}, {'col': 'Exter Cond', 'base': 'TA', 'new': 2.0}, {'col': 'Bsmt Cond', 'base': 'TA', 'new': 2.0}, {'col': 'Heating QC', 'base': 'Ex', 'new': 4.0}, {'col': 'Gr Liv Area', 'base': np.int64(1624), 'new': 3086.0}, {'col': 'Kitchen Qual', 'base': 'Gd', 'new': 3.0}, {'col': 'Fireplace Qu', 'base': 'Fa', 'new': 1.0}, {'col': 'Garage Qual', 'base': 'TA', 'new': 2.0}, {'col': 'Garage Cond', 'base': 'TA', 'new': 2.0}, {'col': 'Pool QC', 'base': 'No aplica', 'new': -1.0}]",optimization/sensibilidad_remodelacion_relajada/xgb_features_pid533128090_b20000.csv,/Users/ignaciocuevasschotte/Documents/GitHub/Optimizacion-Casas-Ames-Iowa-Capstone-/models/xgb/datos_nuevos_reexport/model_xgb.joblib
533128090,NoRidge,p25,415959.67413846136,50000.0,,OPTIMAL,423594.15625,606786.0767009953,25461.810000000012,157730.11045099527,24538.189999999988,0.5092362000000002,0.0,157730.11045099527,"[{'col': 'Utilities', 'base': 'AllPub', 'new': 3}, {'col': 'Exter Qual', 'base': 'Gd', 'new': 3.0}, {'col': 'Exter Cond', 'base': 'TA', 'new': 2.0}, {'col': 'Bsmt Cond', 'base': 'TA', 'new': 2.0}, {'col': 'Heating QC', 'base': 'Ex', 'new': 4.0}, {'col': 'Gr Liv Area', 'base': np.int64(1624), 'new': 3395.0}, {'col': 'Kitchen Qual', 'base': 'Gd', 'new': 3.0}, {'col': 'Fireplace Qu', 'base': 'Fa', 'new': 1.0}, {'col': 'Garage Qual', 'base': 'TA', 'new': 2.0}, {'col': 'Garage Cond', 'base': 'TA', 'new': 2.0}, {'col': 'Pool QC', 'base': 'No aplica', 'new': -1.0}]",optimization/sensibilidad_remodelacion_relajada/xgb_features_pid533128090_b50000.csv,/Users/ignaciocuevasschotte/Documents/GitHub/Optimizacion-Casas-Ames-Iowa-Capstone-/models/xgb/datos_nuevos_reexport/model_xgb.joblib
533128090,NoRidge,p25,415959.67413846136,100000.0,,OPTIMAL,423594.15625,643203.4464811266,53461.81,166147.48023112654,46538.19,0.5346181,0.0,166147.48023112654,"[{'col': 'Utilities', 'base': 'AllPub', 'new': 3}, {'col': 'Exter Qual', 'base': 'Gd', 'new': 3.0}, {'col': 'Exter Cond', 'base': 'TA', 'new': 2.0}, {'col': 'Bsmt Cond', 'base': 'TA', 'new': 2.0}, {'col': 'Heating QC', 'base': 'Ex', 'new': 4.0}, {'col': '1st Flr SF', 'base': np.int64(1624), 'new': 1664.0}, {'col': 'Gr Liv Area', 'base': np.int64(1624), 'new': 3395.0}, {'col': 'Full Bath', 'base': np.int64(2), 'new': 3.0}, {'col': 'Kitchen Qual', 'base': 'Gd', 'new': 3.0}, {'col': 'Fireplace Qu', 'base': 'Fa', 'new': 1.0}, {'col': 'Garage Qual', 'base': 'TA', 'new': 2.0}, {'col': 'Garage Cond', 'base': 'TA', 'new': 2.0}, {'col': 'Pool QC', 'base': 'No aplica', 'new': -1.0}]",optimization/sensibilidad_remodelacion_relajada/xgb_features_pid533128090_b100000.csv,/Users/ignaciocuevasschotte/Documents/GitHub/Optimizacion-Casas-Ames-Iowa-Capstone-/models/xgb/datos_nuevos_reexport/model_xgb.joblib
528315110,NoRidge,p50,468283.98078549065,20000.0,,OPTIMAL,468958.375,510969.19302156963,6923.620000000018,35087.19802156964,13076.379999999983,0.3461810000000009,0.0,35087.19802156964,"[{'col': 'Utilities', 'base': 'AllPub', 'new': 3}, {'col': 'Exter Qual', 'base': 'Gd', 'new': 3.0}, {'col': 'Exter Cond', 'base': 'TA', 'new': 2.0}, {'col': 'Bsmt Cond', 'base': 'TA', 'new': 2.0}, {'col': 'Heating QC', 'base': 'Gd', 'new': 3.0}, {'col': 'Gr Liv Area', 'base': np.int64(2630), 'new': 3086.0}, {'col': 'Kitchen Qual', 'base': 'Gd', 'new': 3.0}, {'col': 'Fireplace Qu', 'base': 'TA', 'new': 2.0}, {'col': 'Garage Qual', 'base': 'TA', 'new': 2.0}, {'col': 'Garage Cond', 'base': 'TA', 'new': 2.0}, {'col': 'Pool QC', 'base': 'No aplica', 'new': -1.0}]",optimization/sensibilidad_remodelacion_relajada/xgb_features_pid528315110_b20000.csv,/Users/ignaciocuevasschotte/Documents/GitHub/Optimizacion-Casas-Ames-Iowa-Capstone-/models/xgb/datos_nuevos_reexport/model_xgb.joblib
528315110,NoRidge,p50,468283.98078549065,50000.0,,OPTIMAL,468958.375,537723.4419274202,25461.81,43303.25692742021,24538.19,0.5092362,0.0,43303.25692742021,"[{'col': 'Utilities', 'base': 'AllPub', 'new': 3}, {'col': 'Exter Qual', 'base': 'Gd', 'new': 3.0}, {'col': 'Exter Cond', 'base': 'TA', 'new': 2.0}, {'col': 'Bsmt Cond', 'base': 'TA', 'new': 2.0}, {'col': 'Heating QC', 'base': 'Gd', 'new': 3.0}, {'col': 'Gr Liv Area', 'base': np.int64(2630), 'new': 3086.0}, {'col': 'Kitchen Qual', 'base': 'Gd', 'new': 3.0}, {'col': 'Fireplace Qu', 'base': 'TA', 'new': 2.0}, {'col': 'Garage Qual', 'base': 'TA', 'new': 2.0}, {'col': 'Garage Cond', 'base': 'TA', 'new': 2.0}, {'col': 'Pool QC', 'base': 'No aplica', 'new': -1.0}]",optimization/sensibilidad_remodelacion_relajada/xgb_features_pid528315110_b50000.csv,/Users/ignaciocuevasschotte/Documents/GitHub/Optimizacion-Casas-Ames-Iowa-Capstone-/models/xgb/datos_nuevos_reexport/model_xgb.joblib
528315110,NoRidge,p50,468283.98078549065,100000.0,,OPTIMAL,468958.375,575756.8744909812,53461.81,53336.689490981225,46538.19,0.5346181,0.0,53336.689490981225,"[{'col': 'Utilities', 'base': 'AllPub', 'new': 3}, {'col': 'Exter Qual', 'base': 'Gd', 'new': 3.0}, {'col': 'Exter Cond', 'base': 'TA', 'new': 2.0}, {'col': 'Bsmt Cond', 'base': 'TA', 'new': 2.0}, {'col': 'Heating QC', 'base': 'Gd', 'new': 3.0}, {'col': '1st Flr SF', 'base': np.int64(1470), 'new': 1510.0}, {'col': 'Gr Liv Area', 'base': np.int64(2630), 'new': 3086.0}, {'col': 'Full Bath', 'base': np.int64(2), 'new': 3.0}, {'col': 'Kitchen Qual', 'base': 'Gd', 'new': 3.0}, {'col': 'Fireplace Qu', 'base': 'TA', 'new': 2.0}, {'col': 'Garage Qual', 'base': 'TA', 'new': 2.0}, {'col': 'Garage Cond', 'base': 'TA', 'new': 2.0}, {'col': 'Pool QC', 'base': 'No aplica', 'new': -1.0}]",optimization/sensibilidad_remodelacion_relajada/xgb_features_pid528315110_b100000.csv,/Users/ignaciocuevasschotte/Documents/GitHub/Optimizacion-Casas-Ames-Iowa-Capstone-/models/xgb/datos_nuevos_reexport/model_xgb.joblib
528363110,NoRidge,p75,520315.5342061008,20000.0,,OPTIMAL,522544.1875,595790.0547712804,16829.745000000003,56416.12227128039,3170.2549999999974,0.8414872500000001,0.0,56416.12227128039,"[{'col': 'Utilities', 'base': 'AllPub', 'new': 3}, {'col': 'Exter Qual', 'base': 'Gd', 'new': 3.0}, {'col': 'Exter Cond', 'base': 'Gd', 'new': 3.0}, {'col': 'Bsmt Cond', 'base': 'TA', 'new': 2.0}, {'col': 'Heating QC', 'base': 'Ex', 'new': 4.0}, {'col': 'Gr Liv Area', 'base': np.int64(2113), 'new': 3086.0}, {'col': 'Kitchen Qual', 'base': 'Gd', 'new': 3.0}, {'col': 'Fireplace Qu', 'base': 'TA', 'new': 2.0}, {'col': 'Garage Area', 'base': np.float64(839.0), 'new': 922.9}, {'col': 'Garage Qual', 'base': 'TA', 'new': 2.0}, {'col': 'Garage Cond', 'base': 'TA', 'new': 2.0}, {'col': 'Wood Deck SF', 'base': np.int64(236), 'new': 259.6}, {'col': 'Pool QC', 'base': 'No aplica', 'new': -1.0}]",optimization/sensibilidad_remodelacion_relajada/xgb_features_pid528363110_b20000.csv,/Users/ignaciocuevasschotte/Documents/GitHub/Optimizacion-Casas-Ames-Iowa-Capstone-/models/xgb/datos_nuevos_reexport/model_xgb.joblib
528363110,NoRidge,p75,520315.5342061008,50000.0,,OPTIMAL,522544.1875,631206.0003197425,35367.935,73293.87781974254,14632.065000000002,0.7073587,0.0,73293.87781974254,"[{'col': 'Utilities', 'base': 'AllPub', 'new': 3}, {'col': 'Exter Qual', 'base': 'Gd', 'new': 3.0}, {'col': 'Exter Cond', 'base': 'Gd', 'new': 3.0}, {'col': 'Bsmt Cond', 'base': 'TA', 'new': 2.0}, {'col': 'Heating QC', 'base': 'Ex', 'new': 4.0}, {'col': 'Gr Liv Area', 'base': np.int64(2113), 'new': 3394.0}, {'col': 'Kitchen Qual', 'base': 'Gd', 'new': 3.0}, {'col': 'Fireplace Qu', 'base': 'TA', 'new': 2.0}, {'col': 'Garage Area', 'base': np.float64(839.0), 'new': 922.9}, {'col': 'Garage Qual', 'base': 'TA', 'new': 2.0}, {'col': 'Garage Cond', 'base': 'TA', 'new': 2.0}, {'col': 'Wood Deck SF', 'base': np.int64(236), 'new': 259.6}, {'col': 'Pool QC', 'base': 'No aplica', 'new': -1.0}]",optimization/sensibilidad_remodelacion_relajada/xgb_features_pid528363110_b50000.csv,/Users/ignaciocuevasschotte/Documents/GitHub/Optimizacion-Casas-Ames-Iowa-Capstone-/models/xgb/datos_nuevos_reexport/model_xgb.joblib
528363110,NoRidge,p75,520315.5342061008,100000.0,,OPTIMAL,522544.1875,666964.0033109155,63367.93499999998,81051.88081091561,36632.06500000002,0.6336793499999999,0.0,81051.88081091561,"[{'col': 'Utilities', 'base': 'AllPub', 'new': 3}, {'col': 'Exter Qual', 'base': 'Gd', 'new': 3.0}, {'col': 'Exter Cond', 'base': 'Gd', 'new': 3.0}, {'col': 'Bsmt Cond', 'base': 'TA', 'new': 2.0}, {'col': 'Heating QC', 'base': 'Ex', 'new': 4.0}, {'col': '1st Flr SF', 'base': np.int64(2113), 'new': 2153.0}, {'col': 'Gr Liv Area', 'base': np.int64(2113), 'new': 3395.0}, {'col': 'Full Bath', 'base': np.int64(2), 'new': 3.0}, {'col': 'Kitchen Qual', 'base': 'Gd', 'new': 3.0}, {'col': 'Fireplace Qu', 'base': 'TA', 'new': 2.0}, {'col': 'Garage Area', 'base': np.float64(839.0), 'new': 922.9}, {'col': 'Garage Qual', 'base': 'TA', 'new': 2.0}, {'col': 'Garage Cond', 'base': 'TA', 'new': 2.0}, {'col': 'Wood Deck SF', 'base': np.int64(236), 'new': 259.6}, {'col': 'Pool QC', 'base': 'No aplica', 'new': -1.0}]",optimization/sensibilidad_remodelacion_relajada/xgb_features_pid528363110_b100000.csv,/Users/ignaciocuevasschotte/Documents/GitHub/Optimizacion-Casas-Ames-Iowa-Capstone-/models/xgb/datos_nuevos_reexport/model_xgb.joblib
916403290,Timber,p25,289374.1801064897,20000.0,,OPTIMAL,325582.9375,424407.4325447691,15910.363999999998,82914.13104476908,4089.6360000000022,0.7955181999999998,0.0,82914.13104476908,"[{'col': 'Utilities', 'base': 'AllPub', 'new': 3}, {'col': 'Exter Qual', 'base': 'Gd', 'new': 3.0}, {'col': 'Exter Cond', 'base': 'Gd', 'new': 3.0}, {'col': 'Bsmt Cond', 'base': 'TA', 'new': 2.0}, {'col': 'BsmtFin SF 1', 'base': np.float64(902.0), 'new': 1097.0}, {'col': 'BsmtFin SF 2', 'base': np.float64(0.0), 'new': 59.0}, {'col': 'Bsmt Unf SF', 'base': np.float64(254.0), 'new': 0.0}, {'col': 'Heating QC', 'base': 'Ex', 'new': 4.0}, {'col': 'Gr Liv Area', 'base': np.int64(1717), 'new': 3395.0}, {'col': 'Kitchen Qual', 'base': 'Gd', 'new': 3.0}, {'col': 'Fireplace Qu', 'base': 'TA', 'new': 2.0}, {'col': 'Garage Qual', 'base': 'TA', 'new': 2.0}, {'col': 'Garage Cond', 'base': 'TA', 'new': 2.0}, {'col': 'Open Porch SF', 'base': np.int64(36), 'new': 43.2}, {'col': 'Pool QC', 'base': 'No aplica', 'new': -1.0}]",optimization/sensibilidad_remodelacion_relajada/xgb_features_pid916403290_b20000.csv,/Users/ignaciocuevasschotte/Documents/GitHub/Optimizacion-Casas-Ames-Iowa-Capstone-/models/xgb/datos_nuevos_reexport/model_xgb.joblib
916403290,Timber,p25,289374.1801064897,50000.0,,OPTIMAL,325582.9375,450658.0502441237,34448.55399999989,90626.55874412379,15551.446000000113,0.6889710799999977,0.0,90626.55874412379,"[{'col': 'Utilities', 'base': 'AllPub', 'new': 3}, {'col': 'Exter Qual', 'base': 'Gd', 'new': 3.0}, {'col': 'Exter Cond', 'base': 'Gd', 'new': 3.0}, {'col': 'Bsmt Cond', 'base': 'TA', 'new': 2.0}, {'col': 'BsmtFin SF 1', 'base': np.float64(902.0), 'new': 1156.0}, {'col': 'Bsmt Unf SF', 'base': np.float64(254.0), 'new': 0.0}, {'col': 'Heating QC', 'base': 'Ex', 'new': 4.0}, {'col': 'Gr Liv Area', 'base': np.int64(1717), 'new': 3394.9999989999997}, {'col': 'Kitchen Qual', 'base': 'Gd', 'new': 3.0}, {'col': 'Fireplace Qu', 'base': 'TA', 'new': 2.0}, {'col': 'Garage Qual', 'base': 'TA', 'new': 2.0}, {'col': 'Garage Cond', 'base': 'TA', 'new': 2.0}, {'col': 'Open Porch SF', 'base': np.int64(36), 'new': 43.2}, {'col': 'Pool QC', 'base': 'No aplica', 'new': -1.0}]",optimization/sensibilidad_remodelacion_relajada/xgb_features_pid916403290_b50000.csv,/Users/ignaciocuevasschotte/Documents/GitHub/Optimizacion-Casas-Ames-Iowa-Capstone-/models/xgb/datos_nuevos_reexport/model_xgb.joblib
916403290,Timber,p25,289374.1801064897,100000.0,,OPTIMAL,325582.9375,454291.4880338306,34448.554000000004,94259.99653383059,65551.446,0.34448554000000003,0.0,94259.99653383059,"[{'col': 'Utilities', 'base': 'AllPub', 'new': 3}, {'col': 'Exter Qual', 'base': 'Gd', 'new': 3.0}, {'col': 'Exter Cond', 'base': 'Gd', 'new': 3.0}, {'col': 'Bsmt Cond', 'base': 'TA', 'new': 2.0}, {'col': 'BsmtFin SF 1', 'base': np.float64(902.0), 'new': 1156.0}, {'col': 'Bsmt Unf SF', 'base': np.float64(254.0), 'new': 0.0}, {'col': 'Heating QC', 'base': 'Ex', 'new': 4.0}, {'col': 'Gr Liv Area', 'base': np.int64(1717), 'new': 3086.0}, {'col': 'Kitchen Qual', 'base': 'Gd', 'new': 3.0}, {'col': 'Fireplace Qu', 'base': 'TA', 'new': 2.0}, {'col': 'Garage Qual', 'base': 'TA', 'new': 2.0}, {'col': 'Garage Cond', 'base': 'TA', 'new': 2.0}, {'col': 'Open Porch SF', 'base': np.int64(36), 'new': 43.2}, {'col': 'Pool QC', 'base': 'No aplica', 'new': -1.0}]",optimization/sensibilidad_remodelacion_relajada/xgb_features_pid916403290_b100000.csv,/Users/ignaciocuevasschotte/Documents/GitHub/Optimizacion-Casas-Ames-Iowa-Capstone-/models/xgb/datos_nuevos_reexport/model_xgb.joblib
916226030,Timber,p50,359017.7186022095,20000.0,,OPTIMAL,322160.6875,424092.15954070847,19211.62,82719.85204070847,788.380000000001,0.9605809999999999,0.0,82719.85204070847,"[{'col': 'Utilities', 'base': 'AllPub', 'new': 3}, {'col': 'Exter Qual', 'base': 'Gd', 'new': 3.0}, {'col': 'Exter Cond', 'base': 'TA', 'new': 2.0}, {'col': 'Bsmt Cond', 'base': 'TA', 'new': 2.0}, {'col': 'BsmtFin SF 1', 'base': np.float64(893.0), 'new': 1097.0}, {'col': 'BsmtFin SF 2', 'base': np.float64(0.0), 'new': 180.0}, {'col': 'Bsmt Unf SF', 'base': np.float64(384.0), 'new': 0.0}, {'col': 'Heating QC', 'base': 'Gd', 'new': 3.0}, {'col': 'Gr Liv Area', 'base': np.int64(1501), 'new': 3086.0}, {'col': 'Kitchen Qual', 'base': 'Gd', 'new': 3.0}, {'col': 'Fireplace Qu', 'base': 'TA', 'new': 2.0}, {'col': 'Garage Qual', 'base': 'TA', 'new': 2.0}, {'col': 'Garage Cond', 'base': 'TA', 'new': 2.0}, {'col': 'Pool QC', 'base': 'No aplica', 'new': -1.0}]",optimization/sensibilidad_remodelacion_relajada/xgb_features_pid916226030_b20000.csv,/Users/ignaciocuevasschotte/Documents/GitHub/Optimizacion-Casas-Ames-Iowa-Capstone-/models/xgb/datos_nuevos_reexport/model_xgb.joblib
916226030,Timber,p50,359017.7186022095,50000.0,,OPTIMAL,322160.6875,455786.77268698654,48949.81,84676.27518698655,1050.1900000000023,0.9789962,0.0,84676.27518698655,"[{'col': 'Utilities', 'base': 'AllPub', 'new': 3}, {'col': 'Exter Qual', 'base': 'Gd', 'new': 3.0}, {'col': 'Exter Cond', 'base': 'TA', 'new': 2.0}, {'col': 'Bsmt Cond', 'base': 'TA', 'new': 2.0}, {'col': 'BsmtFin SF 1', 'base': np.float64(893.0), 'new': 1097.0}, {'col': 'BsmtFin SF 2', 'base': np.float64(0.0), 'new': 180.0}, {'col': 'Bsmt Unf SF', 'base': np.float64(384.0), 'new': 0.0}, {'col': 'Heating QC', 'base': 'Gd', 'new': 3.0}, {'col': '1st Flr SF', 'base': np.int64(1501), 'new': 1521.0}, {'col': 'Gr Liv Area', 'base': np.int64(1501), 'new': 3086.0}, {'col': 'Half Bath', 'base': np.int64(0), 'new': 1.0}, {'col': 'Kitchen Qual', 'base': 'Gd', 'new': 3.0}, {'col': 'Fireplace Qu', 'base': 'TA', 'new': 2.0}, {'col': 'Garage Qual', 'base': 'TA', 'new': 2.0}, {'col': 'Garage Cond', 'base': 'TA', 'new': 2.0}, {'col': 'Pool QC', 'base': 'No aplica', 'new': -1.0}]",optimization/sensibilidad_remodelacion_relajada/xgb_features_pid916226030_b50000.csv,/Users/ignaciocuevasschotte/Documents/GitHub/Optimizacion-Casas-Ames-Iowa-Capstone-/models/xgb/datos_nuevos_reexport/model_xgb.joblib
916226030,Timber,p50,359017.7186022095,100000.0,,OPTIMAL,322160.6875,452694.22755517345,37749.81,92783.73005517345,62250.19,0.3774981,0.0,92783.73005517345,"[{'col': 'Utilities', 'base': 'AllPub', 'new': 3}, {'col': 'Exter Qual', 'base': 'Gd', 'new': 3.0}, {'col': 'Exter Cond', 'base': 'TA', 'new': 2.0}, {'col': 'Bsmt Cond', 'base': 'TA', 'new': 2.0}, {'col': 'BsmtFin SF 1', 'base': np.float64(893.0), 'new': 1217.0}, {'col': 'BsmtFin SF 2', 'base': np.float64(0.0), 'new': 60.0}, {'col': 'Bsmt Unf SF', 'base': np.float64(384.0), 'new': 0.0}, {'col': 'Heating QC', 'base': 'Gd', 'new': 3.0}, {'col': 'Gr Liv Area', 'base': np.int64(1501), 'new': 3086.0}, {'col': 'Kitchen Qual', 'base': 'Gd', 'new': 3.0}, {'col': 'Fireplace Qu', 'base': 'TA', 'new': 2.0}, {'col': 'Garage Qual', 'base': 'TA', 'new': 2.0}, {'col': 'Garage Cond', 'base': 'TA', 'new': 2.0}, {'col': 'Pool QC', 'base': 'No aplica', 'new': -1.0}]",optimization/sensibilidad_remodelacion_relajada/xgb_features_pid916226030_b100000.csv,/Users/ignaciocuevasschotte/Documents/GitHub/Optimizacion-Casas-Ames-Iowa-Capstone-/models/xgb/datos_nuevos_reexport/model_xgb.joblib
916380060,Timber,p75,437065.0487331246,20000.0,,OPTIMAL,397032.1875,534798.1642105121,7543.8240000000005,130222.15271051205,12456.176,0.3771912,2.4376196892620106e-05,130222.15271051205,"[{'col': 'Utilities', 'base': 'AllPub', 'new': 3}, {'col': 'Exter Qual', 'base': 'Gd', 'new': 3.0}, {'col': 'Exter Cond', 'base': 'TA', 'new': 2.0}, {'col': 'Bsmt Cond', 'base': 'TA', 'new': 2.0}, {'col': 'Heating QC', 'base': 'Ex', 'new': 4.0}, {'col': 'Gr Liv Area', 'base': np.int64(1537), 'new': 3086.0}, {'col': 'Kitchen Qual', 'base': 'Gd', 'new': 3.0}, {'col': 'Fireplace Qu', 'base': 'No aplica', 'new': -1.0}, {'col': 'Garage Qual', 'base': 'TA', 'new': 2.0}, {'col': 'Garage Cond', 'base': 'TA', 'new': 2.0}, {'col': 'Open Porch SF', 'base': np.int64(26), 'new': 31.2}, {'col': 'Pool QC', 'base': 'No aplica', 'new': -1.0}]",optimization/sensibilidad_remodelacion_relajada/xgb_features_pid916380060_b20000.csv,/Users/ignaciocuevasschotte/Documents/GitHub/Optimizacion-Casas-Ames-Iowa-Capstone-/models/xgb/datos_nuevos_reexport/model_xgb.joblib
916380060,Timber,p75,437065.0487331246,50000.0,,OPTIMAL,397032.1875,583225.8762526339,41506.01399999999,144687.6747526339,8493.986000000012,0.8301202799999997,0.0,144687.6747526339,"[{'col': 'Utilities', 'base': 'AllPub', 'new': 3}, {'col': 'Exter Qual', 'base': 'Gd', 'new': 3.0}, {'col': 'Exter Cond', 'base': 'TA', 'new': 2.0}, {'col': 'Bsmt Cond', 'base': 'TA', 'new': 2.0}, {'col': 'BsmtFin SF 1', 'base': np.float64(1036.0), 'new': 1458.0}, {'col': 'BsmtFin SF 2', 'base': np.float64(0.0), 'new': 60.0}, {'col': 'Bsmt Unf SF', 'base': np.float64(482.0), 'new': 0.0}, {'col': 'Heating QC', 'base': 'Ex', 'new': 4.0}, {'col': 'Gr Liv Area', 'base': np.int64(1537), 'new': 3086.0}, {'col': 'Kitchen Qual', 'base': 'Gd', 'new': 3.0}, {'col': 'Fireplace Qu', 'base': 'No aplica', 'new': -1.0}, {'col': 'Garage Qual', 'base': 'TA', 'new': 2.0}, {'col': 'Garage Cond', 'base': 'TA', 'new': 2.0}, {'col': 'Open Porch SF', 'base': np.int64(26), 'new': 31.2}, {'col': 'Pool QC', 'base': 'No aplica', 'new': -1.0}]",optimization/sensibilidad_remodelacion_relajada/xgb_features_pid916380060_b50000.csv,/Users/ignaciocuevasschotte/Documents/GitHub/Optimizacion-Casas-Ames-Iowa-Capstone-/models/xgb/datos_nuevos_reexport/model_xgb.joblib
916380060,Timber,p75,437065.0487331246,100000.0,,OPTIMAL,397032.1875,592875.8482992513,41506.01399999999,154337.64679925132,58493.98600000001,0.41506013999999986,0.0,154337.64679925132,"[{'col': 'Utilities', 'base': 'AllPub', 'new': 3}, {'col': 'Exter Qual', 'base': 'Gd', 'new': 3.0}, {'col': 'Exter Cond', 'base': 'TA', 'new': 2.0}, {'col': 'Bsmt Cond', 'base': 'TA', 'new': 2.0}, {'col': 'BsmtFin SF 1', 'base': np.float64(1036.0), 'new': 1458.0}, {'col': 'BsmtFin SF 2', 'base': np.float64(0.0), 'new': 60.0}, {'col': 'Bsmt Unf SF', 'base': np.float64(482.0), 'new': 0.0}, {'col': 'Heating QC', 'base': 'Ex', 'new': 4.0}, {'col': 'Gr Liv Area', 'base': np.int64(1537), 'new': 3086.0}, {'col': 'Kitchen Qual', 'base': 'Gd', 'new': 3.0}, {'col': 'Fireplace Qu', 'base': 'No aplica', 'new': -1.0}, {'col': 'Garage Qual', 'base': 'TA', 'new': 2.0}, {'col': 'Garage Cond', 'base': 'TA', 'new': 2.0}, {'col': 'Open Porch SF', 'base': np.int64(26), 'new': 31.2}, {'col': 'Pool QC', 'base': 'No aplica', 'new': -1.0}]",optimization/sensibilidad_remodelacion_relajada/xgb_features_pid916380060_b100000.csv,/Users/ignaciocuevasschotte/Documents/GitHub/Optimizacion-Casas-Ames-Iowa-Capstone-/models/xgb/datos_nuevos_reexport/model_xgb.joblib
527146030,StoneBr,p25,347155.9633027523,20000.0,,OPTIMAL,376663.59375,502178.99248374585,15782.503,109732.89573374583,4217.496999999999,0.78912515,0.0,109732.89573374583,"[{'col': 'Utilities', 'base': 'AllPub', 'new': 3}, {'col': 'Exter Qual', 'base': 'Gd', 'new': 3.0}, {'col': 'Exter Cond', 'base': 'TA', 'new': 2.0}, {'col': 'Bsmt Cond', 'base': 'TA', 'new': 2.0}, {'col': 'Heating QC', 'base': 'Ex', 'new': 4.0}, {'col': 'Gr Liv Area', 'base': np.int64(1616), 'new': 3395.0}, {'col': 'Kitchen Qual', 'base': 'Gd', 'new': 3.0}, {'col': 'Fireplace Qu', 'base': 'TA', 'new': 2.0}, {'col': 'Garage Qual', 'base': 'TA', 'new': 2.0}, {'col': 'Garage Cond', 'base': 'TA', 'new': 2.0}, {'col': 'Wood Deck SF', 'base': np.int64(237), 'new': 260.7}, {'col': 'Open Porch SF', 'base': np.int64(152), 'new': 197.6}, {'col': 'Pool QC', 'base': 'No aplica', 'new': -1.0}]",optimization/sensibilidad_remodelacion_relajada/xgb_features_pid527146030_b20000.csv,/Users/ignaciocuevasschotte/Documents/GitHub/Optimizacion-Casas-Ames-Iowa-Capstone-/models/xgb/datos_nuevos_reexport/model_xgb.joblib
527146030,StoneBr,p25,347155.9633027523,50000.0,,OPTIMAL,376663.59375,535808.2699729382,39923.41299999994,119221.26322293829,10076.587000000058,0.7984682599999988,0.0,119221.26322293829,"[{'col': 'Utilities', 'base': 'AllPub', 'new': 3}, {'col': 'Exter Qual', 'base': 'Gd', 'new': 3.0}, {'col': 'Exter Cond', 'base': 'TA', 'new': 2.0}, {'col': 'Bsmt Cond', 'base': 'TA', 'new': 2.0}, {'col': 'Heating QC', 'base': 'Ex', 'new': 4.0}, {'col': 'Gr Liv Area', 'base': np.int64(1616), 'new': 3395.0}, {'col': 'Kitchen Qual', 'base': 'Gd', 'new': 3.0}, {'col': 'Fireplace Qu', 'base': 'TA', 'new': 2.0}, {'col': 'Garage Area', 'base': np.float64(608.0), 'new': 668.8}, {'col': 'Garage Qual', 'base': 'TA', 'new': 2.0}, {'col': 'Garage Cond', 'base': 'TA', 'new': 2.0}, {'col': 'Wood Deck SF', 'base': np.int64(237), 'new': 260.7}, {'col': 'Open Porch SF', 'base': np.int64(152), 'new': 197.6}, {'col': 'Pool QC', 'base': 'No aplica', 'new': -1.0}]",optimization/sensibilidad_remodelacion_relajada/xgb_features_pid527146030_b50000.csv,/Users/ignaciocuevasschotte/Documents/GitHub/Optimizacion-Casas-Ames-Iowa-Capstone-/models/xgb/datos_nuevos_reexport/model_xgb.joblib
527146030,StoneBr,p25,347155.9633027523,100000.0,,OPTIMAL,376663.59375,570976.6297413715,67923.41299999994,126389.62299137155,32076.587000000058,0.6792341299999994,0.0,126389.62299137155,"[{'col': 'Utilities', 'base': 'AllPub', 'new': 3}, {'col': 'Exter Qual', 'base': 'Gd', 'new': 3.0}, {'col': 'Exter Cond', 'base': 'TA', 'new': 2.0}, {'col': 'Bsmt Cond', 'base': 'TA', 'new': 2.0}, {'col': 'Heating QC', 'base': 'Ex', 'new': 4.0}, {'col': '1st Flr SF', 'base': np.int64(1616), 'new': 1656.0}, {'col': 'Gr Liv Area', 'base': np.int64(1616), 'new': 3395.0}, {'col': 'Full Bath', 'base': np.int64(2), 'new': 3.0}, {'col': 'Kitchen Qual', 'base': 'Gd', 'new': 3.0}, {'col': 'Fireplace Qu', 'base': 'TA', 'new': 2.0}, {'col': 'Garage Area', 'base': np.float64(608.0), 'new': 668.8}, {'col': 'Garage Qual', 'base': 'TA', 'new': 2.0}, {'col': 'Garage Cond', 'base': 'TA', 'new': 2.0}, {'col': 'Wood Deck SF', 'base': np.int64(237), 'new': 260.7}, {'col': 'Open Porch SF', 'base': np.int64(152), 'new': 197.6}, {'col': 'Pool QC', 'base': 'No aplica', 'new': -1.0}]",optimization/sensibilidad_remodelacion_relajada/xgb_features_pid527146030_b100000.csv,/Users/ignaciocuevasschotte/Documents/GitHub/Optimizacion-Casas-Ames-Iowa-Capstone-/models/xgb/datos_nuevos_reexport/model_xgb.joblib
527252050,StoneBr,p50,493710.9344856856,20000.0,,OPTIMAL,456615.4375,600659.1342447852,10835.675999999876,133208.02074478532,9164.324000000124,0.5417837999999938,0.0,133208.02074478532,"[{'col': 'Utilities', 'base': 'AllPub', 'new': 3}, {'col': 'Exter Qual', 'base': 'Gd', 'new': 3.0}, {'col': 'Exter Cond', 'base': 'TA', 'new': 2.0}, {'col': 'Bsmt Cond', 'base': 'TA', 'new': 2.0}, {'col': 'Heating QC', 'base': 'Ex', 'new': 4.0}, {'col': 'Gr Liv Area', 'base': np.int64(1612), 'new': 3086.0}, {'col': 'Kitchen Qual', 'base': 'Ex', 'new': 4.0}, {'col': 'Fireplace Qu', 'base': 'Gd', 'new': 3.0}, {'col': 'Garage Qual', 'base': 'TA', 'new': 2.0}, {'col': 'Garage Cond', 'base': 'TA', 'new': 2.0}, {'col': 'Open Porch SF', 'base': np.int64(164), 'new': 196.79999999999924}, {'col': 'Pool QC', 'base': 'No aplica', 'new': -1.0}]",optimization/sensibilidad_remodelacion_relajada/xgb_features_pid527252050_b20000.csv,/Users/ignaciocuevasschotte/Documents/GitHub/Optimizacion-Casas-Ames-Iowa-Capstone-/models/xgb/datos_nuevos_reexport/model_xgb.joblib
527252050,StoneBr,p50,493710.9344856856,50000.0,,OPTIMAL,456615.4375,630209.2351246903,29373.865999999918,144219.93162469042,20626.134000000082,0.5874773199999984,0.0,144219.93162469042,"[{'col': 'Utilities', 'base': 'AllPub', 'new': 3}, {'col': 'Exter Qual', 'base': 'Gd', 'new': 3.0}, {'col': 'Exter Cond', 'base': 'TA', 'new': 2.0}, {'col': 'Bsmt Cond', 'base': 'TA', 'new': 2.0}, {'col': 'Heating QC', 'base': 'Ex', 'new': 4.0}, {'col': 'Gr Liv Area', 'base': np.int64(1612), 'new': 3395.0}, {'col': 'Kitchen Qual', 'base': 'Ex', 'new': 4.0}, {'col': 'Fireplace Qu', 'base': 'Gd', 'new': 3.0}, {'col': 'Garage Qual', 'base': 'TA', 'new': 2.0}, {'col': 'Garage Cond', 'base': 'TA', 'new': 2.0}, {'col': 'Open Porch SF', 'base': np.int64(164), 'new': 196.8}, {'col': 'Pool QC', 'base': 'No aplica', 'new': -1.0}]",optimization/sensibilidad_remodelacion_relajada/xgb_features_pid527252050_b50000.csv,/Users/ignaciocuevasschotte/Documents/GitHub/Optimizacion-Casas-Ames-Iowa-Capstone-/models/xgb/datos_nuevos_reexport/model_xgb.joblib
527252050,StoneBr,p50,493710.9344856856,100000.0,,OPTIMAL,456615.4375,701163.8164420017,83453.86600000001,161094.5129420017,16546.13399999999,0.8345386600000001,0.0,161094.5129420017,"[{'col': 'Utilities', 'base': 'AllPub', 'new': 3}, {'col': 'Exter Qual', 'base': 'Gd', 'new': 3.0}, {'col': 'Exter Cond', 'base': 'TA', 'new': 2.0}, {'col': 'Bsmt Cond', 'base': 'TA', 'new': 2.0}, {'col': 'BsmtFin SF 1', 'base': np.float64(797.0), 'new': 1612.0}, {'col': 'Bsmt Unf SF', 'base': np.float64(815.0), 'new': 0.0}, {'col': 'Heating QC', 'base': 'Ex', 'new': 4.0}, {'col': '1st Flr SF', 'base': np.int64(1612), 'new': 1652.0}, {'col': 'Gr Liv Area', 'base': np.int64(1612), 'new': 3395.0}, {'col': 'Full Bath', 'base': np.int64(2), 'new': 3.0}, {'col': 'Kitchen Qual', 'base': 'Ex', 'new': 4.0}, {'col': 'Fireplace Qu', 'base': 'Gd', 'new': 3.0}, {'col': 'Garage Qual', 'base': 'TA', 'new': 2.0}, {'col': 'Garage Cond', 'base': 'TA', 'new': 2.0}, {'col': 'Open Porch SF', 'base': np.int64(164), 'new': 196.8}, {'col': 'Pool QC', 'base': 'No aplica', 'new': -1.0}]",optimization/sensibilidad_remodelacion_relajada/xgb_features_pid527252050_b100000.csv,/Users/ignaciocuevasschotte/Documents/GitHub/Optimizacion-Casas-Ames-Iowa-Capstone-/models/xgb/datos_nuevos_reexport/model_xgb.joblib
527210060,StoneBr,p75,582492.4762713172,20000.0,,OPTIMAL,589567.75,711465.4998740386,11169.632,110728.11787403864,8830.368,0.5584816,1.5434567557340858e-06,110728.11787403864,"[{'col': 'Utilities', 'base': 'AllPub', 'new': 3}, {'col': 'Exter Qual', 'base': 'Gd', 'new': 3.0}, {'col': 'Exter Cond', 'base': 'TA', 'new': 2.0}, {'col': 'Bsmt Cond', 'base': 'TA', 'new': 2.0}, {'col': 'Heating QC', 'base': 'Ex', 'new': 4.0}, {'col': 'Gr Liv Area', 'base': np.int64(1922), 'new': 3395.0}, {'col': 'Kitchen Qual', 'base': 'Gd', 'new': 3.0}, {'col': 'Fireplace Qu', 'base': 'Gd', 'new': 3.0}, {'col': 'Garage Qual', 'base': 'TA', 'new': 2.0}, {'col': 'Garage Cond', 'base': 'TA', 'new': 2.0}, {'col': 'Wood Deck SF', 'base': np.int64(178), 'new': 213.6}, {'col': 'Pool QC', 'base': 'No aplica', 'new': -1.0}]",optimization/sensibilidad_remodelacion_relajada/xgb_features_pid527210060_b20000.csv,/Users/ignaciocuevasschotte/Documents/GitHub/Optimizacion-Casas-Ames-Iowa-Capstone-/models/xgb/datos_nuevos_reexport/model_xgb.joblib
527210060,StoneBr,p75,582492.4762713172,50000.0,,OPTIMAL,589567.75,747008.1784018511,25461.81,131978.61840185104,24538.19,0.5092362,0.0,131978.61840185104,"[{'col': 'Utilities', 'base': 'AllPub', 'new': 3}, {'col': 'Exter Qual', 'base': 'Gd', 'new': 3.0}, {'col': 'Exter Cond', 'base': 'TA', 'new': 2.0}, {'col': 'Bsmt Cond', 'base': 'TA', 'new': 2.0}, {'col': 'Heating QC', 'base': 'Ex', 'new': 4.0}, {'col': 'Gr Liv Area', 'base': np.int64(1922), 'new': 3086.0}, {'col': 'Kitchen Qual', 'base': 'Gd', 'new': 3.0}, {'col': 'Fireplace Qu', 'base': 'Gd', 'new': 3.0}, {'col': 'Garage Qual', 'base': 'TA', 'new': 2.0}, {'col': 'Garage Cond', 'base': 'TA', 'new': 2.0}, {'col': 'Pool QC', 'base': 'No aplica', 'new': -1.0}]",optimization/sensibilidad_remodelacion_relajada/xgb_features_pid527210060_b50000.csv,/Users/ignaciocuevasschotte/Documents/GitHub/Optimizacion-Casas-Ames-Iowa-Capstone-/models/xgb/datos_nuevos_reexport/model_xgb.joblib
527210060,StoneBr,p75,582492.4762713172,100000.0,,OPTIMAL,589567.75,795057.8361231253,53461.81,152028.27612312534,46538.19,0.5346181,0.0,152028.27612312534,"[{'col': 'Utilities', 'base': 'AllPub', 'new': 3}, {'col': 'Exter Qual', 'base': 'Gd', 'new': 3.0}, {'col': 'Exter Cond', 'base': 'TA', 'new': 2.0}, {'col': 'Bsmt Cond', 'base': 'TA', 'new': 2.0}, {'col': 'Heating QC', 'base': 'Ex', 'new': 4.0}, {'col': '1st Flr SF', 'base': np.int64(1922), 'new': 1962.0}, {'col': 'Gr Liv Area', 'base': np.int64(1922), 'new': 3086.0}, {'col': 'Full Bath', 'base': np.int64(2), 'new': 3.0}, {'col': 'Kitchen Qual', 'base': 'Gd', 'new': 3.0}, {'col': 'Fireplace Qu', 'base': 'Gd', 'new': 3.0}, {'col': 'Garage Qual', 'base': 'TA', 'new': 2.0}, {'col': 'Garage Cond', 'base': 'TA', 'new': 2.0}, {'col': 'Pool QC', 'base': 'No aplica', 'new': -1.0}]",optimization/sensibilidad_remodelacion_relajada/xgb_features_pid527210060_b100000.csv,/Users/ignaciocuevasschotte/Documents/GitHub/Optimizacion-Casas-Ames-Iowa-Capstone-/models/xgb/datos_nuevos_reexport/model_xgb.joblib
909256060,SWISU,p25,170960.81838200454,20000.0,,OPTIMAL,191655.640625,232282.29342889367,10872.93,29753.722803893674,9127.07,0.5436465,0.0,29753.722803893674,"[{'col': 'Utilities', 'base': 'AllPub', 'new': 3}, {'col': 'Exter Qual', 'base': 'TA', 'new': 3.0}, {'col': 'Exter Cond', 'base': 'TA', 'new': 2.0}, {'col': 'Bsmt Cond', 'base': 'TA', 'new': 2.0}, {'col': 'Heating QC', 'base': 'Ex', 'new': 4.0}, {'col': 'Gr Liv Area', 'base': np.int64(1639), 'new': 3395.0}, {'col': 'Kitchen Qual', 'base': 'TA', 'new': 2.0}, {'col': 'Fireplace Qu', 'base': 'No aplica', 'new': -1.0}, {'col': 'Garage Qual', 'base': 'TA', 'new': 2.0}, {'col': 'Garage Cond', 'base': 'TA', 'new': 2.0}, {'col': 'Pool QC', 'base': 'No aplica', 'new': -1.0}]",optimization/sensibilidad_remodelacion_relajada/xgb_features_pid909256060_b20000.csv,/Users/ignaciocuevasschotte/Documents/GitHub/Optimizacion-Casas-Ames-Iowa-Capstone-/models/xgb/datos_nuevos_reexport/model_xgb.joblib
909256060,SWISU,p25,170960.81838200454,50000.0,,OPTIMAL,191655.640625,233472.82741612213,10872.929999999997,30944.25679112214,39127.07000000001,0.21745859999999995,0.0,30944.25679112214,"[{'col': 'Utilities', 'base': 'AllPub', 'new': 3}, {'col': 'Exter Qual', 'base': 'TA', 'new': 3.0}, {'col': 'Exter Cond', 'base': 'TA', 'new': 2.0}, {'col': 'Bsmt Cond', 'base': 'TA', 'new': 2.0}, {'col': 'Heating QC', 'base': 'Ex', 'new': 4.0}, {'col': 'Gr Liv Area', 'base': np.int64(1639), 'new': 3395.0}, {'col': 'Kitchen Qual', 'base': 'TA', 'new': 2.0}, {'col': 'Fireplace Qu', 'base': 'No aplica', 'new': -1.0}, {'col': 'Garage Qual', 'base': 'TA', 'new': 2.0}, {'col': 'Garage Cond', 'base': 'TA', 'new': 2.0}, {'col': 'Pool QC', 'base': 'No aplica', 'new': -1.0}]",optimization/sensibilidad_remodelacion_relajada/xgb_features_pid909256060_b50000.csv,/Users/ignaciocuevasschotte/Documents/GitHub/Optimizacion-Casas-Ames-Iowa-Capstone-/models/xgb/datos_nuevos_reexport/model_xgb.joblib
909256060,SWISU,p25,170960.81838200454,100000.0,,OPTIMAL,191655.640625,233564.18265338163,10872.929999999998,31035.61202838164,89127.07,0.10872929999999999,0.0,31035.61202838164,"[{'col': 'Utilities', 'base': 'AllPub', 'new': 3}, {'col': 'Exter Qual', 'base': 'TA', 'new': 3.0}, {'col': 'Exter Cond', 'base': 'TA', 'new': 2.0}, {'col': 'Bsmt Cond', 'base': 'TA', 'new': 2.0}, {'col': 'Heating QC', 'base': 'Ex', 'new': 4.0}, {'col': 'Gr Liv Area', 'base': np.int64(1639), 'new': 3395.0}, {'col': 'Kitchen Qual', 'base': 'TA', 'new': 2.0}, {'col': 'Fireplace Qu', 'base': 'No aplica', 'new': -1.0}, {'col': 'Garage Qual', 'base': 'TA', 'new': 2.0}, {'col': 'Garage Cond', 'base': 'TA', 'new': 2.0}, {'col': 'Pool QC', 'base': 'No aplica', 'new': -1.0}]",optimization/sensibilidad_remodelacion_relajada/xgb_features_pid909256060_b100000.csv,/Users/ignaciocuevasschotte/Documents/GitHub/Optimizacion-Casas-Ames-Iowa-Capstone-/models/xgb/datos_nuevos_reexport/model_xgb.joblib
909251170,SWISU,p50,204991.49441894065,20000.0,,OPTIMAL,227044.515625,291185.0063673686,10872.93,53267.56074236863,9127.07,0.5436465,0.0,53267.56074236863,"[{'col': 'Utilities', 'base': 'AllPub', 'new': 3}, {'col': 'Exter Qual', 'base': 'TA', 'new': 3.0}, {'col': 'Exter Cond', 'base': 'TA', 'new': 2.0}, {'col': 'Bsmt Cond', 'base': 'TA', 'new': 2.0}, {'col': 'Heating QC', 'base': 'Ex', 'new': 4.0}, {'col': 'Gr Liv Area', 'base': np.int64(1608), 'new': 3086.0}, {'col': 'Kitchen Qual', 'base': 'Gd', 'new': 3.0}, {'col': 'Fireplace Qu', 'base': 'Gd', 'new': 3.0}, {'col': 'Garage Qual', 'base': 'Fa', 'new': 1.0}, {'col': 'Garage Cond', 'base': 'TA', 'new': 2.0}, {'col': 'Pool QC', 'base': 'No aplica', 'new': -1.0}]",optimization/sensibilidad_remodelacion_relajada/xgb_features_pid909251170_b20000.csv,/Users/ignaciocuevasschotte/Documents/GitHub/Optimizacion-Casas-Ames-Iowa-Capstone-/models/xgb/datos_nuevos_reexport/model_xgb.joblib
909251170,SWISU,p50,204991.49441894065,50000.0,,OPTIMAL,227044.515625,291185.0063663754,10872.929999999995,53267.56074137543,39127.07000000001,0.2174585999999999,0.0,53267.56074137543,"[{'col': 'Utilities', 'base': 'AllPub', 'new': 3}, {'col': 'Exter Qual', 'base': 'TA', 'new': 3.0}, {'col': 'Exter Cond', 'base': 'TA', 'new': 2.0}, {'col': 'Bsmt Cond', 'base': 'TA', 'new': 2.0}, {'col': 'Heating QC', 'base': 'Ex', 'new': 4.0}, {'col': 'Gr Liv Area', 'base': np.int64(1608), 'new': 3395.0}, {'col': 'Kitchen Qual', 'base': 'Gd', 'new': 3.0}, {'col': 'Fireplace Qu', 'base': 'Gd', 'new': 3.0}, {'col': 'Garage Qual', 'base': 'Fa', 'new': 1.0}, {'col': 'Garage Cond', 'base': 'TA', 'new': 2.0}, {'col': 'Pool QC', 'base': 'No aplica', 'new': -1.0}]",optimization/sensibilidad_remodelacion_relajada/xgb_features_pid909251170_b50000.csv,/Users/ignaciocuevasschotte/Documents/GitHub/Optimizacion-Casas-Ames-Iowa-Capstone-/models/xgb/datos_nuevos_reexport/model_xgb.joblib
909251170,SWISU,p50,204991.49441894065,100000.0,,OPTIMAL,227044.515625,292249.33104195184,10872.929999999993,54331.885416951845,89127.07,0.10872929999999993,0.0,54331.885416951845,"[{'col': 'Utilities', 'base': 'AllPub', 'new': 3}, {'col': 'Exter Qual', 'base': 'TA', 'new': 3.0}, {'col': 'Exter Cond', 'base': 'TA', 'new': 2.0}, {'col': 'Bsmt Cond', 'base': 'TA', 'new': 2.0}, {'col': 'Heating QC', 'base': 'Ex', 'new': 4.0}, {'col': 'Gr Liv Area', 'base': np.int64(1608), 'new': 3395.0}, {'col': 'Kitchen Qual', 'base': 'Gd', 'new': 3.0}, {'col': 'Fireplace Qu', 'base': 'Gd', 'new': 3.0}, {'col': 'Garage Qual', 'base': 'Fa', 'new': 1.0}, {'col': 'Garage Cond', 'base': 'TA', 'new': 2.0}, {'col': 'Pool QC', 'base': 'No aplica', 'new': -1.0}]",optimization/sensibilidad_remodelacion_relajada/xgb_features_pid909251170_b100000.csv,/Users/ignaciocuevasschotte/Documents/GitHub/Optimizacion-Casas-Ames-Iowa-Capstone-/models/xgb/datos_nuevos_reexport/model_xgb.joblib
909129100,SWISU,p75,237778.20240952625,20000.0,,OPTIMAL,180908.640625,222918.66799396247,10872.93,31137.09736896248,9127.07,0.5436465,0.0,31137.09736896248,"[{'col': 'Utilities', 'base': 'AllPub', 'new': 3}, {'col': 'Exter Qual', 'base': 'TA', 'new': 3.0}, {'col': 'Exter Cond', 'base': 'TA', 'new': 2.0}, {'col': 'Bsmt Cond', 'base': 'TA', 'new': 2.0}, {'col': 'Heating QC', 'base': 'Ex', 'new': 4.0}, {'col': 'Gr Liv Area', 'base': np.int64(1520), 'new': 3086.0}, {'col': 'Kitchen Qual', 'base': 'TA', 'new': 2.0}, {'col': 'Fireplace Qu', 'base': 'No aplica', 'new': -1.0}, {'col': 'Garage Qual', 'base': 'TA', 'new': 2.0}, {'col': 'Garage Cond', 'base': 'TA', 'new': 2.0}, {'col': 'Pool QC', 'base': 'No aplica', 'new': -1.0}]",optimization/sensibilidad_remodelacion_relajada/xgb_features_pid909129100_b20000.csv,/Users/ignaciocuevasschotte/Documents/GitHub/Optimizacion-Casas-Ames-Iowa-Capstone-/models/xgb/datos_nuevos_reexport/model_xgb.joblib
909129100,SWISU,p75,237778.20240952625,50000.0,,OPTIMAL,180908.640625,224054.24564786462,10872.929999999997,32272.675022864627,39127.07000000001,0.21745859999999995,0.0,32272.675022864627,"[{'col': 'Utilities', 'base': 'AllPub', 'new': 3}, {'col': 'Exter Qual', 'base': 'TA', 'new': 3.0}, {'col': 'Exter Cond', 'base': 'TA', 'new': 2.0}, {'col': 'Bsmt Cond', 'base': 'TA', 'new': 2.0}, {'col': 'Heating QC', 'base': 'Ex', 'new': 4.0}, {'col': 'Gr Liv Area', 'base': np.int64(1520), 'new': 3086.0}, {'col': 'Kitchen Qual', 'base': 'TA', 'new': 2.0}, {'col': 'Fireplace Qu', 'base': 'No aplica', 'new': -1.0}, {'col': 'Garage Qual', 'base': 'TA', 'new': 2.0}, {'col': 'Garage Cond', 'base': 'TA', 'new': 2.0}, {'col': 'Pool QC', 'base': 'No aplica', 'new': -1.0}]",optimization/sensibilidad_remodelacion_relajada/xgb_features_pid909129100_b50000.csv,/Users/ignaciocuevasschotte/Documents/GitHub/Optimizacion-Casas-Ames-Iowa-Capstone-/models/xgb/datos_nuevos_reexport/model_xgb.joblib
909129100,SWISU,p75,237778.20240952625,100000.0,,OPTIMAL,180908.640625,224332.41132530483,10872.930000000002,32550.840700304834,89127.06999999999,0.10872930000000001,0.0,32550.840700304834,"[{'col': 'Utilities', 'base': 'AllPub', 'new': 3}, {'col': 'Exter Qual', 'base': 'TA', 'new': 3.0}, {'col': 'Exter Cond', 'base': 'TA', 'new': 2.0}, {'col': 'Bsmt Cond', 'base': 'TA', 'new': 2.0}, {'col': 'Heating QC', 'base': 'Ex', 'new': 4.0}, {'col': 'Gr Liv Area', 'base': np.int64(1520), 'new': 3086.0}, {'col': 'Kitchen Qual', 'base': 'TA', 'new': 2.0}, {'col': 'Fireplace Qu', 'base': 'No aplica', 'new': -1.0}, {'col': 'Garage Qual', 'base': 'TA', 'new': 2.0}, {'col': 'Garage Cond', 'base': 'TA', 'new': 2.0}, {'col': 'Pool QC', 'base': 'No aplica', 'new': -1.0}]",optimization/sensibilidad_remodelacion_relajada/xgb_features_pid909129100_b100000.csv,/Users/ignaciocuevasschotte/Documents/GitHub/Optimizacion-Casas-Ames-Iowa-Capstone-/models/xgb/datos_nuevos_reexport/model_xgb.joblib
905351089,ClearCr,p25,257184.5354790155,20000.0,,OPTIMAL,260554.09375,350333.76657794084,10872.93,78906.74282794085,9127.07,0.5436465,0.0,78906.74282794085,"[{'col': 'Utilities', 'base': 'AllPub', 'new': 3}, {'col': 'Exter Qual', 'base': 'TA', 'new': 3.0}, {'col': 'Exter Cond', 'base': 'TA', 'new': 2.0}, {'col': 'Bsmt Cond', 'base': 'TA', 'new': 2.0}, {'col': 'Heating QC', 'base': 'Ex', 'new': 4.0}, {'col': 'Gr Liv Area', 'base': np.int64(1291), 'new': 2649.0}, {'col': 'Kitchen Qual', 'base': 'Gd', 'new': 3.0}, {'col': 'Fireplace Qu', 'base': 'Gd', 'new': 3.0}, {'col': 'Garage Qual', 'base': 'TA', 'new': 2.0}, {'col': 'Garage Cond', 'base': 'TA', 'new': 2.0}, {'col': 'Pool QC', 'base': 'No aplica', 'new': -1.0}]",optimization/sensibilidad_remodelacion_relajada/xgb_features_pid905351089_b20000.csv,/Users/ignaciocuevasschotte/Documents/GitHub/Optimizacion-Casas-Ames-Iowa-Capstone-/models/xgb/datos_nuevos_reexport/model_xgb.joblib
905351089,ClearCr,p25,257184.5354790155,50000.0,,OPTIMAL,260554.09375,350333.76729567157,10872.93,78906.74354567158,39127.07,0.2174586,0.0,78906.74354567158,"[{'col': 'Utilities', 'base': 'AllPub', 'new': 3}, {'col': 'Exter Qual', 'base': 'TA', 'new': 3.0}, {'col': 'Exter Cond', 'base': 'TA', 'new': 2.0}, {'col': 'Bsmt Cond', 'base': 'TA', 'new': 2.0}, {'col': 'Heating QC', 'base': 'Ex', 'new': 4.0}, {'col': 'Gr Liv Area', 'base': np.int64(1291), 'new': 2649.0}, {'col': 'Kitchen Qual', 'base': 'Gd', 'new': 3.0}, {'col': 'Fireplace Qu', 'base': 'Gd', 'new': 3.0}, {'col': 'Garage Qual', 'base': 'TA', 'new': 2.0}, {'col': 'Garage Cond', 'base': 'TA', 'new': 2.0}, {'col': 'Pool QC', 'base': 'No aplica', 'new': -1.0}]",optimization/sensibilidad_remodelacion_relajada/xgb_features_pid905351089_b50000.csv,/Users/ignaciocuevasschotte/Documents/GitHub/Optimizacion-Casas-Ames-Iowa-Capstone-/models/xgb/datos_nuevos_reexport/model_xgb.joblib
905351089,ClearCr,p25,257184.5354790155,100000.0,,OPTIMAL,260554.09375,351067.30181166733,10872.93,79640.27806166734,89127.07,0.1087293,0.0,79640.27806166734,"[{'col': 'Utilities', 'base': 'AllPub', 'new': 3}, {'col': 'Exter Qual', 'base': 'TA', 'new': 3.0}, {'col': 'Exter Cond', 'base': 'TA', 'new': 2.0}, {'col': 'Bsmt Cond', 'base': 'TA', 'new': 2.0}, {'col': 'Heating QC', 'base': 'Ex', 'new': 4.0}, {'col': 'Gr Liv Area', 'base': np.int64(1291), 'new': 2649.0}, {'col': 'Kitchen Qual', 'base': 'Gd', 'new': 3.0}, {'col': 'Fireplace Qu', 'base': 'Gd', 'new': 3.0}, {'col': 'Garage Qual', 'base': 'TA', 'new': 2.0}, {'col': 'Garage Cond', 'base': 'TA', 'new': 2.0}, {'col': 'Pool QC', 'base': 'No aplica', 'new': -1.0}]",optimization/sensibilidad_remodelacion_relajada/xgb_features_pid905351089_b100000.csv,/Users/ignaciocuevasschotte/Documents/GitHub/Optimizacion-Casas-Ames-Iowa-Capstone-/models/xgb/datos_nuevos_reexport/model_xgb.joblib
906426090,ClearCr,p50,301650.1453675865,20000.0,,OPTIMAL,287446.6875,377852.82057060144,10872.93,79533.20307060145,9127.07,0.5436465,0.0,79533.20307060145,"[{'col': 'Utilities', 'base': 'AllPub', 'new': 3}, {'col': 'Exter Qual', 'base': 'TA', 'new': 3.0}, {'col': 'Exter Cond', 'base': 'Gd', 'new': 3.0}, {'col': 'Bsmt Cond', 'base': 'TA', 'new': 2.0}, {'col': 'Heating QC', 'base': 'Fa', 'new': 1.0}, {'col': 'Gr Liv Area', 'base': np.int64(1582), 'new': 3086.0}, {'col': 'Kitchen Qual', 'base': 'TA', 'new': 2.0}, {'col': 'Fireplace Qu', 'base': 'No aplica', 'new': -1.0}, {'col': 'Garage Qual', 'base': 'TA', 'new': 2.0}, {'col': 'Garage Cond', 'base': 'TA', 'new': 2.0}, {'col': 'Pool QC', 'base': 'No aplica', 'new': -1.0}]",optimization/sensibilidad_remodelacion_relajada/xgb_features_pid906426090_b20000.csv,/Users/ignaciocuevasschotte/Documents/GitHub/Optimizacion-Casas-Ames-Iowa-Capstone-/models/xgb/datos_nuevos_reexport/model_xgb.joblib
906426090,ClearCr,p50,301650.1453675865,50000.0,,OPTIMAL,287446.6875,401198.4993838669,29411.12,84340.69188386691,20588.88,0.5882224,0.0,84340.69188386691,"[{'col': 'Utilities', 'base': 'AllPub', 'new': 3}, {'col': 'Exter Qual', 'base': 'TA', 'new': 3.0}, {'col': 'Exter Cond', 'base': 'Gd', 'new': 3.0}, {'col': 'Bsmt Cond', 'base': 'TA', 'new': 2.0}, {'col': 'Heating QC', 'base': 'Fa', 'new': 1.0}, {'col': 'Gr Liv Area', 'base': np.int64(1582), 'new': 3395.0}, {'col': 'Kitchen Qual', 'base': 'TA', 'new': 2.0}, {'col': 'Fireplace Qu', 'base': 'No aplica', 'new': -1.0}, {'col': 'Garage Qual', 'base': 'TA', 'new': 2.0}, {'col': 'Garage Cond', 'base': 'TA', 'new': 2.0}, {'col': 'Pool QC', 'base': 'No aplica', 'new': -1.0}]",optimization/sensibilidad_remodelacion_relajada/xgb_features_pid906426090_b50000.csv,/Users/ignaciocuevasschotte/Documents/GitHub/Optimizacion-Casas-Ames-Iowa-Capstone-/models/xgb/datos_nuevos_reexport/model_xgb.joblib
906426090,ClearCr,p50,301650.1453675865,100000.0,,OPTIMAL,287446.6875,401460.02044055256,29411.12,84602.21294055256,70588.88,0.2941112,0.0,84602.21294055256,"[{'col': 'Utilities', 'base': 'AllPub', 'new': 3}, {'col': 'Exter Qual', 'base': 'TA', 'new': 3.0}, {'col': 'Exter Cond', 'base': 'Gd', 'new': 3.0}, {'col': 'Bsmt Cond', 'base': 'TA', 'new': 2.0}, {'col': 'Heating QC', 'base': 'Fa', 'new': 1.0}, {'col': 'Gr Liv Area', 'base': np.int64(1582), 'new': 3395.0}, {'col': 'Kitchen Qual', 'base': 'TA', 'new': 2.0}, {'col': 'Fireplace Qu', 'base': 'No aplica', 'new': -1.0}, {'col': 'Garage Qual', 'base': 'TA', 'new': 2.0}, {'col': 'Garage Cond', 'base': 'TA', 'new': 2.0}, {'col': 'Pool QC', 'base': 'No aplica', 'new': -1.0}]",optimization/sensibilidad_remodelacion_relajada/xgb_features_pid906426090_b100000.csv,/Users/ignaciocuevasschotte/Documents/GitHub/Optimizacion-Casas-Ames-Iowa-Capstone-/models/xgb/datos_nuevos_reexport/model_xgb.joblib
905352070,ClearCr,p75,364220.8739442705,20000.0,,OPTIMAL,338186.15625,460996.49064115126,10872.93,111937.40439115127,9127.07,0.5436465,0.0,111937.40439115127,"[{'col': 'Utilities', 'base': 'AllPub', 'new': 3}, {'col': 'Exter Qual', 'base': 'TA', 'new': 3.0}, {'col': 'Exter Cond', 'base': 'TA', 'new': 2.0}, {'col': 'Bsmt Cond', 'base': 'TA', 'new': 2.0}, {'col': 'Heating QC', 'base': 'TA', 'new': 2.0}, {'col': 'Gr Liv Area', 'base': np.int64(1524), 'new': 3086.0}, {'col': 'Kitchen Qual', 'base': 'TA', 'new': 2.0}, {'col': 'Fireplace Qu', 'base': 'Gd', 'new': 3.0}, {'col': 'Garage Qual', 'base': 'TA', 'new': 2.0}, {'col': 'Garage Cond', 'base': 'TA', 'new': 2.0}, {'col': 'Pool QC', 'base': 'No aplica', 'new': -1.0}]",optimization/sensibilidad_remodelacion_relajada/xgb_features_pid905352070_b20000.csv,/Users/ignaciocuevasschotte/Documents/GitHub/Optimizacion-Casas-Ames-Iowa-Capstone-/models/xgb/datos_nuevos_reexport/model_xgb.joblib
905352070,ClearCr,p75,364220.8739442705,50000.0,,OPTIMAL,338186.15625,492919.79422638053,29411.119999999995,125322.51797638054,20588.880000000005,0.5882223999999999,0.0,125322.51797638054,"[{'col': 'Utilities', 'base': 'AllPub', 'new': 3}, {'col': 'Exter Qual', 'base': 'TA', 'new': 3.0}, {'col': 'Exter Cond', 'base': 'TA', 'new': 2.0}, {'col': 'Bsmt Cond', 'base': 'TA', 'new': 2.0}, {'col': 'Heating QC', 'base': 'TA', 'new': 2.0}, {'col': 'Gr Liv Area', 'base': np.int64(1524), 'new': 3395.0}, {'col': 'Kitchen Qual', 'base': 'TA', 'new': 2.0}, {'col': 'Fireplace Qu', 'base': 'Gd', 'new': 3.0}, {'col': 'Garage Qual', 'base': 'TA', 'new': 2.0}, {'col': 'Garage Cond', 'base': 'TA', 'new': 2.0}, {'col': 'Pool QC', 'base': 'No aplica', 'new': -1.0}]",optimization/sensibilidad_remodelacion_relajada/xgb_features_pid905352070_b50000.csv,/Users/ignaciocuevasschotte/Documents/GitHub/Optimizacion-Casas-Ames-Iowa-Capstone-/models/xgb/datos_nuevos_reexport/model_xgb.joblib
905352070,ClearCr,p75,364220.8739442705,100000.0,,OPTIMAL,338186.15625,493968.63835992856,29411.119999999995,126371.36210992857,70588.88,0.29411119999999996,0.0,126371.36210992857,"[{'col': 'Utilities', 'base': 'AllPub', 'new': 3}, {'col': 'Exter Qual', 'base': 'TA', 'new': 3.0}, {'col': 'Exter Cond', 'base': 'TA', 'new': 2.0}, {'col': 'Bsmt Cond', 'base': 'TA', 'new': 2.0}, {'col': 'Heating QC', 'base': 'TA', 'new': 2.0}, {'col': 'Gr Liv Area', 'base': np.int64(1524), 'new': 3395.0}, {'col': 'Kitchen Qual', 'base': 'TA', 'new': 2.0}, {'col': 'Fireplace Qu', 'base': 'Gd', 'new': 3.0}, {'col': 'Garage Qual', 'base': 'TA', 'new': 2.0}, {'col': 'Garage Cond', 'base': 'TA', 'new': 2.0}, {'col': 'Pool QC', 'base': 'No aplica', 'new': -1.0}]",optimization/sensibilidad_remodelacion_relajada/xgb_features_pid905352070_b100000.csv,/Users/ignaciocuevasschotte/Documents/GitHub/Optimizacion-Casas-Ames-Iowa-Capstone-/models/xgb/datos_nuevos_reexport/model_xgb.joblib
923225440,MeadowV,p25,124770.64220183488,20000.0,,OPTIMAL,129965.3828125,167893.22405984945,10872.93,27054.91124734946,9127.07,0.5436465,0.0,27054.91124734946,"[{'col': 'Utilities', 'base': 'AllPub', 'new': 3}, {'col': 'Exter Qual', 'base': 'TA', 'new': 3.0}, {'col': 'Exter Cond', 'base': 'TA', 'new': 2.0}, {'col': 'Bsmt Cond', 'base': 'TA', 'new': 2.0}, {'col': 'Heating QC', 'base': 'TA', 'new': 2.0}, {'col': 'Gr Liv Area', 'base': np.int64(1112), 'new': 2544.0}, {'col': 'Kitchen Qual', 'base': 'TA', 'new': 2.0}, {'col': 'Fireplace Qu', 'base': 'No aplica', 'new': -1.0}, {'col': 'Garage Qual', 'base': 'TA', 'new': 2.0}, {'col': 'Garage Cond', 'base': 'TA', 'new': 2.0}, {'col': 'Pool QC', 'base': 'No aplica', 'new': -1.0}]",optimization/sensibilidad_remodelacion_relajada/xgb_features_pid923225440_b20000.csv,/Users/ignaciocuevasschotte/Documents/GitHub/Optimizacion-Casas-Ames-Iowa-Capstone-/models/xgb/datos_nuevos_reexport/model_xgb.joblib
923225440,MeadowV,p25,124770.64220183488,50000.0,,OPTIMAL,129965.3828125,169228.88671033943,10872.930000000002,28390.573897839437,39127.07,0.21745860000000003,0.0,28390.573897839437,"[{'col': 'Utilities', 'base': 'AllPub', 'new': 3}, {'col': 'Exter Qual', 'base': 'TA', 'new': 3.0}, {'col': 'Exter Cond', 'base': 'TA', 'new': 2.0}, {'col': 'Bsmt Cond', 'base': 'TA', 'new': 2.0}, {'col': 'Heating QC', 'base': 'TA', 'new': 2.0}, {'col': 'Gr Liv Area', 'base': np.int64(1112), 'new': 2544.0}, {'col': 'Kitchen Qual', 'base': 'TA', 'new': 2.0}, {'col': 'Fireplace Qu', 'base': 'No aplica', 'new': -1.0}, {'col': 'Garage Qual', 'base': 'TA', 'new': 2.0}, {'col': 'Garage Cond', 'base': 'TA', 'new': 2.0}, {'col': 'Pool QC', 'base': 'No aplica', 'new': -1.0}]",optimization/sensibilidad_remodelacion_relajada/xgb_features_pid923225440_b50000.csv,/Users/ignaciocuevasschotte/Documents/GitHub/Optimizacion-Casas-Ames-Iowa-Capstone-/models/xgb/datos_nuevos_reexport/model_xgb.joblib
923225440,MeadowV,p25,124770.64220183488,100000.0,,OPTIMAL,129965.3828125,169337.90810780058,10872.929999999995,28499.59529530059,89127.07,0.10872929999999995,0.0,28499.59529530059,"[{'col': 'Utilities', 'base': 'AllPub', 'new': 3}, {'col': 'Exter Qual', 'base': 'TA', 'new': 3.0}, {'col': 'Exter Cond', 'base': 'TA', 'new': 2.0}, {'col': 'Bsmt Cond', 'base': 'TA', 'new': 2.0}, {'col': 'Heating QC', 'base': 'TA', 'new': 2.0}, {'col': 'Gr Liv Area', 'base': np.int64(1112), 'new': 2544.0}, {'col': 'Kitchen Qual', 'base': 'TA', 'new': 2.0}, {'col': 'Fireplace Qu', 'base': 'No aplica', 'new': -1.0}, {'col': 'Garage Qual', 'base': 'TA', 'new': 2.0}, {'col': 'Garage Cond', 'base': 'TA', 'new': 2.0}, {'col': 'Pool QC', 'base': 'No aplica', 'new': -1.0}]",optimization/sensibilidad_remodelacion_relajada/xgb_features_pid923225440_b100000.csv,/Users/ignaciocuevasschotte/Documents/GitHub/Optimizacion-Casas-Ames-Iowa-Capstone-/models/xgb/datos_nuevos_reexport/model_xgb.joblib
923225360,MeadowV,p50,135716.44956073916,20000.0,,OPTIMAL,145534.875,176334.72098735409,10872.93,19926.915987354092,9127.07,0.5436465,0.0,19926.915987354092,"[{'col': 'Utilities', 'base': 'AllPub', 'new': 3}, {'col': 'Exter Qual', 'base': 'TA', 'new': 3.0}, {'col': 'Exter Cond', 'base': 'TA', 'new': 2.0}, {'col': 'Bsmt Cond', 'base': 'TA', 'new': 2.0}, {'col': 'Heating QC', 'base': 'TA', 'new': 2.0}, {'col': 'Gr Liv Area', 'base': np.int64(988), 'new': 1498.0}, {'col': 'Kitchen Qual', 'base': 'TA', 'new': 2.0}, {'col': 'Fireplace Qu', 'base': 'No aplica', 'new': -1.0}, {'col': 'Garage Qual', 'base': 'TA', 'new': 2.0}, {'col': 'Garage Cond', 'base': 'TA', 'new': 2.0}, {'col': 'Pool QC', 'base': 'No aplica', 'new': -1.0}]",optimization/sensibilidad_remodelacion_relajada/xgb_features_pid923225360_b20000.csv,/Users/ignaciocuevasschotte/Documents/GitHub/Optimizacion-Casas-Ames-Iowa-Capstone-/models/xgb/datos_nuevos_reexport/model_xgb.joblib
923225360,MeadowV,p50,135716.44956073916,50000.0,,OPTIMAL,145534.875,176972.2749758353,10872.929999999997,20564.469975835294,39127.07000000001,0.21745859999999995,0.0,20564.469975835294,"[{'col': 'Utilities', 'base': 'AllPub', 'new': 3}, {'col': 'Exter Qual', 'base': 'TA', 'new': 3.0}, {'col': 'Exter Cond', 'base': 'TA', 'new': 2.0}, {'col': 'Bsmt Cond', 'base': 'TA', 'new': 2.0}, {'col': 'Heating QC', 'base': 'TA', 'new': 2.0}, {'col': 'Gr Liv Area', 'base': np.int64(988), 'new': 1498.0}, {'col': 'Kitchen Qual', 'base': 'TA', 'new': 2.0}, {'col': 'Fireplace Qu', 'base': 'No aplica', 'new': -1.0}, {'col': 'Garage Qual', 'base': 'TA', 'new': 2.0}, {'col': 'Garage Cond', 'base': 'TA', 'new': 2.0}, {'col': 'Pool QC', 'base': 'No aplica', 'new': -1.0}]",optimization/sensibilidad_remodelacion_relajada/xgb_features_pid923225360_b50000.csv,/Users/ignaciocuevasschotte/Documents/GitHub/Optimizacion-Casas-Ames-Iowa-Capstone-/models/xgb/datos_nuevos_reexport/model_xgb.joblib
923225360,MeadowV,p50,135716.44956073916,100000.0,,OPTIMAL,145534.875,177086.8854506012,10872.93,20679.080450601206,89127.07,0.1087293,0.0,20679.080450601206,"[{'col': 'Utilities', 'base': 'AllPub', 'new': 3}, {'col': 'Exter Qual', 'base': 'TA', 'new': 3.0}, {'col': 'Exter Cond', 'base': 'TA', 'new': 2.0}, {'col': 'Bsmt Cond', 'base': 'TA', 'new': 2.0}, {'col': 'Heating QC', 'base': 'TA', 'new': 2.0}, {'col': 'Gr Liv Area', 'base': np.int64(988), 'new': 1498.0}, {'col': 'Kitchen Qual', 'base': 'TA', 'new': 2.0}, {'col': 'Fireplace Qu', 'base': 'No aplica', 'new': -1.0}, {'col': 'Garage Qual', 'base': 'TA', 'new': 2.0}, {'col': 'Garage Cond', 'base': 'TA', 'new': 2.0}, {'col': 'Pool QC', 'base': 'No aplica', 'new': -1.0}]",optimization/sensibilidad_remodelacion_relajada/xgb_features_pid923225360_b100000.csv,/Users/ignaciocuevasschotte/Documents/GitHub/Optimizacion-Casas-Ames-Iowa-Capstone-/models/xgb/datos_nuevos_reexport/model_xgb.joblib
923228200,MeadowV,p75,164364.53430048615,20000.0,,OPTIMAL,150182.75,182162.26896090052,10872.93,21106.588960900524,9127.07,0.5436465,0.0,21106.588960900524,"[{'col': 'Utilities', 'base': 'AllPub', 'new': 3}, {'col': 'Exter Qual', 'base': 'TA', 'new': 3.0}, {'col': 'Exter Cond', 'base': 'TA', 'new': 2.0}, {'col': 'Bsmt Cond', 'base': 'TA', 'new': 2.0}, {'col': 'Heating QC', 'base': 'TA', 'new': 2.0}, {'col': 'Gr Liv Area', 'base': np.int64(992), 'new': 1498.0}, {'col': 'Kitchen Qual', 'base': 'TA', 'new': 2.0}, {'col': 'Fireplace Qu', 'base': 'No aplica', 'new': -1.0}, {'col': 'Garage Qual', 'base': 'TA', 'new': 2.0}, {'col': 'Garage Cond', 'base': 'TA', 'new': 2.0}, {'col': 'Pool QC', 'base': 'No aplica', 'new': -1.0}]",optimization/sensibilidad_remodelacion_relajada/xgb_features_pid923228200_b20000.csv,/Users/ignaciocuevasschotte/Documents/GitHub/Optimizacion-Casas-Ames-Iowa-Capstone-/models/xgb/datos_nuevos_reexport/model_xgb.joblib
923228200,MeadowV,p75,164364.53430048615,50000.0,,OPTIMAL,150182.75,182815.9631074097,10872.929999999997,21760.28310740972,39127.07000000001,0.21745859999999995,0.0,21760.28310740972,"[{'col': 'Utilities', 'base': 'AllPub', 'new': 3}, {'col': 'Exter Qual', 'base': 'TA', 'new': 3.0}, {'col': 'Exter Cond', 'base': 'TA', 'new': 2.0}, {'col': 'Bsmt Cond', 'base': 'TA', 'new': 2.0}, {'col': 'Heating QC', 'base': 'TA', 'new': 2.0}, {'col': 'Gr Liv Area', 'base': np.int64(992), 'new': 1498.0}, {'col': 'Kitchen Qual', 'base': 'TA', 'new': 2.0}, {'col': 'Fireplace Qu', 'base': 'No aplica', 'new': -1.0}, {'col': 'Garage Qual', 'base': 'TA', 'new': 2.0}, {'col': 'Garage Cond', 'base': 'TA', 'new': 2.0}, {'col': 'Pool QC', 'base': 'No aplica', 'new': -1.0}]",optimization/sensibilidad_remodelacion_relajada/xgb_features_pid923228200_b50000.csv,/Users/ignaciocuevasschotte/Documents/GitHub/Optimizacion-Casas-Ames-Iowa-Capstone-/models/xgb/datos_nuevos_reexport/model_xgb.joblib
923228200,MeadowV,p75,164364.53430048615,100000.0,,OPTIMAL,150182.75,182933.47484235046,10872.93,21877.79484235047,89127.07,0.1087293,0.0,21877.79484235047,"[{'col': 'Utilities', 'base': 'AllPub', 'new': 3}, {'col': 'Exter Qual', 'base': 'TA', 'new': 3.0}, {'col': 'Exter Cond', 'base': 'TA', 'new': 2.0}, {'col': 'Bsmt Cond', 'base': 'TA', 'new': 2.0}, {'col': 'Heating QC', 'base': 'TA', 'new': 2.0}, {'col': 'Gr Liv Area', 'base': np.int64(992), 'new': 1498.0}, {'col': 'Kitchen Qual', 'base': 'TA', 'new': 2.0}, {'col': 'Fireplace Qu', 'base': 'No aplica', 'new': -1.0}, {'col': 'Garage Qual', 'base': 'TA', 'new': 2.0}, {'col': 'Garage Cond', 'base': 'TA', 'new': 2.0}, {'col': 'Pool QC', 'base': 'No aplica', 'new': -1.0}]",optimization/sensibilidad_remodelacion_relajada/xgb_features_pid923228200_b100000.csv,/Users/ignaciocuevasschotte/Documents/GitHub/Optimizacion-Casas-Ames-Iowa-Capstone-/models/xgb/datos_nuevos_reexport/model_xgb.joblib
527451200,BrDale,p25,145268.3594796535,20000.0,,OPTIMAL,152802.59375,186859.91087819214,10872.93,23184.387128192146,9127.07,0.5436465,0.0,23184.387128192146,"[{'col': 'Utilities', 'base': 'AllPub', 'new': 3}, {'col': 'Exter Qual', 'base': 'TA', 'new': 3.0}, {'col': 'Exter Cond', 'base': 'TA', 'new': 2.0}, {'col': 'Bsmt Cond', 'base': 'TA', 'new': 2.0}, {'col': 'Heating QC', 'base': 'TA', 'new': 2.0}, {'col': 'Gr Liv Area', 'base': np.int64(1218), 'new': 1627.0}, {'col': 'Kitchen Qual', 'base': 'TA', 'new': 2.0}, {'col': 'Fireplace Qu', 'base': 'No aplica', 'new': -1.0}, {'col': 'Garage Qual', 'base': 'No aplica', 'new': 1.0}, {'col': 'Garage Cond', 'base': 'No aplica', 'new': 2.0}, {'col': 'Pool QC', 'base': 'No aplica', 'new': -1.0}]",optimization/sensibilidad_remodelacion_relajada/xgb_features_pid527451200_b20000.csv,/Users/ignaciocuevasschotte/Documents/GitHub/Optimizacion-Casas-Ames-Iowa-Capstone-/models/xgb/datos_nuevos_reexport/model_xgb.joblib
527451200,BrDale,p25,145268.3594796535,50000.0,,OPTIMAL,152802.59375,188618.55902001847,10872.93,24943.035270018474,39127.07,0.2174586,0.0,24943.035270018474,"[{'col': 'Utilities', 'base': 'AllPub', 'new': 3}, {'col': 'Exter Qual', 'base': 'TA', 'new': 3.0}, {'col': 'Exter Cond', 'base': 'TA', 'new': 2.0}, {'col': 'Bsmt Cond', 'base': 'TA', 'new': 2.0}, {'col': 'Heating QC', 'base': 'TA', 'new': 2.0}, {'col': 'Gr Liv Area', 'base': np.int64(1218), 'new': 1627.0}, {'col': 'Kitchen Qual', 'base': 'TA', 'new': 2.0}, {'col': 'Fireplace Qu', 'base': 'No aplica', 'new': -1.0}, {'col': 'Garage Qual', 'base': 'No aplica', 'new': 1.0}, {'col': 'Garage Cond', 'base': 'No aplica', 'new': 2.0}, {'col': 'Pool QC', 'base': 'No aplica', 'new': -1.0}]",optimization/sensibilidad_remodelacion_relajada/xgb_features_pid527451200_b50000.csv,/Users/ignaciocuevasschotte/Documents/GitHub/Optimizacion-Casas-Ames-Iowa-Capstone-/models/xgb/datos_nuevos_reexport/model_xgb.joblib
527451200,BrDale,p25,145268.3594796535,100000.0,,OPTIMAL,152802.59375,188739.04594064108,10872.93,25063.522190641088,89127.07,0.1087293,0.0,25063.522190641088,"[{'col': 'Utilities', 'base': 'AllPub', 'new': 3}, {'col': 'Exter Qual', 'base': 'TA', 'new': 3.0}, {'col': 'Exter Cond', 'base': 'TA', 'new': 2.0}, {'col': 'Bsmt Cond', 'base': 'TA', 'new': 2.0}, {'col': 'Heating QC', 'base': 'TA', 'new': 2.0}, {'col': 'Gr Liv Area', 'base': np.int64(1218), 'new': 1646.0}, {'col': 'Kitchen Qual', 'base': 'TA', 'new': 2.0}, {'col': 'Fireplace Qu', 'base': 'No aplica', 'new': -1.0}, {'col': 'Garage Qual', 'base': 'No aplica', 'new': 1.0}, {'col': 'Garage Cond', 'base': 'No aplica', 'new': 2.0}, {'col': 'Pool QC', 'base': 'No aplica', 'new': -1.0}]",optimization/sensibilidad_remodelacion_relajada/xgb_features_pid527451200_b100000.csv,/Users/ignaciocuevasschotte/Documents/GitHub/Optimizacion-Casas-Ames-Iowa-Capstone-/models/xgb/datos_nuevos_reexport/model_xgb.joblib
527450280,BrDale,p50,165544.24067298954,20000.0,,OPTIMAL,149633.765625,189085.41370490543,10872.93,28578.718079905433,9127.07,0.5436465,0.0,28578.718079905433,"[{'col': 'Utilities', 'base': 'AllPub', 'new': 3}, {'col': 'Exter Qual', 'base': 'TA', 'new': 3.0}, {'col': 'Exter Cond', 'base': 'TA', 'new': 2.0}, {'col': 'Bsmt Cond', 'base': 'TA', 'new': 2.0}, {'col': 'Heating QC', 'base': 'TA', 'new': 2.0}, {'col': 'Gr Liv Area', 'base': np.int64(987), 'new': 1627.0}, {'col': 'Kitchen Qual', 'base': 'TA', 'new': 2.0}, {'col': 'Fireplace Qu', 'base': 'No aplica', 'new': -1.0}, {'col': 'Garage Qual', 'base': 'TA', 'new': 2.0}, {'col': 'Garage Cond', 'base': 'TA', 'new': 2.0}, {'col': 'Pool QC', 'base': 'No aplica', 'new': -1.0}]",optimization/sensibilidad_remodelacion_relajada/xgb_features_pid527450280_b20000.csv,/Users/ignaciocuevasschotte/Documents/GitHub/Optimizacion-Casas-Ames-Iowa-Capstone-/models/xgb/datos_nuevos_reexport/model_xgb.joblib
527450280,BrDale,p50,165544.24067298954,50000.0,,OPTIMAL,149633.765625,189772.4287536098,10872.93,29265.733128609805,39127.07,0.2174586,0.0,29265.733128609805,"[{'col': 'Utilities', 'base': 'AllPub', 'new': 3}, {'col': 'Exter Qual', 'base': 'TA', 'new': 3.0}, {'col': 'Exter Cond', 'base': 'TA', 'new': 2.0}, {'col': 'Bsmt Cond', 'base': 'TA', 'new': 2.0}, {'col': 'Heating QC', 'base': 'TA', 'new': 2.0}, {'col': 'Gr Liv Area', 'base': np.int64(987), 'new': 1627.0}, {'col': 'Kitchen Qual', 'base': 'TA', 'new': 2.0}, {'col': 'Fireplace Qu', 'base': 'No aplica', 'new': -1.0}, {'col': 'Garage Qual', 'base': 'TA', 'new': 2.0}, {'col': 'Garage Cond', 'base': 'TA', 'new': 2.0}, {'col': 'Pool QC', 'base': 'No aplica', 'new': -1.0}]",optimization/sensibilidad_remodelacion_relajada/xgb_features_pid527450280_b50000.csv,/Users/ignaciocuevasschotte/Documents/GitHub/Optimizacion-Casas-Ames-Iowa-Capstone-/models/xgb/datos_nuevos_reexport/model_xgb.joblib
527450280,BrDale,p50,165544.24067298954,100000.0,,OPTIMAL,149633.765625,189895.96668899385,10872.93,29389.27106399386,89127.07,0.1087293,0.0,29389.27106399386,"[{'col': 'Utilities', 'base': 'AllPub', 'new': 3}, {'col': 'Exter Qual', 'base': 'TA', 'new': 3.0}, {'col': 'Exter Cond', 'base': 'TA', 'new': 2.0}, {'col': 'Bsmt Cond', 'base': 'TA', 'new': 2.0}, {'col': 'Heating QC', 'base': 'TA', 'new': 2.0}, {'col': 'Gr Liv Area', 'base': np.int64(987), 'new': 1646.0}, {'col': 'Kitchen Qual', 'base': 'TA', 'new': 2.0}, {'col': 'Fireplace Qu', 'base': 'No aplica', 'new': -1.0}, {'col': 'Garage Qual', 'base': 'TA', 'new': 2.0}, {'col': 'Garage Cond', 'base': 'TA', 'new': 2.0}, {'col': 'Pool QC', 'base': 'No aplica', 'new': -1.0}]",optimization/sensibilidad_remodelacion_relajada/xgb_features_pid527450280_b100000.csv,/Users/ignaciocuevasschotte/Documents/GitHub/Optimizacion-Casas-Ames-Iowa-Capstone-/models/xgb/datos_nuevos_reexport/model_xgb.joblib
527450220,BrDale,p75,175476.50281657535,20000.0,,OPTIMAL,173763.03125,219534.51216680903,11130.95,34640.53091680902,8869.05,0.5565475000000001,0.0,34640.53091680902,"[{'col': 'Utilities', 'base': 'AllPub', 'new': 3}, {'col': 'Exter Qual', 'base': 'TA', 'new': 3.0}, {'col': 'Exter Cond', 'base': 'TA', 'new': 2.0}, {'col': 'Bsmt Cond', 'base': 'TA', 'new': 2.0}, {'col': 'Heating QC', 'base': 'Ex', 'new': 4.0}, {'col': 'Gr Liv Area', 'base': np.int64(1218), 'new': 1968.0}, {'col': 'Kitchen Qual', 'base': 'Ex', 'new': 4.0}, {'col': 'Fireplace Qu', 'base': 'No aplica', 'new': -1.0}, {'col': 'Garage Qual', 'base': 'TA', 'new': 2.0}, {'col': 'Garage Cond', 'base': 'TA', 'new': 2.0}, {'col': 'Open Porch SF', 'base': np.int64(28), 'new': 30.8}, {'col': 'Pool QC', 'base': 'No aplica', 'new': -1.0}]",optimization/sensibilidad_remodelacion_relajada/xgb_features_pid527450220_b20000.csv,/Users/ignaciocuevasschotte/Documents/GitHub/Optimizacion-Casas-Ames-Iowa-Capstone-/models/xgb/datos_nuevos_reexport/model_xgb.joblib
527450220,BrDale,p75,175476.50281657535,50000.0,,OPTIMAL,173763.03125,219534.51253970547,11130.95,34640.531289705454,38869.05,0.222619,0.0,34640.531289705454,"[{'col': 'Utilities', 'base': 'AllPub', 'new': 3}, {'col': 'Exter Qual', 'base': 'TA', 'new': 3.0}, {'col': 'Exter Cond', 'base': 'TA', 'new': 2.0}, {'col': 'Bsmt Cond', 'base': 'TA', 'new': 2.0}, {'col': 'Heating QC', 'base': 'Ex', 'new': 4.0}, {'col': 'Gr Liv Area', 'base': np.int64(1218), 'new': 1968.0}, {'col': 'Kitchen Qual', 'base': 'Ex', 'new': 4.0}, {'col': 'Fireplace Qu', 'base': 'No aplica', 'new': -1.0}, {'col': 'Garage Qual', 'base': 'TA', 'new': 2.0}, {'col': 'Garage Cond', 'base': 'TA', 'new': 2.0}, {'col': 'Open Porch SF', 'base': np.int64(28), 'new': 30.8}, {'col': 'Pool QC', 'base': 'No aplica', 'new': -1.0}]",optimization/sensibilidad_remodelacion_relajada/xgb_features_pid527450220_b50000.csv,/Users/ignaciocuevasschotte/Documents/GitHub/Optimizacion-Casas-Ames-Iowa-Capstone-/models/xgb/datos_nuevos_reexport/model_xgb.joblib
527450220,BrDale,p75,175476.50281657535,100000.0,,OPTIMAL,173763.03125,219674.49892958676,11130.95,34780.517679586745,88869.05,0.1113095,0.0,34780.517679586745,"[{'col': 'Utilities', 'base': 'AllPub', 'new': 3}, {'col': 'Exter Qual', 'base': 'TA', 'new': 3.0}, {'col': 'Exter Cond', 'base': 'TA', 'new': 2.0}, {'col': 'Bsmt Cond', 'base': 'TA', 'new': 2.0}, {'col': 'Heating QC', 'base': 'Ex', 'new': 4.0}, {'col': 'Gr Liv Area', 'base': np.int64(1218), 'new': 1968.0}, {'col': 'Kitchen Qual', 'base': 'Ex', 'new': 4.0}, {'col': 'Fireplace Qu', 'base': 'No aplica', 'new': -1.0}, {'col': 'Garage Qual', 'base': 'TA', 'new': 2.0}, {'col': 'Garage Cond', 'base': 'TA', 'new': 2.0}, {'col': 'Open Porch SF', 'base': np.int64(28), 'new': 30.8}, {'col': 'Pool QC', 'base': 'No aplica', 'new': -1.0}]",optimization/sensibilidad_remodelacion_relajada/xgb_features_pid527450220_b100000.csv,/Users/ignaciocuevasschotte/Documents/GitHub/Optimizacion-Casas-Ames-Iowa-Capstone-/models/xgb/datos_nuevos_reexport/model_xgb.joblib
528228270,Blmngtn,p25,266224.2456979705,20000.0,,OPTIMAL,288522.1875,451982.03757790657,15121.9,148337.95007790654,4878.1,0.756095,0.0,148337.95007790654,"[{'col': 'Utilities', 'base': 'AllPub', 'new': 3}, {'col': 'Exter Qual', 'base': 'Gd', 'new': 3.0}, {'col': 'Exter Cond', 'base': 'TA', 'new': 2.0}, {'col': 'Bsmt Cond', 'base': 'TA', 'new': 2.0}, {'col': 'Heating QC', 'base': 'Ex', 'new': 4.0}, {'col': 'Gr Liv Area', 'base': np.int64(1258), 'new': 3086.0}, {'col': 'Kitchen Qual', 'base': 'Gd', 'new': 3.0}, {'col': 'Fireplace Qu', 'base': 'Gd', 'new': 3.0}, {'col': 'Garage Area', 'base': np.float64(648.0), 'new': 712.8}, {'col': 'Garage Qual', 'base': 'TA', 'new': 2.0}, {'col': 'Garage Cond', 'base': 'TA', 'new': 2.0}, {'col': 'Wood Deck SF', 'base': np.int64(144), 'new': 158.4}, {'col': 'Pool QC', 'base': 'No aplica', 'new': -1.0}]",optimization/sensibilidad_remodelacion_relajada/xgb_features_pid528228270_b20000.csv,/Users/ignaciocuevasschotte/Documents/GitHub/Optimizacion-Casas-Ames-Iowa-Capstone-/models/xgb/datos_nuevos_reexport/model_xgb.joblib
528228270,Blmngtn,p25,266224.2456979705,50000.0,,OPTIMAL,288522.1875,475843.6634851303,33660.09,153661.38598513033,16339.910000000003,0.6732018,0.0,153661.38598513033,"[{'col': 'Utilities', 'base': 'AllPub', 'new': 3}, {'col': 'Exter Qual', 'base': 'Gd', 'new': 3.0}, {'col': 'Exter Cond', 'base': 'TA', 'new': 2.0}, {'col': 'Bsmt Cond', 'base': 'TA', 'new': 2.0}, {'col': 'Heating QC', 'base': 'Ex', 'new': 4.0}, {'col': 'Gr Liv Area', 'base': np.int64(1258), 'new': 3395.0}, {'col': 'Kitchen Qual', 'base': 'Gd', 'new': 3.0}, {'col': 'Fireplace Qu', 'base': 'Gd', 'new': 3.0}, {'col': 'Garage Area', 'base': np.float64(648.0), 'new': 712.8}, {'col': 'Garage Qual', 'base': 'TA', 'new': 2.0}, {'col': 'Garage Cond', 'base': 'TA', 'new': 2.0}, {'col': 'Wood Deck SF', 'base': np.int64(144), 'new': 158.4}, {'col': 'Pool QC', 'base': 'No aplica', 'new': -1.0}]",optimization/sensibilidad_remodelacion_relajada/xgb_features_pid528228270_b50000.csv,/Users/ignaciocuevasschotte/Documents/GitHub/Optimizacion-Casas-Ames-Iowa-Capstone-/models/xgb/datos_nuevos_reexport/model_xgb.joblib
528228270,Blmngtn,p25,266224.2456979705,100000.0,,OPTIMAL,288522.1875,522535.8510713215,72589.13,161424.53357132152,27410.869999999995,0.7258913,0.0,161424.53357132152,"[{'col': 'Utilities', 'base': 'AllPub', 'new': 3}, {'col': 'Exter Qual', 'base': 'Gd', 'new': 3.0}, {'col': 'Exter Cond', 'base': 'TA', 'new': 2.0}, {'col': 'Bsmt Cond', 'base': 'TA', 'new': 2.0}, {'col': 'BsmtFin SF 1', 'base': np.float64(0.0), 'new': 1198.0}, {'col': 'BsmtFin SF 2', 'base': np.float64(0.0), 'new': 60.0}, {'col': 'Bsmt Unf SF', 'base': np.float64(1258.0), 'new': 0.0}, {'col': 'Heating QC', 'base': 'Ex', 'new': 4.0}, {'col': 'Gr Liv Area', 'base': np.int64(1258), 'new': 3395.0}, {'col': 'Kitchen Qual', 'base': 'Gd', 'new': 3.0}, {'col': 'Fireplace Qu', 'base': 'Gd', 'new': 3.0}, {'col': 'Garage Area', 'base': np.float64(648.0), 'new': 712.8}, {'col': 'Garage Qual', 'base': 'TA', 'new': 2.0}, {'col': 'Garage Cond', 'base': 'TA', 'new': 2.0}, {'col': 'Pool QC', 'base': 'No aplica', 'new': -1.0}]",optimization/sensibilidad_remodelacion_relajada/xgb_features_pid528228270_b100000.csv,/Users/ignaciocuevasschotte/Documents/GitHub/Optimizacion-Casas-Ames-Iowa-Capstone-/models/xgb/datos_nuevos_reexport/model_xgb.joblib
528228445,Blmngtn,p50,283943.62009532924,20000.0,,OPTIMAL,289724.375,380969.2985662652,7098.62,84146.30356626521,12901.380000000001,0.354931,0.0,84146.30356626521,"[{'col': 'Utilities', 'base': 'AllPub', 'new': 3}, {'col': 'Exter Qual', 'base': 'Gd', 'new': 3.0}, {'col': 'Exter Cond', 'base': 'TA', 'new': 2.0}, {'col': 'Bsmt Cond', 'base': 'Gd', 'new': 3.0}, {'col': 'Heating QC', 'base': 'Ex', 'new': 4.0}, {'col': 'Gr Liv Area', 'base': np.int64(1504), 'new': 3086.0}, {'col': 'Kitchen Qual', 'base': 'Gd', 'new': 3.0}, {'col': 'Fireplace Qu', 'base': 'Gd', 'new': 3.0}, {'col': 'Garage Qual', 'base': 'TA', 'new': 2.0}, {'col': 'Garage Cond', 'base': 'TA', 'new': 2.0}, {'col': 'Pool QC', 'base': 'No aplica', 'new': -1.0}]",optimization/sensibilidad_remodelacion_relajada/xgb_features_pid528228445_b20000.csv,/Users/ignaciocuevasschotte/Documents/GitHub/Optimizacion-Casas-Ames-Iowa-Capstone-/models/xgb/datos_nuevos_reexport/model_xgb.joblib
528228445,Blmngtn,p50,283943.62009532924,50000.0,,OPTIMAL,289724.375,402456.1639040398,25636.81,87094.97890403977,24363.19,0.5127362,0.0,87094.97890403977,"[{'col': 'Utilities', 'base': 'AllPub', 'new': 3}, {'col': 'Exter Qual', 'base': 'Gd', 'new': 3.0}, {'col': 'Exter Cond', 'base': 'TA', 'new': 2.0}, {'col': 'Bsmt Cond', 'base': 'Gd', 'new': 3.0}, {'col': 'Heating QC', 'base': 'Ex', 'new': 4.0}, {'col': 'Gr Liv Area', 'base': np.int64(1504), 'new': 3086.0}, {'col': 'Kitchen Qual', 'base': 'Gd', 'new': 3.0}, {'col': 'Fireplace Qu', 'base': 'Gd', 'new': 3.0}, {'col': 'Garage Qual', 'base': 'TA', 'new': 2.0}, {'col': 'Garage Cond', 'base': 'TA', 'new': 2.0}, {'col': 'Pool QC', 'base': 'No aplica', 'new': -1.0}]",optimization/sensibilidad_remodelacion_relajada/xgb_features_pid528228445_b50000.csv,/Users/ignaciocuevasschotte/Documents/GitHub/Optimizacion-Casas-Ames-Iowa-Capstone-/models/xgb/datos_nuevos_reexport/model_xgb.joblib
528228445,Blmngtn,p50,283943.62009532924,100000.0,,OPTIMAL,289724.375,407858.19789347413,25636.81,92497.01289347414,74363.19,0.2563681,0.0,92497.01289347414,"[{'col': 'Utilities', 'base': 'AllPub', 'new': 3}, {'col': 'Exter Qual', 'base': 'Gd', 'new': 3.0}, {'col': 'Exter Cond', 'base': 'TA', 'new': 2.0}, {'col': 'Bsmt Cond', 'base': 'Gd', 'new': 3.0}, {'col': 'Heating QC', 'base': 'Ex', 'new': 4.0}, {'col': 'Gr Liv Area', 'base': np.int64(1504), 'new': 3086.0}, {'col': 'Kitchen Qual', 'base': 'Gd', 'new': 3.0}, {'col': 'Fireplace Qu', 'base': 'Gd', 'new': 3.0}, {'col': 'Garage Qual', 'base': 'TA', 'new': 2.0}, {'col': 'Garage Cond', 'base': 'TA', 'new': 2.0}, {'col': 'Pool QC', 'base': 'No aplica', 'new': -1.0}]",optimization/sensibilidad_remodelacion_relajada/xgb_features_pid528228445_b100000.csv,/Users/ignaciocuevasschotte/Documents/GitHub/Optimizacion-Casas-Ames-Iowa-Capstone-/models/xgb/datos_nuevos_reexport/model_xgb.joblib
528228565,Blmngtn,p75,338943.6291290844,20000.0,,OPTIMAL,309563.40625,396890.83193192433,8232.15,79095.27568192431,11767.85,0.41160749999999996,2.00886481533728e-05,79095.27568192431,"[{'col': 'Utilities', 'base': 'AllPub', 'new': 3}, {'col': 'Exter Qual', 'base': 'Gd', 'new': 3.0}, {'col': 'Exter Cond', 'base': 'TA', 'new': 2.0}, {'col': 'Bsmt Cond', 'base': 'TA', 'new': 2.0}, {'col': 'Heating QC', 'base': 'Ex', 'new': 4.0}, {'col': 'Gr Liv Area', 'base': np.int64(1506), 'new': 2794.0}, {'col': 'Kitchen Qual', 'base': 'Gd', 'new': 3.0}, {'col': 'Fireplace Qu', 'base': 'Gd', 'new': 3.0}, {'col': 'Garage Qual', 'base': 'TA', 'new': 2.0}, {'col': 'Garage Cond', 'base': 'TA', 'new': 2.0}, {'col': 'Wood Deck SF', 'base': np.int64(142), 'new': 156.2}, {'col': 'Pool QC', 'base': 'No aplica', 'new': -1.0}]",optimization/sensibilidad_remodelacion_relajada/xgb_features_pid528228565_b20000.csv,/Users/ignaciocuevasschotte/Documents/GitHub/Optimizacion-Casas-Ames-Iowa-Capstone-/models/xgb/datos_nuevos_reexport/model_xgb.joblib
528228565,Blmngtn,p75,338943.6291290844,50000.0,,OPTIMAL,309563.40625,417847.03389216214,26770.34,81513.28764216212,23229.66,0.5354068,0.0,81513.28764216212,"[{'col': 'Utilities', 'base': 'AllPub', 'new': 3}, {'col': 'Exter Qual', 'base': 'Gd', 'new': 3.0}, {'col': 'Exter Cond', 'base': 'TA', 'new': 2.0}, {'col': 'Bsmt Cond', 'base': 'TA', 'new': 2.0}, {'col': 'Heating QC', 'base': 'Ex', 'new': 4.0}, {'col': 'Gr Liv Area', 'base': np.int64(1506), 'new': 2872.0}, {'col': 'Kitchen Qual', 'base': 'Gd', 'new': 3.0}, {'col': 'Fireplace Qu', 'base': 'Gd', 'new': 3.0}, {'col': 'Garage Qual', 'base': 'TA', 'new': 2.0}, {'col': 'Garage Cond', 'base': 'TA', 'new': 2.0}, {'col': 'Wood Deck SF', 'base': np.int64(142), 'new': 156.2}, {'col': 'Pool QC', 'base': 'No aplica', 'new': -1.0}]",optimization/sensibilidad_remodelacion_relajada/xgb_features_pid528228565_b50000.csv,/Users/ignaciocuevasschotte/Documents/GitHub/Optimizacion-Casas-Ames-Iowa-Capstone-/models/xgb/datos_nuevos_reexport/model_xgb.joblib
528228565,Blmngtn,p75,338943.6291290844,100000.0,,OPTIMAL,309563.40625,423450.3792387339,26770.34,87116.63298873388,73229.66,0.2677034,0.0,87116.63298873388,"[{'col': 'Utilities', 'base': 'AllPub', 'new': 3}, {'col': 'Exter Qual', 'base': 'Gd', 'new': 3.0}, {'col': 'Exter Cond', 'base': 'TA', 'new': 2.0}, {'col': 'Bsmt Cond', 'base': 'TA', 'new': 2.0}, {'col': 'Heating QC', 'base': 'Ex', 'new': 4.0}, {'col': 'Gr Liv Area', 'base': np.int64(1506), 'new': 2872.0}, {'col': 'Kitchen Qual', 'base': 'Gd', 'new': 3.0}, {'col': 'Fireplace Qu', 'base': 'Gd', 'new': 3.0}, {'col': 'Garage Qual', 'base': 'TA', 'new': 2.0}, {'col': 'Garage Cond', 'base': 'TA', 'new': 2.0}, {'col': 'Wood Deck SF', 'base': np.int64(142), 'new': 156.2}, {'col': 'Pool QC', 'base': 'No aplica', 'new': -1.0}]",optimization/sensibilidad_remodelacion_relajada/xgb_features_pid528228565_b100000.csv,/Users/ignaciocuevasschotte/Documents/GitHub/Optimizacion-Casas-Ames-Iowa-Capstone-/models/xgb/datos_nuevos_reexport/model_xgb.joblib
533254100,Veenker,p25,288602.5156262057,20000.0,,OPTIMAL,281312.78125,324218.3839481426,6923.62,35981.98269814259,13076.380000000001,0.346181,0.0,35981.98269814259,"[{'col': 'Utilities', 'base': 'AllPub', 'new': 3}, {'col': 'Exter Qual', 'base': 'Gd', 'new': 3.0}, {'col': 'Exter Cond', 'base': 'Gd', 'new': 3.0}, {'col': 'Bsmt Cond', 'base': 'TA', 'new': 2.0}, {'col': 'Heating QC', 'base': 'Ex', 'new': 4.0}, {'col': 'Gr Liv Area', 'base': np.int64(1855), 'new': 3395.0}, {'col': 'Kitchen Qual', 'base': 'TA', 'new': 2.0}, {'col': 'Fireplace Qu', 'base': 'TA', 'new': 2.0}, {'col': 'Garage Qual', 'base': 'TA', 'new': 2.0}, {'col': 'Garage Cond', 'base': 'TA', 'new': 2.0}, {'col': 'Pool QC', 'base': 'No aplica', 'new': -1.0}]",optimization/sensibilidad_remodelacion_relajada/xgb_features_pid533254100_b20000.csv,/Users/ignaciocuevasschotte/Documents/GitHub/Optimizacion-Casas-Ames-Iowa-Capstone-/models/xgb/datos_nuevos_reexport/model_xgb.joblib
533254100,Veenker,p25,288602.5156262057,50000.0,,OPTIMAL,281312.78125,324218.3843054388,6923.62,35981.98305543879,43076.38,0.1384724,0.0,35981.98305543879,"[{'col': 'Utilities', 'base': 'AllPub', 'new': 3}, {'col': 'Exter Qual', 'base': 'Gd', 'new': 3.0}, {'col': 'Exter Cond', 'base': 'Gd', 'new': 3.0}, {'col': 'Bsmt Cond', 'base': 'TA', 'new': 2.0}, {'col': 'Heating QC', 'base': 'Ex', 'new': 4.0}, {'col': 'Gr Liv Area', 'base': np.int64(1855), 'new': 3086.0}, {'col': 'Kitchen Qual', 'base': 'TA', 'new': 2.0}, {'col': 'Fireplace Qu', 'base': 'TA', 'new': 2.0}, {'col': 'Garage Qual', 'base': 'TA', 'new': 2.0}, {'col': 'Garage Cond', 'base': 'TA', 'new': 2.0}, {'col': 'Pool QC', 'base': 'No aplica', 'new': -1.0}]",optimization/sensibilidad_remodelacion_relajada/xgb_features_pid533254100_b50000.csv,/Users/ignaciocuevasschotte/Documents/GitHub/Optimizacion-Casas-Ames-Iowa-Capstone-/models/xgb/datos_nuevos_reexport/model_xgb.joblib
533254100,Veenker,p25,288602.5156262057,100000.0,,OPTIMAL,281312.78125,324904.83549797523,6923.619999999999,36668.43424797524,93076.38,0.06923619999999998,0.0,36668.43424797524,"[{'col': 'Utilities', 'base': 'AllPub', 'new': 3}, {'col': 'Exter Qual', 'base': 'Gd', 'new': 3.0}, {'col': 'Exter Cond', 'base': 'Gd', 'new': 3.0}, {'col': 'Bsmt Cond', 'base': 'TA', 'new': 2.0}, {'col': 'Heating QC', 'base': 'Ex', 'new': 4.0}, {'col': 'Gr Liv Area', 'base': np.int64(1855), 'new': 3395.0}, {'col': 'Kitchen Qual', 'base': 'TA', 'new': 2.0}, {'col': 'Fireplace Qu', 'base': 'TA', 'new': 2.0}, {'col': 'Garage Qual', 'base': 'TA', 'new': 2.0}, {'col': 'Garage Cond', 'base': 'TA', 'new': 2.0}, {'col': 'Pool QC', 'base': 'No aplica', 'new': -1.0}]",optimization/sensibilidad_remodelacion_relajada/xgb_features_pid533254100_b100000.csv,/Users/ignaciocuevasschotte/Documents/GitHub/Optimizacion-Casas-Ames-Iowa-Capstone-/models/xgb/datos_nuevos_reexport/model_xgb.joblib
533250050,Veenker,p50,364964.1818502792,20000.0,,OPTIMAL,373237.96875,507651.0008504872,7639.24,126773.79210048722,12360.76,0.38196199999999997,0.0,126773.79210048722,"[{'col': 'Utilities', 'base': 'AllPub', 'new': 3}, {'col': 'Exter Qual', 'base': 'Gd', 'new': 3.0}, {'col': 'Exter Cond', 'base': 'TA', 'new': 2.0}, {'col': 'Bsmt Cond', 'base': 'TA', 'new': 2.0}, {'col': 'Heating QC', 'base': 'Ex', 'new': 4.0}, {'col': 'Gr Liv Area', 'base': np.int64(1288), 'new': 3086.0}, {'col': 'Kitchen Qual', 'base': 'Ex', 'new': 4.0}, {'col': 'Fireplace Qu', 'base': 'Gd', 'new': 3.0}, {'col': 'Garage Qual', 'base': 'TA', 'new': 2.0}, {'col': 'Garage Cond', 'base': 'TA', 'new': 2.0}, {'col': 'Open Porch SF', 'base': np.int64(30), 'new': 36.0}, {'col': 'Pool QC', 'base': 'No aplica', 'new': -1.0}]",optimization/sensibilidad_remodelacion_relajada/xgb_features_pid533250050_b20000.csv,/Users/ignaciocuevasschotte/Documents/GitHub/Optimizacion-Casas-Ames-Iowa-Capstone-/models/xgb/datos_nuevos_reexport/model_xgb.joblib
533250050,Veenker,p50,364964.1818502792,50000.0,,OPTIMAL,373237.96875,558896.0136194547,41345.42999999999,144312.6148694547,8654.570000000007,0.8269085999999999,0.0,144312.6148694547,"[{'col': 'Utilities', 'base': 'AllPub', 'new': 3}, {'col': 'Exter Qual', 'base': 'Gd', 'new': 3.0}, {'col': 'Exter Cond', 'base': 'TA', 'new': 2.0}, {'col': 'Bsmt Cond', 'base': 'TA', 'new': 2.0}, {'col': 'BsmtFin SF 1', 'base': np.float64(786.0), 'new': 1200.0}, {'col': 'BsmtFin SF 2', 'base': np.float64(0.0), 'new': 60.0}, {'col': 'Bsmt Unf SF', 'base': np.float64(474.0), 'new': 0.0}, {'col': 'Heating QC', 'base': 'Ex', 'new': 4.0}, {'col': 'Gr Liv Area', 'base': np.int64(1288), 'new': 3394.9999989999997}, {'col': 'Kitchen Qual', 'base': 'Ex', 'new': 4.0}, {'col': 'Fireplace Qu', 'base': 'Gd', 'new': 3.0}, {'col': 'Garage Qual', 'base': 'TA', 'new': 2.0}, {'col': 'Garage Cond', 'base': 'TA', 'new': 2.0}, {'col': 'Open Porch SF', 'base': np.int64(30), 'new': 36.0}, {'col': 'Pool QC', 'base': 'No aplica', 'new': -1.0}]",optimization/sensibilidad_remodelacion_relajada/xgb_features_pid533250050_b50000.csv,/Users/ignaciocuevasschotte/Documents/GitHub/Optimizacion-Casas-Ames-Iowa-Capstone-/models/xgb/datos_nuevos_reexport/model_xgb.joblib
533250050,Veenker,p50,364964.1818502792,100000.0,,OPTIMAL,373237.96875,568702.6528200853,41345.43,154119.25407008524,58654.57,0.4134543,0.0,154119.25407008524,"[{'col': 'Utilities', 'base': 'AllPub', 'new': 3}, {'col': 'Exter Qual', 'base': 'Gd', 'new': 3.0}, {'col': 'Exter Cond', 'base': 'TA', 'new': 2.0}, {'col': 'Bsmt Cond', 'base': 'TA', 'new': 2.0}, {'col': 'BsmtFin SF 1', 'base': np.float64(786.0), 'new': 1200.0}, {'col': 'BsmtFin SF 2', 'base': np.float64(0.0), 'new': 60.0}, {'col': 'Bsmt Unf SF', 'base': np.float64(474.0), 'new': 0.0}, {'col': 'Heating QC', 'base': 'Ex', 'new': 4.0}, {'col': 'Gr Liv Area', 'base': np.int64(1288), 'new': 3086.0}, {'col': 'Kitchen Qual', 'base': 'Ex', 'new': 4.0}, {'col': 'Fireplace Qu', 'base': 'Gd', 'new': 3.0}, {'col': 'Garage Qual', 'base': 'TA', 'new': 2.0}, {'col': 'Garage Cond', 'base': 'TA', 'new': 2.0}, {'col': 'Open Porch SF', 'base': np.int64(30), 'new': 36.0}, {'col': 'Pool QC', 'base': 'No aplica', 'new': -1.0}]",optimization/sensibilidad_remodelacion_relajada/xgb_features_pid533250050_b100000.csv,/Users/ignaciocuevasschotte/Documents/GitHub/Optimizacion-Casas-Ames-Iowa-Capstone-/models/xgb/datos_nuevos_reexport/model_xgb.joblib
533250190,Veenker,p75,431669.1102708542,20000.0,,OPTIMAL,407904.90625,521020.245110996,7639.24,105476.09886099602,12360.76,0.38196199999999997,0.0,105476.09886099602,"[{'col': 'Utilities', 'base': 'AllPub', 'new': 3}, {'col': 'Exter Qual', 'base': 'Gd', 'new': 3.0}, {'col': 'Exter Cond', 'base': 'TA', 'new': 2.0}, {'col': 'Bsmt Cond', 'base': 'TA', 'new': 2.0}, {'col': 'Heating QC', 'base': 'Ex', 'new': 4.0}, {'col': 'Gr Liv Area', 'base': np.int64(1494), 'new': 3395.0}, {'col': 'Kitchen Qual', 'base': 'Gd', 'new': 3.0}, {'col': 'Fireplace Qu', 'base': 'Gd', 'new': 3.0}, {'col': 'Garage Qual', 'base': 'TA', 'new': 2.0}, {'col': 'Garage Cond', 'base': 'TA', 'new': 2.0}, {'col': 'Open Porch SF', 'base': np.int64(30), 'new': 36.0}, {'col': 'Pool QC', 'base': 'No aplica', 'new': -1.0}]",optimization/sensibilidad_remodelacion_relajada/xgb_features_pid533250190_b20000.csv,/Users/ignaciocuevasschotte/Documents/GitHub/Optimizacion-Casas-Ames-Iowa-Capstone-/models/xgb/datos_nuevos_reexport/model_xgb.joblib
533250190,Veenker,p75,431669.1102708542,50000.0,,OPTIMAL,407904.90625,546693.9562743569,26177.43,112611.62002435693,23822.57,0.5235486,0.0,112611.62002435693,"[{'col': 'Utilities', 'base': 'AllPub', 'new': 3}, {'col': 'Exter Qual', 'base': 'Gd', 'new': 3.0}, {'col': 'Exter Cond', 'base': 'TA', 'new': 2.0}, {'col': 'Bsmt Cond', 'base': 'TA', 'new': 2.0}, {'col': 'Heating QC', 'base': 'Ex', 'new': 4.0}, {'col': 'Gr Liv Area', 'base': np.int64(1494), 'new': 3395.0}, {'col': 'Kitchen Qual', 'base': 'Gd', 'new': 3.0}, {'col': 'Fireplace Qu', 'base': 'Gd', 'new': 3.0}, {'col': 'Garage Qual', 'base': 'TA', 'new': 2.0}, {'col': 'Garage Cond', 'base': 'TA', 'new': 2.0}, {'col': 'Open Porch SF', 'base': np.int64(30), 'new': 36.0}, {'col': 'Pool QC', 'base': 'No aplica', 'new': -1.0}]",optimization/sensibilidad_remodelacion_relajada/xgb_features_pid533250190_b50000.csv,/Users/ignaciocuevasschotte/Documents/GitHub/Optimizacion-Casas-Ames-Iowa-Capstone-/models/xgb/datos_nuevos_reexport/model_xgb.joblib
533250190,Veenker,p75,431669.1102708542,100000.0,,OPTIMAL,407904.90625,553431.9299047162,26177.43,119349.59365471615,73822.57,0.2617743,0.0,119349.59365471615,"[{'col': 'Utilities', 'base': 'AllPub', 'new': 3}, {'col': 'Exter Qual', 'base': 'Gd', 'new': 3.0}, {'col': 'Exter Cond', 'base': 'TA', 'new': 2.0}, {'col': 'Bsmt Cond', 'base': 'TA', 'new': 2.0}, {'col': 'Heating QC', 'base': 'Ex', 'new': 4.0}, {'col': 'Gr Liv Area', 'base': np.int64(1494), 'new': 3395.0}, {'col': 'Kitchen Qual', 'base': 'Gd', 'new': 3.0}, {'col': 'Fireplace Qu', 'base': 'Gd', 'new': 3.0}, {'col': 'Garage Qual', 'base': 'TA', 'new': 2.0}, {'col': 'Garage Cond', 'base': 'TA', 'new': 2.0}, {'col': 'Open Porch SF', 'base': np.int64(30), 'new': 36.0}, {'col': 'Pool QC', 'base': 'No aplica', 'new': -1.0}]",optimization/sensibilidad_remodelacion_relajada/xgb_features_pid533250190_b100000.csv,/Users/ignaciocuevasschotte/Documents/GitHub/Optimizacion-Casas-Ames-Iowa-Capstone-/models/xgb/datos_nuevos_reexport/model_xgb.joblib
527455080,NPkVill,p25,205811.75867452752,20000.0,,OPTIMAL,210575.359375,254252.64313040397,6923.62,36753.66375540398,13076.380000000001,0.346181,0.0,36753.66375540398,"[{'col': 'Utilities', 'base': 'AllPub', 'new': 3}, {'col': 'Exter Qual', 'base': 'Gd', 'new': 3.0}, {'col': 'Exter Cond', 'base': 'TA', 'new': 2.0}, {'col': 'Bsmt Cond', 'base': 'TA', 'new': 2.0}, {'col': 'Heating QC', 'base': 'TA', 'new': 2.0}, {'col': 'Gr Liv Area', 'base': np.int64(1456), 'new': 2327.0}, {'col': 'Kitchen Qual', 'base': 'TA', 'new': 2.0}, {'col': 'Fireplace Qu', 'base': 'TA', 'new': 2.0}, {'col': 'Garage Qual', 'base': 'TA', 'new': 2.0}, {'col': 'Garage Cond', 'base': 'TA', 'new': 2.0}, {'col': 'Pool QC', 'base': 'No aplica', 'new': -1.0}]",optimization/sensibilidad_remodelacion_relajada/xgb_features_pid527455080_b20000.csv,/Users/ignaciocuevasschotte/Documents/GitHub/Optimizacion-Casas-Ames-Iowa-Capstone-/models/xgb/datos_nuevos_reexport/model_xgb.joblib
527455080,NPkVill,p25,205811.75867452752,50000.0,,OPTIMAL,210575.359375,255546.76517213715,6923.619999999997,38047.785797137156,43076.380000000005,0.13847239999999994,0.0,38047.785797137156,"[{'col': 'Utilities', 'base': 'AllPub', 'new': 3}, {'col': 'Exter Qual', 'base': 'Gd', 'new': 3.0}, {'col': 'Exter Cond', 'base': 'TA', 'new': 2.0}, {'col': 'Bsmt Cond', 'base': 'TA', 'new': 2.0}, {'col': 'Heating QC', 'base': 'TA', 'new': 2.0}, {'col': 'Gr Liv Area', 'base': np.int64(1456), 'new': 2327.0}, {'col': 'Kitchen Qual', 'base': 'TA', 'new': 2.0}, {'col': 'Fireplace Qu', 'base': 'TA', 'new': 2.0}, {'col': 'Garage Qual', 'base': 'TA', 'new': 2.0}, {'col': 'Garage Cond', 'base': 'TA', 'new': 2.0}, {'col': 'Pool QC', 'base': 'No aplica', 'new': -1.0}]",optimization/sensibilidad_remodelacion_relajada/xgb_features_pid527455080_b50000.csv,/Users/ignaciocuevasschotte/Documents/GitHub/Optimizacion-Casas-Ames-Iowa-Capstone-/models/xgb/datos_nuevos_reexport/model_xgb.joblib
527455080,NPkVill,p25,205811.75867452752,100000.0,,OPTIMAL,210575.359375,257860.8598662242,6923.619999999997,40361.880491224205,93076.38,0.06923619999999997,0.0,40361.880491224205,"[{'col': 'Utilities', 'base': 'AllPub', 'new': 3}, {'col': 'Exter Qual', 'base': 'Gd', 'new': 3.0}, {'col': 'Exter Cond', 'base': 'TA', 'new': 2.0}, {'col': 'Bsmt Cond', 'base': 'TA', 'new': 2.0}, {'col': 'Heating QC', 'base': 'TA', 'new': 2.0}, {'col': 'Gr Liv Area', 'base': np.int64(1456), 'new': 2327.0}, {'col': 'Kitchen Qual', 'base': 'TA', 'new': 2.0}, {'col': 'Fireplace Qu', 'base': 'TA', 'new': 2.0}, {'col': 'Garage Qual', 'base': 'TA', 'new': 2.0}, {'col': 'Garage Cond', 'base': 'TA', 'new': 2.0}, {'col': 'Pool QC', 'base': 'No aplica', 'new': -1.0}]",optimization/sensibilidad_remodelacion_relajada/xgb_features_pid527455080_b100000.csv,/Users/ignaciocuevasschotte/Documents/GitHub/Optimizacion-Casas-Ames-Iowa-Capstone-/models/xgb/datos_nuevos_reexport/model_xgb.joblib
527453050,NPkVill,p50,217742.87511942768,20000.0,,OPTIMAL,218189.578125,256449.4000100655,10872.93,27386.891885065503,9127.07,0.5436465,0.0,27386.891885065503,"[{'col': 'Utilities', 'base': 'AllPub', 'new': 3}, {'col': 'Exter Qual', 'base': 'TA', 'new': 3.0}, {'col': 'Exter Cond', 'base': 'TA', 'new': 2.0}, {'col': 'Bsmt Cond', 'base': 'TA', 'new': 2.0}, {'col': 'Heating QC', 'base': 'TA', 'new': 2.0}, {'col': 'Gr Liv Area', 'base': np.int64(1548), 'new': 2263.0}, {'col': 'Kitchen Qual', 'base': 'TA', 'new': 2.0}, {'col': 'Fireplace Qu', 'base': 'TA', 'new': 2.0}, {'col': 'Garage Qual', 'base': 'TA', 'new': 2.0}, {'col': 'Garage Cond', 'base': 'TA', 'new': 2.0}, {'col': 'Pool QC', 'base': 'No aplica', 'new': -1.0}]",optimization/sensibilidad_remodelacion_relajada/xgb_features_pid527453050_b20000.csv,/Users/ignaciocuevasschotte/Documents/GitHub/Optimizacion-Casas-Ames-Iowa-Capstone-/models/xgb/datos_nuevos_reexport/model_xgb.joblib
527453050,NPkVill,p50,217742.87511942768,50000.0,,OPTIMAL,218189.578125,257768.75423730203,10872.93,28706.246112302033,39127.07,0.2174586,0.0,28706.246112302033,"[{'col': 'Utilities', 'base': 'AllPub', 'new': 3}, {'col': 'Exter Qual', 'base': 'TA', 'new': 3.0}, {'col': 'Exter Cond', 'base': 'TA', 'new': 2.0}, {'col': 'Bsmt Cond', 'base': 'TA', 'new': 2.0}, {'col': 'Heating QC', 'base': 'TA', 'new': 2.0}, {'col': 'Gr Liv Area', 'base': np.int64(1548), 'new': 2263.0}, {'col': 'Kitchen Qual', 'base': 'TA', 'new': 2.0}, {'col': 'Fireplace Qu', 'base': 'TA', 'new': 2.0}, {'col': 'Garage Qual', 'base': 'TA', 'new': 2.0}, {'col': 'Garage Cond', 'base': 'TA', 'new': 2.0}, {'col': 'Pool QC', 'base': 'No aplica', 'new': -1.0}]",optimization/sensibilidad_remodelacion_relajada/xgb_features_pid527453050_b50000.csv,/Users/ignaciocuevasschotte/Documents/GitHub/Optimizacion-Casas-Ames-Iowa-Capstone-/models/xgb/datos_nuevos_reexport/model_xgb.joblib
527453050,NPkVill,p50,217742.87511942768,100000.0,,OPTIMAL,218189.578125,258159.8780678785,10872.93,29097.36994287852,89127.07,0.1087293,0.0,29097.36994287852,"[{'col': 'Utilities', 'base': 'AllPub', 'new': 3}, {'col': 'Exter Qual', 'base': 'TA', 'new': 3.0}, {'col': 'Exter Cond', 'base': 'TA', 'new': 2.0}, {'col': 'Bsmt Cond', 'base': 'TA', 'new': 2.0}, {'col': 'Heating QC', 'base': 'TA', 'new': 2.0}, {'col': 'Gr Liv Area', 'base': np.int64(1548), 'new': 2263.0}, {'col': 'Kitchen Qual', 'base': 'TA', 'new': 2.0}, {'col': 'Fireplace Qu', 'base': 'TA', 'new': 2.0}, {'col': 'Garage Qual', 'base': 'TA', 'new': 2.0}, {'col': 'Garage Cond', 'base': 'TA', 'new': 2.0}, {'col': 'Pool QC', 'base': 'No aplica', 'new': -1.0}]",optimization/sensibilidad_remodelacion_relajada/xgb_features_pid527453050_b100000.csv,/Users/ignaciocuevasschotte/Documents/GitHub/Optimizacion-Casas-Ames-Iowa-Capstone-/models/xgb/datos_nuevos_reexport/model_xgb.joblib
527453130,NPkVill,p75,220036.69724770644,20000.0,,OPTIMAL,216031.484375,261234.9686583133,10872.930000000004,34330.55428331331,9127.069999999996,0.5436465000000001,0.0,34330.55428331331,"[{'col': 'Utilities', 'base': 'AllPub', 'new': 3}, {'col': 'Exter Qual', 'base': 'TA', 'new': 3.0}, {'col': 'Exter Cond', 'base': 'TA', 'new': 2.0}, {'col': 'Bsmt Cond', 'base': 'TA', 'new': 2.0}, {'col': 'Heating QC', 'base': 'TA', 'new': 2.0}, {'col': 'Gr Liv Area', 'base': np.int64(1456), 'new': 2263.0}, {'col': 'Kitchen Qual', 'base': 'Gd', 'new': 3.0}, {'col': 'Fireplace Qu', 'base': 'TA', 'new': 2.0}, {'col': 'Garage Qual', 'base': 'TA', 'new': 2.0}, {'col': 'Garage Cond', 'base': 'TA', 'new': 2.0}, {'col': 'Pool QC', 'base': 'No aplica', 'new': -1.0}]",optimization/sensibilidad_remodelacion_relajada/xgb_features_pid527453130_b20000.csv,/Users/ignaciocuevasschotte/Documents/GitHub/Optimizacion-Casas-Ames-Iowa-Capstone-/models/xgb/datos_nuevos_reexport/model_xgb.joblib
527453130,NPkVill,p75,220036.69724770644,50000.0,,OPTIMAL,216031.484375,261626.6873899009,10872.929999999991,34722.273014900915,39127.07000000001,0.21745859999999984,0.0,34722.273014900915,"[{'col': 'Utilities', 'base': 'AllPub', 'new': 3}, {'col': 'Exter Qual', 'base': 'TA', 'new': 3.0}, {'col': 'Exter Cond', 'base': 'TA', 'new': 2.0}, {'col': 'Bsmt Cond', 'base': 'TA', 'new': 2.0}, {'col': 'Heating QC', 'base': 'TA', 'new': 2.0}, {'col': 'Gr Liv Area', 'base': np.int64(1456), 'new': 2263.0}, {'col': 'Kitchen Qual', 'base': 'Gd', 'new': 3.0}, {'col': 'Fireplace Qu', 'base': 'TA', 'new': 2.0}, {'col': 'Garage Qual', 'base': 'TA', 'new': 2.0}, {'col': 'Garage Cond', 'base': 'TA', 'new': 2.0}, {'col': 'Pool QC', 'base': 'No aplica', 'new': -1.0}]",optimization/sensibilidad_remodelacion_relajada/xgb_features_pid527453130_b50000.csv,/Users/ignaciocuevasschotte/Documents/GitHub/Optimizacion-Casas-Ames-Iowa-Capstone-/models/xgb/datos_nuevos_reexport/model_xgb.joblib
527453130,NPkVill,p75,220036.69724770644,100000.0,,OPTIMAL,216031.484375,262025.57778594317,10872.929999999995,35121.163410943176,89127.07,0.10872929999999995,0.0,35121.163410943176,"[{'col': 'Utilities', 'base': 'AllPub', 'new': 3}, {'col': 'Exter Qual', 'base': 'TA', 'new': 3.0}, {'col': 'Exter Cond', 'base': 'TA', 'new': 2.0}, {'col': 'Bsmt Cond', 'base': 'TA', 'new': 2.0}, {'col': 'Heating QC', 'base': 'TA', 'new': 2.0}, {'col': 'Gr Liv Area', 'base': np.int64(1456), 'new': 2263.0}, {'col': 'Kitchen Qual', 'base': 'Gd', 'new': 3.0}, {'col': 'Fireplace Qu', 'base': 'TA', 'new': 2.0}, {'col': 'Garage Qual', 'base': 'TA', 'new': 2.0}, {'col': 'Garage Cond', 'base': 'TA', 'new': 2.0}, {'col': 'Pool QC', 'base': 'No aplica', 'new': -1.0}]",optimization/sensibilidad_remodelacion_relajada/xgb_features_pid527453130_b100000.csv,/Users/ignaciocuevasschotte/Documents/GitHub/Optimizacion-Casas-Ames-Iowa-Capstone-/models/xgb/datos_nuevos_reexport/model_xgb.joblib
909451140,Blueste,p25,180458.13622911472,20000.0,,OPTIMAL,182024.359375,214292.44027615062,10872.93,21395.150901150628,9127.07,0.5436465,0.0,21395.150901150628,"[{'col': 'Utilities', 'base': 'AllPub', 'new': 3}, {'col': 'Exter Qual', 'base': 'TA', 'new': 3.0}, {'col': 'Exter Cond', 'base': 'TA', 'new': 2.0}, {'col': 'Bsmt Cond', 'base': 'TA', 'new': 2.0}, {'col': 'Heating QC', 'base': 'TA', 'new': 2.0}, {'col': 'Gr Liv Area', 'base': np.int64(1229), 'new': 1498.0}, {'col': 'Kitchen Qual', 'base': 'TA', 'new': 2.0}, {'col': 'Fireplace Qu', 'base': 'TA', 'new': 2.0}, {'col': 'Garage Qual', 'base': 'TA', 'new': 2.0}, {'col': 'Garage Cond', 'base': 'TA', 'new': 2.0}, {'col': 'Pool QC', 'base': 'No aplica', 'new': -1.0}]",optimization/sensibilidad_remodelacion_relajada/xgb_features_pid909451140_b20000.csv,/Users/ignaciocuevasschotte/Documents/GitHub/Optimizacion-Casas-Ames-Iowa-Capstone-/models/xgb/datos_nuevos_reexport/model_xgb.joblib
909451140,Blueste,p25,180458.13622911472,50000.0,,OPTIMAL,182024.359375,214640.613055141,10872.929999999995,21743.32368014101,39127.07000000001,0.2174585999999999,0.0,21743.32368014101,"[{'col': 'Utilities', 'base': 'AllPub', 'new': 3}, {'col': 'Exter Qual', 'base': 'TA', 'new': 3.0}, {'col': 'Exter Cond', 'base': 'TA', 'new': 2.0}, {'col': 'Bsmt Cond', 'base': 'TA', 'new': 2.0}, {'col': 'Heating QC', 'base': 'TA', 'new': 2.0}, {'col': 'Gr Liv Area', 'base': np.int64(1229), 'new': 1498.0}, {'col': 'Kitchen Qual', 'base': 'TA', 'new': 2.0}, {'col': 'Fireplace Qu', 'base': 'TA', 'new': 2.0}, {'col': 'Garage Qual', 'base': 'TA', 'new': 2.0}, {'col': 'Garage Cond', 'base': 'TA', 'new': 2.0}, {'col': 'Pool QC', 'base': 'No aplica', 'new': -1.0}]",optimization/sensibilidad_remodelacion_relajada/xgb_features_pid909451140_b50000.csv,/Users/ignaciocuevasschotte/Documents/GitHub/Optimizacion-Casas-Ames-Iowa-Capstone-/models/xgb/datos_nuevos_reexport/model_xgb.joblib
909451140,Blueste,p25,180458.13622911472,100000.0,,OPTIMAL,182024.359375,214780.5993665472,10872.93,21883.309991547198,89127.07,0.1087293,0.0,21883.309991547198,"[{'col': 'Utilities', 'base': 'AllPub', 'new': 3}, {'col': 'Exter Qual', 'base': 'TA', 'new': 3.0}, {'col': 'Exter Cond', 'base': 'TA', 'new': 2.0}, {'col': 'Bsmt Cond', 'base': 'TA', 'new': 2.0}, {'col': 'Heating QC', 'base': 'TA', 'new': 2.0}, {'col': 'Gr Liv Area', 'base': np.int64(1229), 'new': 1498.0}, {'col': 'Kitchen Qual', 'base': 'TA', 'new': 2.0}, {'col': 'Fireplace Qu', 'base': 'TA', 'new': 2.0}, {'col': 'Garage Qual', 'base': 'TA', 'new': 2.0}, {'col': 'Garage Cond', 'base': 'TA', 'new': 2.0}, {'col': 'Pool QC', 'base': 'No aplica', 'new': -1.0}]",optimization/sensibilidad_remodelacion_relajada/xgb_features_pid909451140_b100000.csv,/Users/ignaciocuevasschotte/Documents/GitHub/Optimizacion-Casas-Ames-Iowa-Capstone-/models/xgb/datos_nuevos_reexport/model_xgb.joblib
909451130,Blueste,p50,191218.4582143684,20000.0,,OPTIMAL,189840.71875,244258.49332608382,10872.93,43544.84457608382,9127.07,0.5436465,0.0,43544.84457608382,"[{'col': 'Utilities', 'base': 'AllPub', 'new': 3}, {'col': 'Exter Qual', 'base': 'TA', 'new': 3.0}, {'col': 'Exter Cond', 'base': 'Gd', 'new': 3.0}, {'col': 'Bsmt Cond', 'base': 'TA', 'new': 2.0}, {'col': 'Heating QC', 'base': 'Gd', 'new': 3.0}, {'col': 'Gr Liv Area', 'base': np.int64(1045), 'new': 1779.0}, {'col': 'Kitchen Qual', 'base': 'TA', 'new': 2.0}, {'col': 'Fireplace Qu', 'base': 'TA', 'new': 2.0}, {'col': 'Garage Qual', 'base': 'TA', 'new': 2.0}, {'col': 'Garage Cond', 'base': 'TA', 'new': 2.0}, {'col': 'Pool QC', 'base': 'No aplica', 'new': -1.0}]",optimization/sensibilidad_remodelacion_relajada/xgb_features_pid909451130_b20000.csv,/Users/ignaciocuevasschotte/Documents/GitHub/Optimizacion-Casas-Ames-Iowa-Capstone-/models/xgb/datos_nuevos_reexport/model_xgb.joblib
909451130,Blueste,p50,191218.4582143684,50000.0,,OPTIMAL,189840.71875,245140.88788395183,10872.93,44427.239133951836,39127.07,0.2174586,0.0,44427.239133951836,"[{'col': 'Utilities', 'base': 'AllPub', 'new': 3}, {'col': 'Exter Qual', 'base': 'TA', 'new': 3.0}, {'col': 'Exter Cond', 'base': 'Gd', 'new': 3.0}, {'col': 'Bsmt Cond', 'base': 'TA', 'new': 2.0}, {'col': 'Heating QC', 'base': 'Gd', 'new': 3.0}, {'col': 'Gr Liv Area', 'base': np.int64(1045), 'new': 1779.0}, {'col': 'Kitchen Qual', 'base': 'TA', 'new': 2.0}, {'col': 'Fireplace Qu', 'base': 'TA', 'new': 2.0}, {'col': 'Garage Qual', 'base': 'TA', 'new': 2.0}, {'col': 'Garage Cond', 'base': 'TA', 'new': 2.0}, {'col': 'Pool QC', 'base': 'No aplica', 'new': -1.0}]",optimization/sensibilidad_remodelacion_relajada/xgb_features_pid909451130_b50000.csv,/Users/ignaciocuevasschotte/Documents/GitHub/Optimizacion-Casas-Ames-Iowa-Capstone-/models/xgb/datos_nuevos_reexport/model_xgb.joblib
909451130,Blueste,p50,191218.4582143684,100000.0,,OPTIMAL,189840.71875,250664.67912729783,16824.93,43999.03037729784,83175.07,0.1682493,0.0,43999.03037729784,"[{'col': 'Utilities', 'base': 'AllPub', 'new': 3}, {'col': 'Exter Qual', 'base': 'TA', 'new': 3.0}, {'col': 'Exter Cond', 'base': 'Gd', 'new': 3.0}, {'col': 'Bsmt Cond', 'base': 'TA', 'new': 2.0}, {'col': 'BsmtFin SF 1', 'base': np.float64(330.0), 'new': 450.0}, {'col': 'BsmtFin SF 2', 'base': np.float64(0.0), 'new': 66.0}, {'col': 'Bsmt Unf SF', 'base': np.float64(186.0), 'new': 0.0}, {'col': 'Heating QC', 'base': 'Gd', 'new': 3.0}, {'col': 'Gr Liv Area', 'base': np.int64(1045), 'new': 1779.0}, {'col': 'Kitchen Qual', 'base': 'TA', 'new': 2.0}, {'col': 'Fireplace Qu', 'base': 'TA', 'new': 2.0}, {'col': 'Garage Qual', 'base': 'TA', 'new': 2.0}, {'col': 'Garage Cond', 'base': 'TA', 'new': 2.0}, {'col': 'Pool QC', 'base': 'No aplica', 'new': -1.0}]",optimization/sensibilidad_remodelacion_relajada/xgb_features_pid909451130_b100000.csv,/Users/ignaciocuevasschotte/Documents/GitHub/Optimizacion-Casas-Ames-Iowa-Capstone-/models/xgb/datos_nuevos_reexport/model_xgb.joblib
909455040,Blueste,p75,238532.11009174315,20000.0,,OPTIMAL,274709.6875,389627.7347530982,6923.62,107994.42725309823,13076.380000000001,0.346181,0.0,107994.42725309823,"[{'col': 'Utilities', 'base': 'AllPub', 'new': 3}, {'col': 'Exter Qual', 'base': 'Gd', 'new': 3.0}, {'col': 'Exter Cond', 'base': 'TA', 'new': 2.0}, {'col': 'Bsmt Cond', 'base': 'TA', 'new': 2.0}, {'col': 'Heating QC', 'base': 'Gd', 'new': 3.0}, {'col': 'Gr Liv Area', 'base': np.int64(1191), 'new': 3395.0}, {'col': 'Kitchen Qual', 'base': 'Gd', 'new': 3.0}, {'col': 'Fireplace Qu', 'base': 'TA', 'new': 2.0}, {'col': 'Garage Qual', 'base': 'TA', 'new': 2.0}, {'col': 'Garage Cond', 'base': 'TA', 'new': 2.0}, {'col': 'Pool QC', 'base': 'No aplica', 'new': -1.0}]",optimization/sensibilidad_remodelacion_relajada/xgb_features_pid909455040_b20000.csv,/Users/ignaciocuevasschotte/Documents/GitHub/Optimizacion-Casas-Ames-Iowa-Capstone-/models/xgb/datos_nuevos_reexport/model_xgb.joblib
909455040,Blueste,p75,238532.11009174315,50000.0,,OPTIMAL,274709.6875,414251.41997098376,25461.81,114079.92247098376,24538.19,0.5092362,0.0,114079.92247098376,"[{'col': 'Utilities', 'base': 'AllPub', 'new': 3}, {'col': 'Exter Qual', 'base': 'Gd', 'new': 3.0}, {'col': 'Exter Cond', 'base': 'TA', 'new': 2.0}, {'col': 'Bsmt Cond', 'base': 'TA', 'new': 2.0}, {'col': 'Heating QC', 'base': 'Gd', 'new': 3.0}, {'col': 'Gr Liv Area', 'base': np.int64(1191), 'new': 3395.0}, {'col': 'Kitchen Qual', 'base': 'Gd', 'new': 3.0}, {'col': 'Fireplace Qu', 'base': 'TA', 'new': 2.0}, {'col': 'Garage Qual', 'base': 'TA', 'new': 2.0}, {'col': 'Garage Cond', 'base': 'TA', 'new': 2.0}, {'col': 'Pool QC', 'base': 'No aplica', 'new': -1.0}]",optimization/sensibilidad_remodelacion_relajada/xgb_features_pid909455040_b50000.csv,/Users/ignaciocuevasschotte/Documents/GitHub/Optimizacion-Casas-Ames-Iowa-Capstone-/models/xgb/datos_nuevos_reexport/model_xgb.joblib
909455040,Blueste,p75,238532.11009174315,100000.0,,OPTIMAL,274709.6875,454783.68000675034,61141.81,118932.18250675034,38858.19,0.6114181,0.0,118932.18250675034,"[{'col': 'Utilities', 'base': 'AllPub', 'new': 3}, {'col': 'Exter Qual', 'base': 'Gd', 'new': 3.0}, {'col': 'Exter Cond', 'base': 'TA', 'new': 2.0}, {'col': 'Bsmt Cond', 'base': 'TA', 'new': 2.0}, {'col': 'BsmtFin SF 1', 'base': np.float64(76.0), 'new': 1131.0}, {'col': 'BsmtFin SF 2', 'base': np.float64(0.0), 'new': 60.0}, {'col': 'Bsmt Unf SF', 'base': np.float64(1115.0), 'new': 0.0}, {'col': 'Heating QC', 'base': 'Gd', 'new': 3.0}, {'col': 'Gr Liv Area', 'base': np.int64(1191), 'new': 3395.0}, {'col': 'Kitchen Qual', 'base': 'Gd', 'new': 3.0}, {'col': 'Fireplace Qu', 'base': 'TA', 'new': 2.0}, {'col': 'Garage Qual', 'base': 'TA', 'new': 2.0}, {'col': 'Garage Cond', 'base': 'TA', 'new': 2.0}, {'col': 'Pool QC', 'base': 'No aplica', 'new': -1.0}]",optimization/sensibilidad_remodelacion_relajada/xgb_features_pid909455040_b100000.csv,/Users/ignaciocuevasschotte/Documents/GitHub/Optimizacion-Casas-Ames-Iowa-Capstone-/models/xgb/datos_nuevos_reexport/model_xgb.joblib
