{
  "train": {
    "RMSE": 34983.038798744805,
    "MAE": 21133.080157833367,
    "MAPE_pct": 7.982847748529726,
    "R2": 0.9179876394463764,
    "residual_skew": 0.827959813269512,
    "residual_kurtosis": 30.44393280341822
  },
  "test": {
    "RMSE": 42411.04336653025,
    "MAE": 23163.69788447584,
    "MAPE_pct": 8.37275113289532,
    "R2": 0.8803624295552458,
    "residual_skew": -1.430255799960993,
    "residual_kurtosis": 45.34890461928428
  },
  "log_target": true
}