{
  "train": {
    "RMSE": 9570.165616841006,
    "MAE": 6581.856775407402,
    "MAPE_pct": 2.481114142642288,
    "R2": 0.9938623353471839,
    "residual_skew": 0.904918138665894,
    "residual_kurtosis": 12.703798516622083
  },
  "test": {
    "RMSE": 31778.78769182313,
    "MAE": 19688.244334671857,
    "MAPE_pct": 7.353822880949313,
    "R2": 0.9328286119930356,
    "residual_skew": -0.12024813710739797,
    "residual_kurtosis": 15.91119067686863
  },
  "log_target": true
}