{
  "train": {
    "RMSE": 21774.32375138635,
    "MAE": 14597.304529850888,
    "MAPE_pct": 5.531002463910763,
    "R2": 0.9682273381455544,
    "residual_skew": 0.9565001012444672,
    "residual_kurtosis": 12.051020646241668
  },
  "test": {
    "RMSE": 33437.06132462556,
    "MAE": 19940.69076865702,
    "MAPE_pct": 7.442550999512437,
    "R2": 0.925635463609044,
    "residual_skew": -0.9591773760866048,
    "residual_kurtosis": 25.111358166072932
  },
  "log_target": true
}