{
  "train": {
    "RMSE": 49492.38681058128,
    "MAE": 28916.69349992397,
    "MAPE_pct": 10.850460868133986,
    "R2": 0.8358499399646435,
    "residual_skew": 3.303469377599736,
    "residual_kurtosis": 29.031438027067964
  },
  "test": {
    "RMSE": 50259.28536880208,
    "MAE": 29131.11478471525,
    "MAPE_pct": 10.308958145938831,
    "R2": 0.8319872309390876,
    "residual_skew": 2.281624986713614,
    "residual_kurtosis": 15.191518058497254
  },
  "log_target": true
}