{
  "train": {
    "RMSE": 26570.106856720347,
    "MAE": 17317.24408672635,
    "MAPE_pct": 6.608314359983586,
    "R2": 0.9526902284547603,
    "residual_skew": 0.7482904546609654,
    "residual_kurtosis": 16.45714568313396
  },
  "test": {
    "RMSE": 36054.71871751879,
    "MAE": 20803.174432769694,
    "MAPE_pct": 7.674454789788849,
    "R2": 0.913536284332338,
    "residual_skew": -1.5795225235431996,
    "residual_kurtosis": 34.85649000030261
  },
  "log_target": true
}