{
  "train": {
    "RMSE": 23536.754428370365,
    "MAE": 15600.367583271822,
    "MAPE_pct": 5.889106828258374,
    "R2": 0.9628757745741477,
    "residual_skew": 1.2142337517923552,
    "residual_kurtosis": 12.899498941494898
  },
  "test": {
    "RMSE": 33920.75916599875,
    "MAE": 19864.691470581267,
    "MAPE_pct": 7.328360018804441,
    "R2": 0.9234683990640046,
    "residual_skew": -0.426349312621148,
    "residual_kurtosis": 24.957537367392618
  },
  "log_target": true
}