{
  "train": {
    "RMSE": 22343.67698483193,
    "MAE": 14420.295900386893,
    "MAPE_pct": 5.475724599160061,
    "R2": 0.9665440368259541,
    "residual_skew": 1.036915274214537,
    "residual_kurtosis": 17.221273800161192
  },
  "test": {
    "RMSE": 37180.431137774234,
    "MAE": 20610.205591464997,
    "MAPE_pct": 7.555036886218566,
    "R2": 0.9080527987778898,
    "residual_skew": -1.6011147913080652,
    "residual_kurtosis": 39.29074673092918
  },
  "log_target": true
}