{
  "train": {
    "RMSE": 32630.307984482373,
    "MAE": 19992.641782730072,
    "MAPE_pct": 7.546245054164531,
    "R2": 0.9286479270823259,
    "residual_skew": 0.9224300441954079,
    "residual_kurtosis": 28.071163016801574
  },
  "test": {
    "RMSE": 40112.222334785314,
    "MAE": 22010.990412165414,
    "MAPE_pct": 7.959912883514731,
    "R2": 0.8929804503614686,
    "residual_skew": -1.4951119441254381,
    "residual_kurtosis": 44.02010190637484
  },
  "log_target": true
}