{
  "train": {
    "RMSE": 25716.463949376837,
    "MAE": 16198.735874679165,
    "MAPE_pct": 6.152576129849216,
    "R2": 0.9556813264713817,
    "residual_skew": 0.6749903991614278,
    "residual_kurtosis": 21.304658339590134
  },
  "test": {
    "RMSE": 37894.6553348541,
    "MAE": 21040.98569910025,
    "MAPE_pct": 7.7259267816016175,
    "R2": 0.9044863164865676,
    "residual_skew": -1.166916081186847,
    "residual_kurtosis": 38.55852828401045
  },
  "log_target": true
}