{
  "train": {
    "RMSE": 41234.92008192329,
    "MAE": 24239.593072134223,
    "MAPE_pct": 9.173521863353349,
    "R2": 0.8860551861506496,
    "residual_skew": 2.1901267215273648,
    "residual_kurtosis": 29.832501556126715
  },
  "test": {
    "RMSE": 44641.3719245149,
    "MAE": 25473.354075622603,
    "MAPE_pct": 9.158178144181305,
    "R2": 0.8674484723798307,
    "residual_skew": 0.6345353459317624,
    "residual_kurtosis": 22.289070335613943
  },
  "log_target": true
}