{
  "train": {
    "RMSE": 38241.970927498005,
    "MAE": 22627.11617125691,
    "MAPE_pct": 8.526747063773273,
    "R2": 0.901995778576248,
    "residual_skew": 1.9065995029216274,
    "residual_kurtosis": 33.09412265365007
  },
  "test": {
    "RMSE": 41965.80506745319,
    "MAE": 23611.4348377974,
    "MAPE_pct": 8.505215699406682,
    "R2": 0.8828611949702269,
    "residual_skew": -0.06750774715847094,
    "residual_kurtosis": 29.835621560090246
  },
  "log_target": true
}