{
  "train": {
    "RMSE": 31551.812644088528,
    "MAE": 19438.097151001533,
    "MAPE_pct": 7.304175011898331,
    "R2": 0.9332866302674832,
    "residual_skew": 0.5416558227674932,
    "residual_kurtosis": 29.560597711098474
  },
  "test": {
    "RMSE": 40462.783842249286,
    "MAE": 21964.7286619961,
    "MAPE_pct": 8.02276635679997,
    "R2": 0.8911016776369697,
    "residual_skew": -2.0030483669858725,
    "residual_kurtosis": 49.500955920214345
  },
  "log_target": true
}