{
  "train": {
    "RMSE": 43554.164777425154,
    "MAE": 25149.532707493956,
    "MAPE_pct": 9.525474602830306,
    "R2": 0.8728771477508079,
    "residual_skew": 3.010216259913245,
    "residual_kurtosis": 33.770041448077066
  },
  "test": {
    "RMSE": 44307.461507012405,
    "MAE": 25322.37643125749,
    "MAPE_pct": 9.02917082836,
    "R2": 0.8694239854011874,
    "residual_skew": 1.5132286506930388,
    "residual_kurtosis": 18.828447461251834
  },
  "log_target": true
}