{
  "train": {
    "RMSE": 20922.431900029926,
    "MAE": 13994.777647969682,
    "MAPE_pct": 5.281237489590669,
    "R2": 0.9706648323344722,
    "residual_skew": 0.9450582867141163,
    "residual_kurtosis": 11.067923637101739
  },
  "test": {
    "RMSE": 32372.570961922218,
    "MAE": 19698.759820912226,
    "MAPE_pct": 7.378937859956351,
    "R2": 0.9302949802753485,
    "residual_skew": -0.4362327727941552,
    "residual_kurtosis": 18.083802525361968
  },
  "log_target": true
}