{
  "train": {
    "RMSE": 8849.316462516306,
    "MAE": 6094.564153041551,
    "MAPE_pct": 2.2835432652983325,
    "R2": 0.9947521223478861,
    "residual_skew": 0.8894360052299147,
    "residual_kurtosis": 9.237095894197573
  },
  "test": {
    "RMSE": 31458.340765125686,
    "MAE": 19980.930173758283,
    "MAPE_pct": 7.552814349264702,
    "R2": 0.9341764506959707,
    "residual_skew": 0.45338587524115903,
    "residual_kurtosis": 12.473733872824068
  },
  "log_target": true
}