{
  "train": {
    "RMSE": 23538.28046547725,
    "MAE": 15418.256938722916,
    "MAPE_pct": 5.894686568738052,
    "R2": 0.9628709604199854,
    "residual_skew": 0.9074526591028833,
    "residual_kurtosis": 15.304448994063542
  },
  "test": {
    "RMSE": 35303.503738571184,
    "MAE": 20193.411013344547,
    "MAPE_pct": 7.490067861615865,
    "R2": 0.9171017637482716,
    "residual_skew": -1.1034602449092439,
    "residual_kurtosis": 32.88558574397246
  },
  "log_target": true
}