{
  "train": {
    "RMSE": 38226.051084596744,
    "MAE": 22690.442707485134,
    "MAPE_pct": 8.511758421775378,
    "R2": 0.9020773584226165,
    "residual_skew": 1.8495691563331218,
    "residual_kurtosis": 28.64393755997853
  },
  "test": {
    "RMSE": 43861.98973116876,
    "MAE": 24369.56466040261,
    "MAPE_pct": 8.729067863343742,
    "R2": 0.8720364354927059,
    "residual_skew": 0.04341471547301293,
    "residual_kurtosis": 29.180568628830386
  },
  "log_target": true
}