{
  "train": {
    "RMSE": 25248.546894644667,
    "MAE": 16762.601623268572,
    "MAPE_pct": 6.372075320551199,
    "R2": 0.9572794312294728,
    "residual_skew": 1.0630267883527464,
    "residual_kurtosis": 12.663957304301306
  },
  "test": {
    "RMSE": 34915.80886765402,
    "MAE": 20503.504971003596,
    "MAPE_pct": 7.580976549425027,
    "R2": 0.9189125046035023,
    "residual_skew": -0.6582793480772905,
    "residual_kurtosis": 25.626973435600448
  },
  "log_target": true
}