{
  "train": {
    "RMSE": 8140.970361366738,
    "MAE": 5673.766975187298,
    "MAPE_pct": 2.1324082665123525,
    "R2": 0.9955586336675022,
    "residual_skew": 0.7209679198309317,
    "residual_kurtosis": 7.201820332424359
  },
  "test": {
    "RMSE": 31788.472115612294,
    "MAE": 20296.745764671155,
    "MAPE_pct": 7.663058978750509,
    "R2": 0.9327876654777044,
    "residual_skew": 0.1657791226510298,
    "residual_kurtosis": 11.850141026574356
  },
  "log_target": true
}