{
  "train": {
    "RMSE": 31591.380379263595,
    "MAE": 19695.177868574927,
    "MAPE_pct": 7.417734359752824,
    "R2": 0.9331192007673333,
    "residual_skew": 1.2498160446896496,
    "residual_kurtosis": 22.701225858240214
  },
  "test": {
    "RMSE": 39166.46597829163,
    "MAE": 22149.745618377776,
    "MAPE_pct": 8.100168646706328,
    "R2": 0.8979675195821408,
    "residual_skew": -1.122436352359319,
    "residual_kurtosis": 36.44764181435704
  },
  "log_target": true
}