{
  "train": {
    "RMSE": 28361.938621457997,
    "MAE": 18646.21007770197,
    "MAPE_pct": 7.094043503741451,
    "R2": 0.9460941281516994,
    "residual_skew": 0.9805346200384616,
    "residual_kurtosis": 13.162808152666585
  },
  "test": {
    "RMSE": 37792.265613454416,
    "MAE": 21340.6748142778,
    "MAPE_pct": 7.823833260142339,
    "R2": 0.9050017668741699,
    "residual_skew": -1.5726222434497792,
    "residual_kurtosis": 39.80511945196087
  },
  "log_target": true
}