{
  "train": {
    "RMSE": 24593.60201240939,
    "MAE": 16155.730742159676,
    "MAPE_pct": 6.136720103300155,
    "R2": 0.9594670203764408,
    "residual_skew": 0.983204457799045,
    "residual_kurtosis": 15.40327708640108
  },
  "test": {
    "RMSE": 34602.99013476788,
    "MAE": 20232.083895129505,
    "MAPE_pct": 7.508746617448667,
    "R2": 0.9203589587959138,
    "residual_skew": -1.5934593117115612,
    "residual_kurtosis": 32.293927890878656
  },
  "log_target": true
}