{
  "train": {
    "RMSE": 36378.33327121031,
    "MAE": 21739.376736420723,
    "MAPE_pct": 8.156202604045875,
    "R2": 0.9113150667464162,
    "residual_skew": 2.138292074617372,
    "residual_kurtosis": 28.82350975479248
  },
  "test": {
    "RMSE": 40731.65054550376,
    "MAE": 23448.26678462634,
    "MAPE_pct": 8.482746918658464,
    "R2": 0.8896496564471422,
    "residual_skew": 0.42841803362976644,
    "residual_kurtosis": 23.845291736061725
  },
  "log_target": true
}