{
  "train": {
    "RMSE": 38438.55298872676,
    "MAE": 23077.635380046744,
    "MAPE_pct": 8.656998197929227,
    "R2": 0.9009856115113087,
    "residual_skew": 1.3464627923538264,
    "residual_kurtosis": 28.391427221251096
  },
  "test": {
    "RMSE": 44135.17004322936,
    "MAE": 24751.53328330159,
    "MAPE_pct": 8.87122268138835,
    "R2": 0.8704375118544738,
    "residual_skew": -0.47669727901968706,
    "residual_kurtosis": 32.96264852304679
  },
  "log_target": true
}