{
  "train": {
    "RMSE": 33394.6603812189,
    "MAE": 20771.292385406057,
    "MAPE_pct": 7.919087385459892,
    "R2": 0.9252659856496136,
    "residual_skew": -0.12248698302860536,
    "residual_kurtosis": 29.269876948904802
  },
  "test": {
    "RMSE": 40783.480283470504,
    "MAE": 22243.815806202776,
    "MAPE_pct": 8.121648783707682,
    "R2": 0.889368643121593,
    "residual_skew": -2.8387828758335987,
    "residual_kurtosis": 59.631837661483736
  },
  "log_target": true
}