{
  "train": {
    "RMSE": 37301.263417330774,
    "MAE": 22573.19698347903,
    "MAPE_pct": 8.5338851677147,
    "R2": 0.9067580531895856,
    "residual_skew": 0.9749879997277524,
    "residual_kurtosis": 32.69571959913428
  },
  "test": {
    "RMSE": 42242.48478135827,
    "MAE": 23553.50413567689,
    "MAPE_pct": 8.529905754468531,
    "R2": 0.8813115156527748,
    "residual_skew": -1.063878970917554,
    "residual_kurtosis": 39.68874332151318
  },
  "log_target": true
}