{
  "train": {
    "RMSE": 46370.48811243476,
    "MAE": 26609.620272932396,
    "MAPE_pct": 10.049863893577918,
    "R2": 0.8559054404742644,
    "residual_skew": 3.433708545283961,
    "residual_kurtosis": 33.4866495281148
  },
  "test": {
    "RMSE": 46875.239391378185,
    "MAE": 26958.34650636293,
    "MAPE_pct": 9.64856145919608,
    "R2": 0.8538507238492428,
    "residual_skew": 2.099781412272075,
    "residual_kurtosis": 16.772422942945035
  },
  "log_target": true
}