{
  "train": {
    "RMSE": 43016.37240299887,
    "MAE": 25336.098873868392,
    "MAPE_pct": 9.569230938927099,
    "R2": 0.8759971075713925,
    "residual_skew": 2.494456731047123,
    "residual_kurtosis": 29.555343849496786
  },
  "test": {
    "RMSE": 44750.901345125865,
    "MAE": 25546.640090433433,
    "MAPE_pct": 9.143790542437506,
    "R2": 0.866797233315954,
    "residual_skew": 1.2310724376504694,
    "residual_kurtosis": 20.582250548576887
  },
  "log_target": true
}