{
  "train": {
    "RMSE": 22203.897900553646,
    "MAE": 14358.895344261737,
    "MAPE_pct": 5.454081544402709,
    "R2": 0.9669613196476151,
    "residual_skew": 1.0030000962785501,
    "residual_kurtosis": 16.659653119746185
  },
  "test": {
    "RMSE": 36784.002360539205,
    "MAE": 20645.639583459815,
    "MAPE_pct": 7.5969941327830375,
    "R2": 0.910003082426325,
    "residual_skew": -1.4228395988760023,
    "residual_kurtosis": 36.33008048195794
  },
  "log_target": true
}