{
  "train": {
    "RMSE": 24136.805086028708,
    "MAE": 15589.551521334557,
    "MAPE_pct": 5.907804929993274,
    "R2": 0.9609587408879922,
    "residual_skew": 1.1508475473158302,
    "residual_kurtosis": 15.846484676979806
  },
  "test": {
    "RMSE": 35204.75754920487,
    "MAE": 20284.0030864264,
    "MAPE_pct": 7.559863086681111,
    "R2": 0.9175648586733574,
    "residual_skew": -0.9004553318207584,
    "residual_kurtosis": 31.069758627541297
  },
  "log_target": true
}