{
  "train": {
    "RMSE": 33499.39401767913,
    "MAE": 20188.996090076736,
    "MAPE_pct": 7.649231266973204,
    "R2": 0.9247964831045405,
    "residual_skew": 0.6382975114326251,
    "residual_kurtosis": 34.22116188215172
  },
  "test": {
    "RMSE": 38935.21159824376,
    "MAE": 21715.148229920946,
    "MAPE_pct": 7.876481625091733,
    "R2": 0.8991688431601387,
    "residual_skew": -1.7286994109405553,
    "residual_kurtosis": 46.241667232741165
  },
  "log_target": true
}