{
  "train": {
    "RMSE": 35058.170315836374,
    "MAE": 21170.87610152325,
    "MAPE_pct": 7.971835967890335,
    "R2": 0.9176349925695431,
    "residual_skew": 1.019729878485661,
    "residual_kurtosis": 30.765719700445956
  },
  "test": {
    "RMSE": 40117.747492896975,
    "MAE": 22487.60281043005,
    "MAPE_pct": 8.227215528146997,
    "R2": 0.8929509660486113,
    "residual_skew": -1.554527741202203,
    "residual_kurtosis": 43.61440056140561
  },
  "log_target": true
}