{
  "train": {
    "RMSE": 38440.92271874725,
    "MAE": 23126.867472491704,
    "MAPE_pct": 8.73992531369752,
    "R2": 0.9009734026957684,
    "residual_skew": 1.4677294863966865,
    "residual_kurtosis": 27.768976672514725
  },
  "test": {
    "RMSE": 42177.1341311151,
    "MAE": 23755.931751937835,
    "MAPE_pct": 8.573452785398413,
    "R2": 0.8816784623405253,
    "residual_skew": -0.32875189044181347,
    "residual_kurtosis": 31.81455356749109
  },
  "log_target": true
}