{
  "train": {
    "RMSE": 35805.443965156,
    "MAE": 21341.869666807208,
    "MAPE_pct": 8.037881139385014,
    "R2": 0.914086309486883,
    "residual_skew": 0.8747020286666235,
    "residual_kurtosis": 36.25671773408598
  },
  "test": {
    "RMSE": 40922.94792931195,
    "MAE": 22690.625915602486,
    "MAPE_pct": 8.25847457578625,
    "R2": 0.8886106951982639,
    "residual_skew": -1.4445364323323056,
    "residual_kurtosis": 43.413542937584026
  },
  "log_target": true
}