{
  "train": {
    "RMSE": 21585.794738568184,
    "MAE": 14076.879808014066,
    "MAPE_pct": 5.270739138459702,
    "R2": 0.9687751518626398,
    "residual_skew": 1.545837315656668,
    "residual_kurtosis": 15.739957541077505
  },
  "test": {
    "RMSE": 35001.56218195298,
    "MAE": 20271.620509193883,
    "MAPE_pct": 7.497942497046979,
    "R2": 0.9185137133030945,
    "residual_skew": -0.26702952924013235,
    "residual_kurtosis": 23.422255638083747
  },
  "log_target": true
}