{
  "train": {
    "RMSE": 22666.359783257412,
    "MAE": 7974.009967382802,
    "MAPE_pct": 3.485135533174904,
    "R2": 0.9632260250670842,
    "residual_skew": -6.623327111644796,
    "residual_kurtosis": 182.43049575134583
  },
  "test": {
    "RMSE": 38947.46451330492,
    "MAE": 19967.79965814587,
    "MAPE_pct": 7.043026784447605,
    "R2": 0.9181108767338514,
    "residual_skew": -5.499953638302405,
    "residual_kurtosis": 100.00131789663877
  },
  "log_target": true
}