{
  "train": {
    "RMSE": 35176.44740378484,
    "MAE": 20509.47720437306,
    "MAPE_pct": 7.696727239697264,
    "R2": 0.9170782991403987,
    "residual_skew": 1.0690188545090724,
    "residual_kurtosis": 39.53858931234761
  },
  "test": {
    "RMSE": 41563.378753441764,
    "MAE": 22732.373590394815,
    "MAPE_pct": 8.182144202616545,
    "R2": 0.8850970018079601,
    "residual_skew": -0.9569206269620585,
    "residual_kurtosis": 38.30716731085792
  },
  "log_target": true
}