{
  "train": {
    "RMSE": 22296.576499098297,
    "MAE": 14462.488911466322,
    "MAPE_pct": 5.411914201309543,
    "R2": 0.9666849385434151,
    "residual_skew": 1.7311615265599878,
    "residual_kurtosis": 15.88708178625087
  },
  "test": {
    "RMSE": 35793.509056846575,
    "MAE": 20461.62880721803,
    "MAPE_pct": 7.492372637338791,
    "R2": 0.9147845728237559,
    "residual_skew": 0.11461699271541158,
    "residual_kurtosis": 21.705176011266737
  },
  "log_target": true
}