{
  "train": {
    "RMSE": 20374.394214191456,
    "MAE": 13456.74984182613,
    "MAPE_pct": 5.076335764786128,
    "R2": 0.9721815032119686,
    "residual_skew": 1.1202370817067129,
    "residual_kurtosis": 13.540678278978678
  },
  "test": {
    "RMSE": 38069.55712647418,
    "MAE": 21611.28594610934,
    "MAPE_pct": 7.99686178517705,
    "R2": 0.9036025999753431,
    "residual_skew": -1.4922310620867565,
    "residual_kurtosis": 35.40258852074048
  },
  "log_target": true
}