{
  "train": {
    "RMSE": 24251.52620790559,
    "MAE": 15982.501850027278,
    "MAPE_pct": 6.000558300866883,
    "R2": 0.9605867363141188,
    "residual_skew": 1.4734393927401843,
    "residual_kurtosis": 13.130100226240973
  },
  "test": {
    "RMSE": 36442.43343126632,
    "MAE": 20676.04540140898,
    "MAPE_pct": 7.586271847811836,
    "R2": 0.9116667092938309,
    "residual_skew": -0.2747706835259319,
    "residual_kurtosis": 27.444136905514583
  },
  "log_target": true
}