{
  "train": {
    "RMSE": 23225.051554240436,
    "MAE": 15267.012862355072,
    "MAPE_pct": 5.720174082647479,
    "R2": 0.9638525536130254,
    "residual_skew": 1.4998956442336462,
    "residual_kurtosis": 16.58506663565515
  },
  "test": {
    "RMSE": 34895.91088007325,
    "MAE": 20445.56717639468,
    "MAPE_pct": 7.616822729509641,
    "R2": 0.9190048993255727,
    "residual_skew": 0.8888405595801564,
    "residual_kurtosis": 15.256810752945585
  },
  "log_target": true
}