{
  "train": {
    "RMSE": 24048.662017107807,
    "MAE": 16170.463354123967,
    "MAPE_pct": 6.156036681598474,
    "R2": 0.9612433629034711,
    "residual_skew": 0.8861622020715101,
    "residual_kurtosis": 10.328531530481758
  },
  "test": {
    "RMSE": 34365.585065882944,
    "MAE": 20051.293392997788,
    "MAPE_pct": 7.488968101474193,
    "R2": 0.9214480165534698,
    "residual_skew": -1.135497801656944,
    "residual_kurtosis": 30.329512040433855
  },
  "log_target": true
}