{
  "train": {
    "RMSE": 24814.951565803258,
    "MAE": 15958.174889553013,
    "MAPE_pct": 6.085249147080715,
    "R2": 0.9587341198407181,
    "residual_skew": 0.9721052895598489,
    "residual_kurtosis": 18.11593903974428
  },
  "test": {
    "RMSE": 34665.864190555374,
    "MAE": 20035.101341825113,
    "MAPE_pct": 7.40897475255335,
    "R2": 0.9200692783688198,
    "residual_skew": -1.037622444560269,
    "residual_kurtosis": 30.949418159889603
  },
  "log_target": true
}