{
  "train": {
    "RMSE": 30939.84556653246,
    "MAE": 19136.868573740652,
    "MAPE_pct": 7.270708040332466,
    "R2": 0.9358494281492408,
    "residual_skew": 0.5565426785928588,
    "residual_kurtosis": 28.015717971276388
  },
  "test": {
    "RMSE": 40148.942354016064,
    "MAE": 21700.704163984345,
    "MAPE_pct": 7.857911538075355,
    "R2": 0.8927844223976061,
    "residual_skew": -2.0589416693665776,
    "residual_kurtosis": 49.52462615023822
  },
  "log_target": true
}