{
  "train": {
    "RMSE": 30477.164011111177,
    "MAE": 18722.374706777344,
    "MAPE_pct": 7.057342976852649,
    "R2": 0.9377537269871692,
    "residual_skew": 1.0753691713558666,
    "residual_kurtosis": 27.78444418856387
  },
  "test": {
    "RMSE": 38509.59454919937,
    "MAE": 21418.628837767203,
    "MAPE_pct": 7.763651575053747,
    "R2": 0.9013612491738335,
    "residual_skew": -1.5161850708201516,
    "residual_kurtosis": 41.23251251080652
  },
  "log_target": true
}