{
  "train": {
    "RMSE": 38830.140904392945,
    "MAE": 23018.90622484436,
    "MAPE_pct": 8.674898053710839,
    "R2": 0.8989579423260625,
    "residual_skew": 1.6373370512936083,
    "residual_kurtosis": 31.455265708783223
  },
  "test": {
    "RMSE": 43145.33068468689,
    "MAE": 24578.489350585536,
    "MAPE_pct": 8.880207940064677,
    "R2": 0.8761838558262878,
    "residual_skew": 0.11141998909098663,
    "residual_kurtosis": 27.351190098273598
  },
  "log_target": true
}