{
  "train": {
    "RMSE": 43040.00360332902,
    "MAE": 25682.45260445431,
    "MAPE_pct": 9.704262830069352,
    "R2": 0.8758608272704538,
    "residual_skew": 2.3769678219354753,
    "residual_kurtosis": 29.16631154354721
  },
  "test": {
    "RMSE": 45351.73428638053,
    "MAE": 26203.86633065228,
    "MAPE_pct": 9.379394382091947,
    "R2": 0.8631964175494311,
    "residual_skew": 1.117855860613312,
    "residual_kurtosis": 20.30775578573177
  },
  "log_target": true
}