{
  "train": {
    "RMSE": 16153.656230865712,
    "MAE": 10581.450205872541,
    "MAPE_pct": 3.947966312291743,
    "R2": 0.9825133780268788,
    "residual_skew": 1.1687975673452724,
    "residual_kurtosis": 13.26301401031034
  },
  "test": {
    "RMSE": 33517.80043449406,
    "MAE": 20060.90954189634,
    "MAPE_pct": 7.5156594963056556,
    "R2": 0.9252758999873829,
    "residual_skew": -0.18351193377593578,
    "residual_kurtosis": 19.82527420598546
  },
  "log_target": true
}