{
  "train": {
    "RMSE": 31986.935262294937,
    "MAE": 19938.112959864284,
    "MAPE_pct": 7.53921148996235,
    "R2": 0.9314338899159792,
    "residual_skew": 0.7693496153729965,
    "residual_kurtosis": 24.689399301998087
  },
  "test": {
    "RMSE": 38586.955177227894,
    "MAE": 21443.813805205824,
    "MAPE_pct": 7.797703953991113,
    "R2": 0.900964546981281,
    "residual_skew": -1.8345202615940424,
    "residual_kurtosis": 45.827715059607485
  },
  "log_target": true
}