{
  "train": {
    "RMSE": 34380.90217403385,
    "MAE": 21165.951643414734,
    "MAPE_pct": 7.956655661823107,
    "R2": 0.9207865759913932,
    "residual_skew": 1.3137564771686518,
    "residual_kurtosis": 23.446255704128003
  },
  "test": {
    "RMSE": 42239.30475302538,
    "MAE": 23132.682213221244,
    "MAPE_pct": 8.403304031609613,
    "R2": 0.881329384797468,
    "residual_skew": -1.7561018624363638,
    "residual_kurtosis": 47.605834069061885
  },
  "log_target": true
}