{
  "train": {
    "RMSE": 36533.59487010519,
    "MAE": 22495.555049917722,
    "MAPE_pct": 8.542951343583468,
    "R2": 0.9105564422078757,
    "residual_skew": -0.0430260605365879,
    "residual_kurtosis": 31.808484133620837
  },
  "test": {
    "RMSE": 44205.54000157361,
    "MAE": 23874.798856263027,
    "MAPE_pct": 8.614921292537469,
    "R2": 0.8700240286713801,
    "residual_skew": -2.124714799277516,
    "residual_kurtosis": 52.66240530009806
  },
  "log_target": true
}