{
  "train": {
    "RMSE": 7839.906265102251,
    "MAE": 5939.1779225206155,
    "MAPE_pct": 2.599813589984758,
    "R2": 0.9956005462133867
  },
  "test": {
    "RMSE": 33829.59065657734,
    "MAE": 19971.107483612283,
    "MAPE_pct": 7.01379479196633,
    "R2": 0.9382180905740003
  }
}