{
  "train": {
    "RMSE": 6638.567373902532,
    "MAE": 4603.460913065054,
    "MAPE_pct": 1.7240289324481752,
    "R2": 0.9970466631569571,
    "residual_skew": 0.9409061223835479,
    "residual_kurtosis": 8.484619448955353
  },
  "test": {
    "RMSE": 31416.45953521942,
    "MAE": 19644.684107511584,
    "MAPE_pct": 7.460726569792387,
    "R2": 0.9343515989115111,
    "residual_skew": -0.03112997239198537,
    "residual_kurtosis": 13.659675841126086
  },
  "log_target": true
}