{
  "train": {
    "RMSE": 15310.860773485389,
    "MAE": 10415.0315917247,
    "MAPE_pct": 3.9597204007499553,
    "R2": 0.9842904601763957,
    "residual_skew": 0.9340443160841079,
    "residual_kurtosis": 12.065109609841372
  },
  "test": {
    "RMSE": 31955.579991624672,
    "MAE": 20016.877297001607,
    "MAPE_pct": 7.450437190228616,
    "R2": 0.9320791550311712,
    "residual_skew": 0.2718705203326063,
    "residual_kurtosis": 12.931297516925405
  },
  "log_target": true
}