{
  "train": {
    "RMSE": 30106.127710649926,
    "MAE": 18420.359604649228,
    "MAPE_pct": 7.009182024293315,
    "R2": 0.9392601034334142,
    "residual_skew": 0.36767849286206744,
    "residual_kurtosis": 31.58792268468001
  },
  "test": {
    "RMSE": 36664.16642691586,
    "MAE": 20697.248827607626,
    "MAPE_pct": 7.625819574596046,
    "R2": 0.9105885161113789,
    "residual_skew": -1.8895685577211405,
    "residual_kurtosis": 43.89162930160463
  },
  "log_target": true
}