{
  "train": {
    "RMSE": 25621.364394951433,
    "MAE": 16743.483921890747,
    "MAPE_pct": 6.325427907880679,
    "R2": 0.9560085015568189,
    "residual_skew": 1.405988742203102,
    "residual_kurtosis": 17.2336301280703
  },
  "test": {
    "RMSE": 33846.631598319655,
    "MAE": 20032.118575610388,
    "MAPE_pct": 7.456814546845024,
    "R2": 0.923802524998004,
    "residual_skew": -0.8970567360428542,
    "residual_kurtosis": 26.209185628474728
  },
  "log_target": true
}