{
  "train": {
    "RMSE": 49600.92813187544,
    "MAE": 28929.173038582216,
    "MAPE_pct": 10.976406188232701,
    "R2": 0.8351291583341598,
    "residual_skew": 3.2774140703856927,
    "residual_kurtosis": 28.892392765597
  },
  "test": {
    "RMSE": 49139.42853227383,
    "MAE": 28762.592315774124,
    "MAPE_pct": 10.332203086660902,
    "R2": 0.8393910013374238,
    "residual_skew": 2.2363940143322134,
    "residual_kurtosis": 14.800627887551043
  },
  "log_target": true
}