{
  "train": {
    "RMSE": 38122.8781460515,
    "MAE": 22741.74987612145,
    "MAPE_pct": 8.532136965596216,
    "R2": 0.9026052357383529,
    "residual_skew": 1.6380146531702688,
    "residual_kurtosis": 29.689034043350667
  },
  "test": {
    "RMSE": 43748.83641292208,
    "MAE": 24281.048549800104,
    "MAPE_pct": 8.714092028656308,
    "R2": 0.87269581393048,
    "residual_skew": -0.29909444871962015,
    "residual_kurtosis": 31.70125360432492
  },
  "log_target": true
}