{
  "train": {
    "RMSE": 41483.50794658879,
    "MAE": 24627.800120976284,
    "MAPE_pct": 9.287004443923626,
    "R2": 0.8846771949471255,
    "residual_skew": 2.134826479436804,
    "residual_kurtosis": 29.18556835755566
  },
  "test": {
    "RMSE": 43425.10241271954,
    "MAE": 25038.172595912703,
    "MAPE_pct": 9.06035048987477,
    "R2": 0.8745729020215158,
    "residual_skew": 0.566224938100798,
    "residual_kurtosis": 23.298868823157186
  },
  "log_target": true
}