{
  "train": {
    "RMSE": 26239.541151512432,
    "MAE": 16638.577751555593,
    "MAPE_pct": 6.2732199718968875,
    "R2": 0.953860092293945,
    "residual_skew": 1.4712682708701073,
    "residual_kurtosis": 22.115544117307653
  },
  "test": {
    "RMSE": 35068.6934095706,
    "MAE": 20849.030345308907,
    "MAPE_pct": 7.7127913638025705,
    "R2": 0.9182008403926513,
    "residual_skew": -0.33227743329828696,
    "residual_kurtosis": 23.302046035483116
  },
  "log_target": true
}