{
  "train": {
    "RMSE": 34694.21932185237,
    "MAE": 21585.232029066996,
    "MAPE_pct": 8.127732911921152,
    "R2": 0.9193362351702304,
    "residual_skew": 1.1593119330732642,
    "residual_kurtosis": 19.941496922731282
  },
  "test": {
    "RMSE": 43044.80606707834,
    "MAE": 23368.789005920018,
    "MAPE_pct": 8.463972598384343,
    "R2": 0.8767601439516644,
    "residual_skew": -1.7200825869379288,
    "residual_kurtosis": 47.86089846813884
  },
  "log_target": true
}