{
  "train": {
    "RMSE": 34591.896093563315,
    "MAE": 21002.891703374717,
    "MAPE_pct": 7.892128883599421,
    "R2": 0.9198113348037664,
    "residual_skew": 1.5021988747704298,
    "residual_kurtosis": 28.395597231199172
  },
  "test": {
    "RMSE": 40900.5278914089,
    "MAE": 23098.213033277658,
    "MAPE_pct": 8.408169950704973,
    "R2": 0.8887327132083283,
    "residual_skew": -0.3990177024558803,
    "residual_kurtosis": 31.503073520741808
  },
  "log_target": true
}