{
  "train": {
    "RMSE": 21681.362214538818,
    "MAE": 14326.195254146392,
    "MAPE_pct": 5.3630590825416435,
    "R2": 0.968498054288399,
    "residual_skew": 1.4166030831701444,
    "residual_kurtosis": 14.112595528881034
  },
  "test": {
    "RMSE": 35443.24431818629,
    "MAE": 20546.35308358296,
    "MAPE_pct": 7.599690074204194,
    "R2": 0.9164441987415479,
    "residual_skew": -0.9644989489265929,
    "residual_kurtosis": 29.257544989748453
  },
  "log_target": true
}