{
  "train": {
    "RMSE": 24101.02704382564,
    "MAE": 16283.090889047928,
    "MAPE_pct": 6.192172256462766,
    "R2": 0.9610743970037513,
    "residual_skew": 0.8629872439986285,
    "residual_kurtosis": 10.868489343178936
  },
  "test": {
    "RMSE": 34744.396339495295,
    "MAE": 20261.1839183737,
    "MAPE_pct": 7.545658530040271,
    "R2": 0.9197067175846889,
    "residual_skew": -0.8608904059281193,
    "residual_kurtosis": 28.36235081611789
  },
  "log_target": true
}