{
  "train": {
    "RMSE": 21886.587299857714,
    "MAE": 15164.166469398599,
    "MAPE_pct": 5.698761925525556,
    "R2": 0.9678988680718049,
    "residual_skew": 0.7654502604437642,
    "residual_kurtosis": 8.478857773792758
  },
  "test": {
    "RMSE": 32627.998658652785,
    "MAE": 19826.4427018057,
    "MAPE_pct": 7.530802517870532,
    "R2": 0.9291906605715766,
    "residual_skew": -1.1750727712452655,
    "residual_kurtosis": 22.573106331070555
  },
  "log_target": true
}