{
  "train": {
    "RMSE": 34926.128286528314,
    "MAE": 21186.054275379825,
    "MAPE_pct": 7.981631448183249,
    "R2": 0.9182542583088475,
    "residual_skew": 0.3014732875784757,
    "residual_kurtosis": 34.73491937729683
  },
  "test": {
    "RMSE": 41511.30091960877,
    "MAE": 22917.845033336565,
    "MAPE_pct": 8.354517787629366,
    "R2": 0.885384762360204,
    "residual_skew": -2.054691289895333,
    "residual_kurtosis": 48.649899997503965
  },
  "log_target": true
}