{
  "train": {
    "RMSE": 24077.60823928229,
    "MAE": 16232.733600552832,
    "MAPE_pct": 6.164326485829091,
    "R2": 0.9611500077396096,
    "residual_skew": 0.8419978371963692,
    "residual_kurtosis": 10.53393959007553
  },
  "test": {
    "RMSE": 34615.71230906951,
    "MAE": 20138.313580449085,
    "MAPE_pct": 7.459729973865965,
    "R2": 0.9203003862007557,
    "residual_skew": -1.2917386786520286,
    "residual_kurtosis": 31.60772648079562
  },
  "log_target": true
}