{
  "train": {
    "RMSE": 2094.8920022484135,
    "MAE": 1549.2184628356188,
    "MAPE_pct": 0.6769880461747857,
    "R2": 0.9996858765945181
  },
  "test": {
    "RMSE": 35559.97782934934,
    "MAE": 20969.186143081857,
    "MAPE_pct": 7.345463262393191,
    "R2": 0.9317361459772504
  }
}