{
  "train": {
    "RMSE": 23387.420055728897,
    "MAE": 15984.831124369279,
    "MAPE_pct": 6.044687702378279,
    "R2": 0.9633453665547357,
    "residual_skew": 0.8681097804443895,
    "residual_kurtosis": 9.340478480367779
  },
  "test": {
    "RMSE": 33060.27733622952,
    "MAE": 19965.536323171804,
    "MAPE_pct": 7.561091212847487,
    "R2": 0.9273019676641578,
    "residual_skew": -0.8333617646693362,
    "residual_kurtosis": 23.133280073817907
  },
  "log_target": true
}