{
  "train": {
    "RMSE": 34935.993568027654,
    "MAE": 21462.834101387056,
    "MAPE_pct": 8.080854207153017,
    "R2": 0.9182080717609842,
    "residual_skew": 1.248561736416021,
    "residual_kurtosis": 25.97604150117953
  },
  "test": {
    "RMSE": 41846.88161448869,
    "MAE": 23591.729756117144,
    "MAPE_pct": 8.552210308275432,
    "R2": 0.8835241543880064,
    "residual_skew": -0.27383365728426723,
    "residual_kurtosis": 28.451524193072096
  },
  "log_target": true
}