{
  "train": {
    "RMSE": 34643.16404600425,
    "MAE": 21278.106589024505,
    "MAPE_pct": 8.0114972538544,
    "R2": 0.9195734666534845,
    "residual_skew": 1.4716051022714953,
    "residual_kurtosis": 23.616568249332904
  },
  "test": {
    "RMSE": 42068.47556151266,
    "MAE": 23206.74448827302,
    "MAPE_pct": 8.39820208998927,
    "R2": 0.8822873272323775,
    "residual_skew": -0.712322207142573,
    "residual_kurtosis": 36.24210418234695
  },
  "log_target": true
}