{
  "train": {
    "RMSE": 36029.08616603821,
    "MAE": 21212.324713190425,
    "MAPE_pct": 8.031815852909649,
    "R2": 0.913009717205576,
    "residual_skew": 0.962549201733642,
    "residual_kurtosis": 37.63621001812732
  },
  "test": {
    "RMSE": 41403.58980671732,
    "MAE": 22947.34920434103,
    "MAPE_pct": 8.29335894234578,
    "R2": 0.8859787846167206,
    "residual_skew": -1.140636765974604,
    "residual_kurtosis": 41.35157197870745
  },
  "log_target": true
}