{
  "train": {
    "RMSE": 16736.000147550476,
    "MAE": 11692.122806026144,
    "MAPE_pct": 4.376801877216605,
    "R2": 0.9812298565853415,
    "residual_skew": 0.8102583100654117,
    "residual_kurtosis": 7.731334756413639
  },
  "test": {
    "RMSE": 32136.229149764447,
    "MAE": 19828.899903088917,
    "MAPE_pct": 7.395579752234835,
    "R2": 0.9313090532212065,
    "residual_skew": -0.042791908532121954,
    "residual_kurtosis": 14.125491048775407
  },
  "log_target": true
}