{
  "train": {
    "RMSE": 46548.8391419207,
    "MAE": 26743.29760447083,
    "MAPE_pct": 10.077659175870034,
    "R2": 0.8547948705034977,
    "residual_skew": 3.4794182378119163,
    "residual_kurtosis": 33.656260406972606
  },
  "test": {
    "RMSE": 47321.009580283055,
    "MAE": 27351.86946959856,
    "MAPE_pct": 9.747854867386952,
    "R2": 0.8510578308221842,
    "residual_skew": 2.0995234674374625,
    "residual_kurtosis": 16.1168126638767
  },
  "log_target": true
}