{
  "train": {
    "RMSE": 34095.55289699066,
    "MAE": 20214.024122234085,
    "MAPE_pct": 7.643009048892395,
    "R2": 0.9220960060160021,
    "residual_skew": 0.12513108870346218,
    "residual_kurtosis": 41.30409628111033
  },
  "test": {
    "RMSE": 40896.105378531945,
    "MAE": 22185.317274545778,
    "MAPE_pct": 7.985047295847759,
    "R2": 0.888756774237855,
    "residual_skew": -1.9253369693977815,
    "residual_kurtosis": 49.78608017824626
  },
  "log_target": true
}