{
  "train": {
    "RMSE": 38517.97883443395,
    "MAE": 22447.360348869996,
    "MAPE_pct": 8.387424052554877,
    "R2": 0.9005760005368626,
    "residual_skew": 2.48230310079989,
    "residual_kurtosis": 31.98663280948324
  },
  "test": {
    "RMSE": 41841.12052156327,
    "MAE": 23581.43240282644,
    "MAPE_pct": 8.46382569972606,
    "R2": 0.883556222821962,
    "residual_skew": 0.7840517146826061,
    "residual_kurtosis": 22.737166135180495
  },
  "log_target": true
}