{
  "train": {
    "RMSE": 39876.716941506806,
    "MAE": 23349.03181857022,
    "MAPE_pct": 8.756408854983677,
    "R2": 0.8934378338736487,
    "residual_skew": 2.2804108867696167,
    "residual_kurtosis": 31.55610149856514
  },
  "test": {
    "RMSE": 43437.39002580555,
    "MAE": 24381.542195406386,
    "MAPE_pct": 8.782070230032234,
    "R2": 0.8745019100093127,
    "residual_skew": 0.5185753121394647,
    "residual_kurtosis": 24.53279196375488
  },
  "log_target": true
}