{
  "train": {
    "RMSE": 20605.384461263155,
    "MAE": 13430.842325338022,
    "MAPE_pct": 5.055319825376871,
    "R2": 0.9715471553203033,
    "residual_skew": 1.3254296616358916,
    "residual_kurtosis": 15.811633645464514
  },
  "test": {
    "RMSE": 32105.589536408304,
    "MAE": 19581.76658330283,
    "MAPE_pct": 7.288540972930256,
    "R2": 0.9314399746629648,
    "residual_skew": -0.557213747495326,
    "residual_kurtosis": 19.029463582143734
  },
  "log_target": true
}