{
  "train": {
    "RMSE": 32660.150967363104,
    "MAE": 20174.431223884123,
    "MAPE_pct": 7.636753049188069,
    "R2": 0.9285173532351778,
    "residual_skew": 0.4861041110472545,
    "residual_kurtosis": 29.697439119399974
  },
  "test": {
    "RMSE": 40310.755223601795,
    "MAE": 22111.736336021007,
    "MAPE_pct": 8.097475297543006,
    "R2": 0.8919184558271541,
    "residual_skew": -2.5137643207600413,
    "residual_kurtosis": 53.40580695978071
  },
  "log_target": true
}