{
  "train": {
    "RMSE": 30789.7976587355,
    "MAE": 19618.609730971602,
    "MAPE_pct": 7.390236353318964,
    "R2": 0.9364701370312662,
    "residual_skew": 1.1567911772889181,
    "residual_kurtosis": 18.038077863407015
  },
  "test": {
    "RMSE": 38175.8820931885,
    "MAE": 21607.882558342822,
    "MAPE_pct": 7.911166960018422,
    "R2": 0.9030633889082325,
    "residual_skew": -1.183469301187574,
    "residual_kurtosis": 36.43874586689977
  },
  "log_target": true
}