{
  "train": {
    "RMSE": 22085.854036507993,
    "MAE": 14801.115647329712,
    "MAPE_pct": 5.593443464821332,
    "R2": 0.9673116767403892,
    "residual_skew": 1.0478430604146869,
    "residual_kurtosis": 11.111675482387145
  },
  "test": {
    "RMSE": 35073.646157385585,
    "MAE": 20048.086402202975,
    "MAPE_pct": 7.382916059697841,
    "R2": 0.9181777337879906,
    "residual_skew": -0.731561910297305,
    "residual_kurtosis": 30.801158695809924
  },
  "log_target": true
}