{
  "train": {
    "RMSE": 24302.902686503374,
    "MAE": 16377.699665162407,
    "MAPE_pct": 6.219552198080021,
    "R2": 0.9604195666641849,
    "residual_skew": 0.8671529878686132,
    "residual_kurtosis": 10.484982144639151
  },
  "test": {
    "RMSE": 34889.36805601524,
    "MAE": 20577.973741316888,
    "MAPE_pct": 7.714250599792099,
    "R2": 0.9190352689018099,
    "residual_skew": -1.286310222821539,
    "residual_kurtosis": 31.046029252062134
  },
  "log_target": true
}