{
  "train": {
    "RMSE": 24215.302023322565,
    "MAE": 16193.84040659518,
    "MAPE_pct": 6.08783591514305,
    "R2": 0.960704390522622,
    "residual_skew": 1.1076441342848773,
    "residual_kurtosis": 11.167124844834873
  },
  "test": {
    "RMSE": 32922.42298037019,
    "MAE": 19961.064063236183,
    "MAPE_pct": 7.488495007473325,
    "R2": 0.9279069744552674,
    "residual_skew": -0.3894061039401658,
    "residual_kurtosis": 20.050770574153063
  },
  "log_target": true
}