{
  "train": {
    "RMSE": 24543.226082229965,
    "MAE": 15678.066513761767,
    "MAPE_pct": 5.947624218146036,
    "R2": 0.9596329005363977,
    "residual_skew": 0.9804765383304859,
    "residual_kurtosis": 18.173602699072344
  },
  "test": {
    "RMSE": 35974.53414641115,
    "MAE": 20438.718114293973,
    "MAPE_pct": 7.571220991133389,
    "R2": 0.913920441899131,
    "residual_skew": -1.7184818233357537,
    "residual_kurtosis": 38.07618582755766
  },
  "log_target": true
}