{
  "train": {
    "RMSE": 23240.812690694685,
    "MAE": 15078.316754360014,
    "MAPE_pct": 5.643787234600059,
    "R2": 0.9638034757327163,
    "residual_skew": 1.563067395895287,
    "residual_kurtosis": 16.280887627035206
  },
  "test": {
    "RMSE": 35281.867890920614,
    "MAE": 19961.334529928412,
    "MAPE_pct": 7.351757323568013,
    "R2": 0.9172033414287819,
    "residual_skew": -0.688289741087461,
    "residual_kurtosis": 31.6791812981066
  },
  "log_target": true
}