{
  "train": {
    "RMSE": 42923.11260656444,
    "MAE": 24810.185507485374,
    "MAPE_pct": 9.338971031087398,
    "R2": 0.8765342030035816,
    "residual_skew": 3.0033829511495003,
    "residual_kurtosis": 34.30714382298452
  },
  "test": {
    "RMSE": 44433.389021347306,
    "MAE": 25370.435571268965,
    "MAPE_pct": 9.096138794813577,
    "R2": 0.868680702933047,
    "residual_skew": 1.460530827419052,
    "residual_kurtosis": 19.176458737307037
  },
  "log_target": true
}