{
  "train": {
    "RMSE": 35183.436376424615,
    "MAE": 21404.936902754085,
    "MAPE_pct": 8.067434386268646,
    "R2": 0.9170453455527832,
    "residual_skew": 1.7546400816546275,
    "residual_kurtosis": 25.749764785281073
  },
  "test": {
    "RMSE": 40808.677882340846,
    "MAE": 23313.2512919964,
    "MAPE_pct": 8.437300386830648,
    "R2": 0.8892318962971141,
    "residual_skew": -0.08541747374891781,
    "residual_kurtosis": 27.319491291844137
  },
  "log_target": true
}