{
  "train": {
    "RMSE": 25049.53088202378,
    "MAE": 16182.83064567084,
    "MAPE_pct": 6.140205580345632,
    "R2": 0.9579502476079075,
    "residual_skew": 1.0582740909941064,
    "residual_kurtosis": 15.3256580976327
  },
  "test": {
    "RMSE": 34725.279734272815,
    "MAE": 20625.07043566582,
    "MAPE_pct": 7.628094345715026,
    "R2": 0.9197950491073366,
    "residual_skew": -0.36804105333121007,
    "residual_kurtosis": 24.90740969636382
  },
  "log_target": true
}