{
  "train": {
    "RMSE": 37085.078365402085,
    "MAE": 22437.74958299424,
    "MAPE_pct": 8.468668859818147,
    "R2": 0.9078357165352582,
    "residual_skew": 1.0133386483523554,
    "residual_kurtosis": 27.109878040898874
  },
  "test": {
    "RMSE": 43026.04576740022,
    "MAE": 23694.335201095433,
    "MAPE_pct": 8.56419471983836,
    "R2": 0.8768675442639274,
    "residual_skew": -1.2506947873053142,
    "residual_kurtosis": 42.29369962068631
  },
  "log_target": true
}