{
  "train": {
    "RMSE": 23168.81988149515,
    "MAE": 15112.453348024634,
    "MAPE_pct": 5.67057635138423,
    "R2": 0.9640273795507417,
    "residual_skew": 1.4682737953494125,
    "residual_kurtosis": 14.822136697129356
  },
  "test": {
    "RMSE": 35425.38990037867,
    "MAE": 20267.551807009157,
    "MAPE_pct": 7.492661637563273,
    "R2": 0.916528359458763,
    "residual_skew": -0.3942542607456661,
    "residual_kurtosis": 26.270016670229083
  },
  "log_target": true
}