{
  "train": {
    "RMSE": 33884.62905432383,
    "MAE": 20474.867935029957,
    "MAPE_pct": 7.717288504246874,
    "R2": 0.9230568928579324,
    "residual_skew": 0.2737251064540728,
    "residual_kurtosis": 33.83653372544114
  },
  "test": {
    "RMSE": 43502.2722851658,
    "MAE": 23159.716945365446,
    "MAPE_pct": 8.319144580883313,
    "R2": 0.8741267179959925,
    "residual_skew": -2.084110684887533,
    "residual_kurtosis": 53.27233932986551
  },
  "log_target": true
}