{
  "train": {
    "RMSE": 29189.341402629412,
    "MAE": 17533.78629998728,
    "MAPE_pct": 6.552226805508704,
    "R2": 0.9429030590219137,
    "residual_skew": 1.3204981063601129,
    "residual_kurtosis": 31.654558169608052
  },
  "test": {
    "RMSE": 37239.81287339552,
    "MAE": 20871.975919607332,
    "MAPE_pct": 7.554906747734741,
    "R2": 0.9077588621902162,
    "residual_skew": -1.0168855008503264,
    "residual_kurtosis": 37.111967910091714
  },
  "log_target": true
}