{
  "train": {
    "RMSE": 35496.05978972862,
    "MAE": 21612.974433475327,
    "MAPE_pct": 8.143662051144476,
    "R2": 0.9155646042366443,
    "residual_skew": 0.8039530161310569,
    "residual_kurtosis": 28.48544923876897
  },
  "test": {
    "RMSE": 42857.29138784384,
    "MAE": 23535.23344280537,
    "MAPE_pct": 8.494157940307847,
    "R2": 0.8778315367201884,
    "residual_skew": -1.2549584831197027,
    "residual_kurtosis": 41.48162908725305
  },
  "log_target": true
}