{
  "train": {
    "RMSE": 30999.976845729507,
    "MAE": 19220.212046022745,
    "MAPE_pct": 7.186603079868147,
    "R2": 0.9355998338581668,
    "residual_skew": 1.7675390701138751,
    "residual_kurtosis": 22.060013882328942
  },
  "test": {
    "RMSE": 39627.78127347807,
    "MAE": 22129.19599858771,
    "MAPE_pct": 7.996045748479484,
    "R2": 0.8955498216645736,
    "residual_skew": -0.3235534792491659,
    "residual_kurtosis": 29.748053502036427
  },
  "log_target": true
}