{
  "train": {
    "RMSE": 35882.8141356556,
    "MAE": 21692.955797206207,
    "MAPE_pct": 8.15707917290576,
    "R2": 0.9137146152471993,
    "residual_skew": 1.8560812089124827,
    "residual_kurtosis": 26.206103418761654
  },
  "test": {
    "RMSE": 40936.93900907722,
    "MAE": 23009.008636127375,
    "MAPE_pct": 8.297199208547825,
    "R2": 0.8885345167635984,
    "residual_skew": 0.17719997974221605,
    "residual_kurtosis": 27.1329646950988
  },
  "log_target": true
}