{
  "train": {
    "RMSE": 36243.36992453741,
    "MAE": 21522.326170951554,
    "MAPE_pct": 8.104307844737123,
    "R2": 0.9119718869724626,
    "residual_skew": 1.0932064772853438,
    "residual_kurtosis": 36.77861054367647
  },
  "test": {
    "RMSE": 40587.03890403783,
    "MAE": 22584.35610179586,
    "MAPE_pct": 8.133333658878556,
    "R2": 0.890431830307287,
    "residual_skew": -1.155417520933974,
    "residual_kurtosis": 41.14216427916313
  },
  "log_target": true
}