{
  "train": {
    "RMSE": 23828.875009690128,
    "MAE": 15811.593905563834,
    "MAPE_pct": 5.982403901679896,
    "R2": 0.9619485397841474,
    "residual_skew": 1.1881425162137522,
    "residual_kurtosis": 13.542778150446598
  },
  "test": {
    "RMSE": 33381.295325856474,
    "MAE": 19961.92028752037,
    "MAPE_pct": 7.418206306022461,
    "R2": 0.9258833056326814,
    "residual_skew": -0.5746739045282414,
    "residual_kurtosis": 23.911527396647244
  },
  "log_target": true
}