{
  "train": {
    "RMSE": 10259.000274948887,
    "MAE": 7043.8256312396015,
    "MAPE_pct": 2.6586238208860418,
    "R2": 0.9929469927256034,
    "residual_skew": 0.8432205825669605,
    "residual_kurtosis": 8.818622294278285
  },
  "test": {
    "RMSE": 31543.557332182118,
    "MAE": 19954.25969807252,
    "MAPE_pct": 7.590571749261489,
    "R2": 0.9338193527600054,
    "residual_skew": 0.3920143062756852,
    "residual_kurtosis": 12.115328071666461
  },
  "log_target": true
}