{
  "train": {
    "RMSE": 21829.72634191959,
    "MAE": 14948.826362097087,
    "MAPE_pct": 5.646105684853545,
    "R2": 0.9680654477251536,
    "residual_skew": 0.9421787180191609,
    "residual_kurtosis": 9.745706599804183
  },
  "test": {
    "RMSE": 33066.404154642216,
    "MAE": 19684.28690130731,
    "MAPE_pct": 7.380313757527725,
    "R2": 0.9272750199824662,
    "residual_skew": -0.9625349396543157,
    "residual_kurtosis": 24.68344677264325
  },
  "log_target": true
}