{
  "train": {
    "RMSE": 47418.30294533335,
    "MAE": 27360.208227943487,
    "MAPE_pct": 10.288887256658102,
    "R2": 0.8493197740564286,
    "residual_skew": 3.3489117024458945,
    "residual_kurtosis": 31.550944821922343
  },
  "test": {
    "RMSE": 47691.239716617376,
    "MAE": 27339.241251887266,
    "MAPE_pct": 9.76484274452887,
    "R2": 0.8487181261736603,
    "residual_skew": 2.145661649889349,
    "residual_kurtosis": 16.092946361348496
  },
  "log_target": true
}