{
  "train": {
    "RMSE": 31957.432669857822,
    "MAE": 19673.75404502594,
    "MAPE_pct": 7.417917585035955,
    "R2": 0.9315603131010132,
    "residual_skew": 1.3791400909669054,
    "residual_kurtosis": 27.55095384952684
  },
  "test": {
    "RMSE": 39248.12528266951,
    "MAE": 22136.530637169322,
    "MAPE_pct": 8.069232155960576,
    "R2": 0.897541615080505,
    "residual_skew": -1.0169480698643205,
    "residual_kurtosis": 35.76335769178214
  },
  "log_target": true
}