{
  "train": {
    "RMSE": 25899.61605368784,
    "MAE": 17192.541451969424,
    "MAPE_pct": 6.536026432816643,
    "R2": 0.9550478052306205,
    "residual_skew": 1.1755784736455437,
    "residual_kurtosis": 12.8410176190296
  },
  "test": {
    "RMSE": 35622.14064963443,
    "MAE": 20784.5411728935,
    "MAPE_pct": 7.661621700472519,
    "R2": 0.9155985904765599,
    "residual_skew": -0.9871333184510236,
    "residual_kurtosis": 28.294828758582668
  },
  "log_target": true
}