{
  "train": {
    "RMSE": 39365.533100351604,
    "MAE": 22715.642690978268,
    "MAPE_pct": 8.52891744673977,
    "R2": 0.896152385867933,
    "residual_skew": 2.576506194836463,
    "residual_kurtosis": 35.34779941483948
  },
  "test": {
    "RMSE": 42388.402817403716,
    "MAE": 23567.944853860674,
    "MAPE_pct": 8.398963790053669,
    "R2": 0.8804901291865521,
    "residual_skew": 0.7519168082272235,
    "residual_kurtosis": 24.78976001646209
  },
  "log_target": true
}