{
  "train": {
    "RMSE": 5962.525441414572,
    "MAE": 4214.204471521125,
    "MAPE_pct": 1.6126466863548665,
    "R2": 0.9974552946089176,
    "residual_skew": 0.43731113935031524,
    "residual_kurtosis": 5.816157450001052
  },
  "test": {
    "RMSE": 36378.012561551106,
    "MAE": 21395.49345106479,
    "MAPE_pct": 7.364880783832735,
    "R2": 0.9285592873723367,
    "residual_skew": 1.059865320742972,
    "residual_kurtosis": 13.791281147247552
  },
  "log_target": true
}