{
  "train": {
    "RMSE": 29981.097755217168,
    "MAE": 19000.28505333548,
    "MAPE_pct": 7.125786455050497,
    "R2": 0.9397635582221525,
    "residual_skew": 1.3418302347494642,
    "residual_kurtosis": 19.243870634282377
  },
  "test": {
    "RMSE": 40937.06652327563,
    "MAE": 22909.35318641471,
    "MAPE_pct": 8.370336439560166,
    "R2": 0.8885338223563356,
    "residual_skew": -1.2753355540868423,
    "residual_kurtosis": 37.100689727624065
  },
  "log_target": true
}