{
  "train": {
    "RMSE": 35899.02848994733,
    "MAE": 21550.542379598483,
    "MAPE_pct": 8.10125234459206,
    "R2": 0.913636618137493,
    "residual_skew": 1.1045454710281215,
    "residual_kurtosis": 30.30918803271109
  },
  "test": {
    "RMSE": 41550.06591006722,
    "MAE": 23321.869825398226,
    "MAPE_pct": 8.504171749488076,
    "R2": 0.8851705973953835,
    "residual_skew": -0.6666623920647499,
    "residual_kurtosis": 33.40367238710082
  },
  "log_target": true
}