{
  "train": {
    "RMSE": 37247.108885795744,
    "MAE": 22055.341843934617,
    "MAPE_pct": 8.289123680072844,
    "R2": 0.9070285967602747,
    "residual_skew": 1.478042883948077,
    "residual_kurtosis": 32.621500388877436
  },
  "test": {
    "RMSE": 41671.00978276734,
    "MAE": 23003.857719617044,
    "MAPE_pct": 8.272105059606778,
    "R2": 0.8845011339514923,
    "residual_skew": -0.581288692594756,
    "residual_kurtosis": 36.50893088996271
  },
  "log_target": true
}