{
  "train": {
    "RMSE": 29513.713613926215,
    "MAE": 18133.118429857597,
    "MAPE_pct": 6.7973177550658885,
    "R2": 0.941627006372202,
    "residual_skew": 0.8154038863080716,
    "residual_kurtosis": 25.880990096113745
  },
  "test": {
    "RMSE": 40371.92707542018,
    "MAE": 21700.385724273056,
    "MAPE_pct": 7.896412787295313,
    "R2": 0.8915901779418618,
    "residual_skew": -1.5992728355345314,
    "residual_kurtosis": 45.498266749782935
  },
  "log_target": true
}