{
  "train": {
    "RMSE": 25873.61114695024,
    "MAE": 16545.22407312347,
    "MAPE_pct": 6.2705242099343526,
    "R2": 0.9551380297934283,
    "residual_skew": 1.2616720904807828,
    "residual_kurtosis": 18.640043996396212
  },
  "test": {
    "RMSE": 33998.309372902535,
    "MAE": 20274.773003822633,
    "MAPE_pct": 7.515462021719696,
    "R2": 0.9231180633976511,
    "residual_skew": -0.9033402637785619,
    "residual_kurtosis": 28.222444312955297
  },
  "log_target": true
}