{
  "train": {
    "RMSE": 1270.6356688332519,
    "MAE": 859.535159616577,
    "MAPE_pct": 0.33071366032257166,
    "R2": 0.9998844369209371,
    "residual_skew": 0.18883489965163117,
    "residual_kurtosis": 4.730619019947335
  },
  "test": {
    "RMSE": 37170.96636398661,
    "MAE": 21936.420141988558,
    "MAPE_pct": 7.541659418550567,
    "R2": 0.9254108694589747,
    "residual_skew": 1.1004550760493694,
    "residual_kurtosis": 15.536324103021212
  },
  "log_target": true
}

