{
  "train": {
    "RMSE": 37792.5297471729,
    "MAE": 22734.746233992308,
    "MAPE_pct": 8.54063444038676,
    "R2": 0.9042858435773213,
    "residual_skew": 1.3837643550163414,
    "residual_kurtosis": 29.321741453367878
  },
  "test": {
    "RMSE": 42422.71267231997,
    "MAE": 23744.667622189085,
    "MAPE_pct": 8.574934235232062,
    "R2": 0.8802965844664283,
    "residual_skew": -0.2374174330521675,
    "residual_kurtosis": 30.562632146921516
  },
  "log_target": true
}