{
  "train": {
    "RMSE": 46125.216753837165,
    "MAE": 26983.35735801717,
    "MAPE_pct": 10.190601662493554,
    "R2": 0.8574257522236672,
    "residual_skew": 2.9374248818034534,
    "residual_kurtosis": 29.119345178840803
  },
  "test": {
    "RMSE": 47363.291048568,
    "MAE": 27462.422743357347,
    "MAPE_pct": 9.823697483156343,
    "R2": 0.8507915513377329,
    "residual_skew": 1.7288010426876197,
    "residual_kurtosis": 16.445517278245006
  },
  "log_target": true
}