{
  "train": {
    "RMSE": 22007.717788079815,
    "MAE": 14339.371758403333,
    "MAPE_pct": 5.411002028172265,
    "R2": 0.9675425598084733,
    "residual_skew": 1.095348054109263,
    "residual_kurtosis": 16.01754920762896
  },
  "test": {
    "RMSE": 35892.30309451489,
    "MAE": 20643.30303172339,
    "MAPE_pct": 7.648228000840163,
    "R2": 0.9143135156561073,
    "residual_skew": -1.028594471110313,
    "residual_kurtosis": 32.43743286728779
  },
  "log_target": true
}