{
  "train": {
    "RMSE": 50544.33043228413,
    "MAE": 29327.341911928652,
    "MAPE_pct": 11.107366973080833,
    "R2": 0.8287978775849473,
    "residual_skew": 3.4181474227391733,
    "residual_kurtosis": 29.361599903390598
  },
  "test": {
    "RMSE": 50680.678738941,
    "MAE": 29270.69256069147,
    "MAPE_pct": 10.443315813846235,
    "R2": 0.8291580513526798,
    "residual_skew": 2.382531998378809,
    "residual_kurtosis": 14.899508854208351
  },
  "log_target": true
}