{
  "train": {
    "RMSE": 24662.848367234557,
    "MAE": 16088.592317009354,
    "MAPE_pct": 6.07798626229484,
    "R2": 0.9592384477191515,
    "residual_skew": 1.0956472077038975,
    "residual_kurtosis": 15.271515353516818
  },
  "test": {
    "RMSE": 34952.07367964487,
    "MAE": 20594.494015991375,
    "MAPE_pct": 7.597857535837527,
    "R2": 0.9187439763643496,
    "residual_skew": -0.8264680922311882,
    "residual_kurtosis": 26.19179266900955
  },
  "log_target": true
}