{
  "train": {
    "RMSE": 50905.52052989037,
    "MAE": 29433.82549328903,
    "MAPE_pct": 11.09958365841824,
    "R2": 0.8263423122299138,
    "residual_skew": 3.4707797920884387,
    "residual_kurtosis": 29.886952095159337
  },
  "test": {
    "RMSE": 50880.466429877335,
    "MAE": 29330.82076453943,
    "MAPE_pct": 10.449570460785008,
    "R2": 0.827808448498417,
    "residual_skew": 2.471231513721912,
    "residual_kurtosis": 15.319617712913926
  },
  "log_target": true
}