{
  "train": {
    "RMSE": 26299.377010022585,
    "MAE": 17138.35067709478,
    "MAPE_pct": 6.479348102051885,
    "R2": 0.9536494202536312,
    "residual_skew": 1.1913343624324784,
    "residual_kurtosis": 15.239398463500038
  },
  "test": {
    "RMSE": 35218.55459721003,
    "MAE": 20545.30577506955,
    "MAPE_pct": 7.613122338475319,
    "R2": 0.91750023192673,
    "residual_skew": -0.6358572826730622,
    "residual_kurtosis": 26.39436138337109
  },
  "log_target": true
}