{
  "train": {
    "RMSE": 23571.69971831901,
    "MAE": 15287.247738823495,
    "MAPE_pct": 5.787711512979294,
    "R2": 0.962765455209923,
    "residual_skew": 1.0490793379197323,
    "residual_kurtosis": 17.87212968914464
  },
  "test": {
    "RMSE": 35383.77964410064,
    "MAE": 20441.37613740779,
    "MAPE_pct": 7.568925309899272,
    "R2": 0.9167243339578082,
    "residual_skew": -0.04584362629778698,
    "residual_kurtosis": 24.672136145637666
  },
  "log_target": true
}