{
  "train": {
    "RMSE": 34309.92933305273,
    "MAE": 20571.10403888327,
    "MAPE_pct": 7.683336273797931,
    "R2": 0.9211132805636016,
    "residual_skew": 2.1736469883472354,
    "residual_kurtosis": 33.05195728894318
  },
  "test": {
    "RMSE": 39453.63267134231,
    "MAE": 22492.051943943694,
    "MAPE_pct": 8.171882926203361,
    "R2": 0.8964658398377996,
    "residual_skew": 0.40101629741779055,
    "residual_kurtosis": 22.90723621712022
  },
  "log_target": true
}