{
  "R2": {
    "mean": 0.9274178211549546,
    "sd": 0.0030019723795033583
  },
  "RMSE": {
    "mean": 32477.09702976555,
    "sd": 527.2151737091201
  },
  "MAE": {
    "mean": 19903.250419168344,
    "sd": 101.92282237935652
  },
  "MAPE": {
    "mean": 7.866724300753783,
    "sd": 0.033692631022978856
  },
  "n_splits": 10,
  "repeats": 10,
  "seed_base": 42,
  "one_hot": true
}