{
  "train": {
    "RMSE": 24234.122813138343,
    "MAE": 15741.657771991955,
    "MAPE_pct": 5.919586814639936,
    "R2": 0.9606432835569032,
    "residual_skew": 1.4063635700708441,
    "residual_kurtosis": 17.19729788937398
  },
  "test": {
    "RMSE": 33774.66389016085,
    "MAE": 20341.9292344386,
    "MAPE_pct": 7.625138641400492,
    "R2": 0.9241262161518304,
    "residual_skew": -0.31916855941042593,
    "residual_kurtosis": 22.628866457485373
  },
  "log_target": true
}