{
  "train": {
    "RMSE": 27891.847055522827,
    "MAE": 17307.76702955164,
    "MAPE_pct": 6.5130227115269985,
    "R2": 0.9478662699231292,
    "residual_skew": 1.1903559834212574,
    "residual_kurtosis": 23.439046176125945
  },
  "test": {
    "RMSE": 38629.45019263929,
    "MAE": 21239.761523581517,
    "MAPE_pct": 7.7718361871602655,
    "R2": 0.9007462954785559,
    "residual_skew": -1.770774088204214,
    "residual_kurtosis": 43.77950770508662
  },
  "log_target": true
}