{
  "train": {
    "RMSE": 10369.879339455621,
    "MAE": 7284.63244736252,
    "MAPE_pct": 2.7628026141926236,
    "R2": 0.9927937113308952,
    "residual_skew": 0.7710661185646661,
    "residual_kurtosis": 8.06033226432847
  },
  "test": {
    "RMSE": 32405.24023161178,
    "MAE": 20155.558695199386,
    "MAPE_pct": 7.584613086033569,
    "R2": 0.930154221536582,
    "residual_skew": 0.42230029195660534,
    "residual_kurtosis": 11.332461829736772
  },
  "log_target": true
}