{
  "train": {
    "RMSE": 19776.70879957343,
    "MAE": 12828.401450526182,
    "MAPE_pct": 4.8120314555151,
    "R2": 0.973789682213914,
    "residual_skew": 1.1692339102328597,
    "residual_kurtosis": 15.29813370930313
  },
  "test": {
    "RMSE": 32797.553945064756,
    "MAE": 20035.824473460852,
    "MAPE_pct": 7.44713150126911,
    "R2": 0.9284528100210114,
    "residual_skew": -0.19890126218835041,
    "residual_kurtosis": 18.139040953239146
  },
  "log_target": true
}