{
  "train": {
    "RMSE": 41928.473381981705,
    "MAE": 24358.279930569526,
    "MAPE_pct": 9.177372829846796,
    "R2": 0.8821899476774543,
    "residual_skew": 2.5698353746725204,
    "residual_kurtosis": 32.05229529689127
  },
  "test": {
    "RMSE": 43950.76868569332,
    "MAE": 24782.288789458133,
    "MAPE_pct": 8.882583115635306,
    "R2": 0.8715179013980496,
    "residual_skew": 1.144932590559278,
    "residual_kurtosis": 21.577649771527405
  },
  "log_target": true
}