{
  "train": {
    "RMSE": 38023.724373825375,
    "MAE": 23051.087177711175,
    "MAPE_pct": 8.72363835342701,
    "R2": 0.9031112048688036,
    "residual_skew": 1.2611303018141096,
    "residual_kurtosis": 28.51318939160176
  },
  "test": {
    "RMSE": 43046.11053015025,
    "MAE": 23904.775420552924,
    "MAPE_pct": 8.613778363255177,
    "R2": 0.8767526743267866,
    "residual_skew": -0.8618187695786923,
    "residual_kurtosis": 37.728626323011305
  },
  "log_target": true
}