{
  "train": {
    "RMSE": 26683.616761172834,
    "MAE": 17478.82702215677,
    "MAPE_pct": 6.647944127144892,
    "R2": 0.9522851417524159,
    "residual_skew": 1.1664646433655714,
    "residual_kurtosis": 16.000234511124752
  },
  "test": {
    "RMSE": 35067.37706673859,
    "MAE": 20359.14943397128,
    "MAPE_pct": 7.568373113289841,
    "R2": 0.9182069811242315,
    "residual_skew": -1.3578500208425228,
    "residual_kurtosis": 34.23221908067411
  },
  "log_target": true
}