{
  "train": {
    "RMSE": 29395.091053339733,
    "MAE": 18118.75612997339,
    "MAPE_pct": 6.834063919549606,
    "R2": 0.942095292997162,
    "residual_skew": 0.8066537306136543,
    "residual_kurtosis": 26.4436841860041
  },
  "test": {
    "RMSE": 39328.36084551369,
    "MAE": 21311.024549164038,
    "MAPE_pct": 7.787715054062694,
    "R2": 0.8971222722922898,
    "residual_skew": -1.6744615615269816,
    "residual_kurtosis": 45.826529617994666
  },
  "log_target": true
}