{
  "train": {
    "RMSE": 2408.40899604548,
    "MAE": 1715.5590352321985,
    "MAPE_pct": 0.650864796510701,
    "R2": 0.9995848189708498
  },
  "test": {
    "RMSE": 39573.2485863433,
    "MAE": 22496.362580666337,
    "MAPE_pct": 7.506827189732787,
    "R2": 0.9154582473166831
  },
  "log_target": true
}