{
  "train": {
    "RMSE": 34606.780847446746,
    "MAE": 21358.399069537674,
    "MAPE_pct": 8.037366792516213,
    "R2": 0.9197423102356632,
    "residual_skew": 1.8723771719016697,
    "residual_kurtosis": 22.519205808778054
  },
  "test": {
    "RMSE": 40987.644564062844,
    "MAE": 23330.981832349844,
    "MAPE_pct": 8.448200026474648,
    "R2": 0.8882582176736797,
    "residual_skew": 0.3211804093876479,
    "residual_kurtosis": 25.45385199828157
  },
  "log_target": true
}