{
  "train": {
    "RMSE": 36883.69075670769,
    "MAE": 21953.778374975504,
    "MAPE_pct": 8.270690307664674,
    "R2": 0.9088339804805435,
    "residual_skew": 1.222602016170733,
    "residual_kurtosis": 32.54267224828741
  },
  "test": {
    "RMSE": 41967.525848527235,
    "MAE": 23246.854872074953,
    "MAPE_pct": 8.374729167188054,
    "R2": 0.8828515883692793,
    "residual_skew": -0.5842542162015123,
    "residual_kurtosis": 36.06699425782358
  },
  "log_target": true
}