{
  "train": {
    "RMSE": 37583.068287028625,
    "MAE": 22427.616640255943,
    "MAPE_pct": 8.425104936448951,
    "R2": 0.905343876413743,
    "residual_skew": 1.5606674403293619,
    "residual_kurtosis": 30.68096133025997
  },
  "test": {
    "RMSE": 41827.40066662319,
    "MAE": 23835.42026115002,
    "MAPE_pct": 8.603714211675992,
    "R2": 0.8836325749742748,
    "residual_skew": 0.07124355628053,
    "residual_kurtosis": 27.63442436729057
  },
  "log_target": true
}