{
  "train": {
    "RMSE": 37930.70620483362,
    "MAE": 22532.40657742506,
    "MAPE_pct": 8.522874928799702,
    "R2": 0.9035846668897356,
    "residual_skew": 1.568666059627635,
    "residual_kurtosis": 31.72757522241234
  },
  "test": {
    "RMSE": 42112.00576577837,
    "MAE": 23484.19527047448,
    "MAPE_pct": 8.410676149481151,
    "R2": 0.8820435956651432,
    "residual_skew": -0.42411872453864957,
    "residual_kurtosis": 33.59150597393445
  },
  "log_target": true
}