{
  "train": {
    "RMSE": 27005.42501867022,
    "MAE": 17867.238128986293,
    "MAPE_pct": 6.785624394233884,
    "R2": 0.9511273056542793,
    "residual_skew": 1.0750695527684786,
    "residual_kurtosis": 13.043953487795449
  },
  "test": {
    "RMSE": 35279.509183509464,
    "MAE": 20486.958670483404,
    "MAPE_pct": 7.581197708339974,
    "R2": 0.9172144115095842,
    "residual_skew": -1.12447720402698,
    "residual_kurtosis": 30.57640908908288
  },
  "log_target": true
}