{
  "train": {
    "RMSE": 28030.435474283993,
    "MAE": 17122.779182298236,
    "MAPE_pct": 6.3803480838790465,
    "R2": 0.94734690085872,
    "residual_skew": 2.3771164338181188,
    "residual_kurtosis": 29.915589268483345
  },
  "test": {
    "RMSE": 35453.36046169748,
    "MAE": 20808.854505976182,
    "MAPE_pct": 7.599003510022307,
    "R2": 0.916396495258439,
    "residual_skew": 0.9398891094139807,
    "residual_kurtosis": 17.640687354425694
  },
  "log_target": true
}