{
  "train": {
    "RMSE": 49402.349576746994,
    "MAE": 28695.740052845948,
    "MAPE_pct": 10.831830748441435,
    "R2": 0.8364466448176062,
    "residual_skew": 3.4135337321183297,
    "residual_kurtosis": 30.19344099220026
  },
  "test": {
    "RMSE": 49687.1811527328,
    "MAE": 28883.563521807722,
    "MAPE_pct": 10.308227398577044,
    "R2": 0.8357904580869542,
    "residual_skew": 2.2612184091559717,
    "residual_kurtosis": 14.793109575358285
  },
  "log_target": true
}