{
  "train": {
    "RMSE": 35485.36081593876,
    "MAE": 21349.94872185548,
    "MAPE_pct": 8.024485256533728,
    "R2": 0.915615496417214,
    "residual_skew": 2.1569243491734302,
    "residual_kurtosis": 28.539949256346922
  },
  "test": {
    "RMSE": 40734.55177398969,
    "MAE": 23345.784578580377,
    "MAPE_pct": 8.433919799804144,
    "R2": 0.8896339358486536,
    "residual_skew": 0.8015937238443267,
    "residual_kurtosis": 20.605507899897574
  },
  "log_target": true
}