{
  "train": {
    "RMSE": 23827.617380505566,
    "MAE": 15699.001846964607,
    "MAPE_pct": 5.89753123978511,
    "R2": 0.9619525562023827,
    "residual_skew": 1.3967889162960943,
    "residual_kurtosis": 14.926953419166225
  },
  "test": {
    "RMSE": 33495.75456634039,
    "MAE": 19970.661069335667,
    "MAPE_pct": 7.415527910649858,
    "R2": 0.9253741651403531,
    "residual_skew": -0.2037432869408596,
    "residual_kurtosis": 21.14322389682259
  },
  "log_target": true
}