{
  "train": {
    "RMSE": 31800.983427068022,
    "MAE": 19456.49270642649,
    "MAPE_pct": 7.333591286470989,
    "R2": 0.9322287728076855,
    "residual_skew": 1.136359628991091,
    "residual_kurtosis": 28.508706435724132
  },
  "test": {
    "RMSE": 37944.98606097675,
    "MAE": 21565.311992745737,
    "MAPE_pct": 7.794428247162013,
    "R2": 0.9042324302615673,
    "residual_skew": -0.9304791565972059,
    "residual_kurtosis": 36.30317340523728
  },
  "log_target": true
}