{
  "train": {
    "RMSE": 36470.0702863978,
    "MAE": 21761.796834800785,
    "MAPE_pct": 8.154700262710408,
    "R2": 0.9108672205467399,
    "residual_skew": 2.430142556678742,
    "residual_kurtosis": 29.679280034468334
  },
  "test": {
    "RMSE": 40148.15601184043,
    "MAE": 23097.241899690885,
    "MAPE_pct": 8.355859056621744,
    "R2": 0.8927886221249214,
    "residual_skew": 0.841878503733959,
    "residual_kurtosis": 21.38479625739864
  },
  "log_target": true
}