{
  "train": {
    "RMSE": 28617.29624688756,
    "MAE": 17842.344428010532,
    "MAPE_pct": 6.785640762239977,
    "R2": 0.945119071850633,
    "residual_skew": 0.8494263391316794,
    "residual_kurtosis": 25.687794490896234
  },
  "test": {
    "RMSE": 39436.3663217834,
    "MAE": 21739.774200252636,
    "MAPE_pct": 7.880021283175437,
    "R2": 0.8965564406624975,
    "residual_skew": -1.9202422147802987,
    "residual_kurtosis": 44.549753459678506
  },
  "log_target": true
}