tier,pid,budget,objective_mip,roi,pct_net_improve,runtime_s,raw_ok
low,528344070,30985.669961447093,,,,,False
low,528344070,15625.268880566673,,,,,False
mid,528344070,49626.026142919174,,,,,False
mid,528344070,47812.3758352088,,,,,False
high,528344070,167058.90177050154,,,,,False
high,528344070,159587.43592786393,,,,,False
