{
  "train": {
    "RMSE": 15480.789322311943,
    "MAE": 10172.96368644249,
    "MAPE_pct": 3.8195467901122626,
    "R2": 0.983939818478659,
    "residual_skew": 1.1219718628655087,
    "residual_kurtosis": 13.535485160353662
  },
  "test": {
    "RMSE": 32621.260719456823,
    "MAE": 20129.649904714945,
    "MAPE_pct": 7.570361065686501,
    "R2": 0.9292199029265967,
    "residual_skew": -0.38711569545128127,
    "residual_kurtosis": 16.03207268969647
  },
  "log_target": true
}