{
  "train": {
    "RMSE": 28442.326674639768,
    "MAE": 17260.79503575969,
    "MAPE_pct": 6.498834474847752,
    "R2": 0.9457881173849375,
    "residual_skew": 1.2267446105177975,
    "residual_kurtosis": 33.09518703297104
  },
  "test": {
    "RMSE": 35794.45189104633,
    "MAE": 20618.78878978864,
    "MAPE_pct": 7.562097144432927,
    "R2": 0.9147800834579813,
    "residual_skew": -0.9361805576838524,
    "residual_kurtosis": 30.61009735149632
  },
  "log_target": true
}