{
  "train": {
    "RMSE": 24197.45597805365,
    "MAE": 15845.63195820223,
    "MAPE_pct": 5.961308478330611,
    "R2": 0.9607622888561334,
    "residual_skew": 1.3317330286407112,
    "residual_kurtosis": 15.123151387667882
  },
  "test": {
    "RMSE": 35232.89962003575,
    "MAE": 20586.02487270848,
    "MAPE_pct": 7.632469869197244,
    "R2": 0.9174330115600794,
    "residual_skew": -0.7074288950481402,
    "residual_kurtosis": 25.58171746073564
  },
  "log_target": true
}