{
  "train": {
    "RMSE": 9455.207836424102,
    "MAE": 6518.301031085706,
    "MAPE_pct": 2.4558845032525767,
    "R2": 0.9940089022157599,
    "residual_skew": 0.8651569461345452,
    "residual_kurtosis": 11.845522494270906
  },
  "test": {
    "RMSE": 31556.737289581095,
    "MAE": 19810.614020368066,
    "MAPE_pct": 7.431938673363948,
    "R2": 0.9337640362127032,
    "residual_skew": 0.17142242596800678,
    "residual_kurtosis": 14.039059072976057
  },
  "log_target": true
}