{
  "train": {
    "RMSE": 9389.731065781316,
    "MAE": 6469.013899182787,
    "MAPE_pct": 2.4507818003219874,
    "R2": 0.9940915909290907,
    "residual_skew": 0.9259729930503886,
    "residual_kurtosis": 13.147179686496667
  },
  "test": {
    "RMSE": 31133.90118669899,
    "MAE": 19484.26640181755,
    "MAPE_pct": 7.307299146810471,
    "R2": 0.93552716658079,
    "residual_skew": -0.2716604526945308,
    "residual_kurtosis": 15.203022819291531
  },
  "log_target": true
}