{
  "train": {
    "RMSE": 13049.727574161026,
    "MAE": 9015.088851903989,
    "MAPE_pct": 3.3687151400808357,
    "R2": 0.9885878587132337,
    "residual_skew": 0.8396436928332462,
    "residual_kurtosis": 9.1692398245713
  },
  "test": {
    "RMSE": 33245.70743032846,
    "MAE": 19935.95238324779,
    "MAPE_pct": 7.4556655599038955,
    "R2": 0.9264841761126941,
    "residual_skew": -0.3481792534464741,
    "residual_kurtosis": 18.207658492368694
  },
  "log_target": true
}