{
  "train": {
    "RMSE": 13603.696396875994,
    "MAE": 9500.125973496031,
    "MAPE_pct": 3.5498537651987414,
    "R2": 0.9875983888303758,
    "residual_skew": 0.8456857696651222,
    "residual_kurtosis": 8.24450296537816
  },
  "test": {
    "RMSE": 31519.745983353176,
    "MAE": 19443.837622566694,
    "MAPE_pct": 7.411804435768686,
    "R2": 0.9339192308858523,
    "residual_skew": -0.11317879762463741,
    "residual_kurtosis": 14.76464358617825
  },
  "log_target": true
}