{
  "train": {
    "RMSE": 24085.57749464662,
    "MAE": 15846.968246424325,
    "MAPE_pct": 5.990394804671882,
    "R2": 0.9611242861859506,
    "residual_skew": 1.1227976232211652,
    "residual_kurtosis": 14.448496857045683
  },
  "test": {
    "RMSE": 34709.09773955796,
    "MAE": 20785.44572451322,
    "MAPE_pct": 7.726693597296336,
    "R2": 0.9198697827708798,
    "residual_skew": -0.5759408387321502,
    "residual_kurtosis": 25.200692387194067
  },
  "log_target": true
}