{
  "train": {
    "RMSE": 40797.72449965429,
    "MAE": 24050.905838819737,
    "MAPE_pct": 9.024372588312984,
    "R2": 0.8884585898559086,
    "residual_skew": 2.6619618877820717,
    "residual_kurtosis": 30.386740343200437
  },
  "test": {
    "RMSE": 44214.95093440872,
    "MAE": 25368.253397908018,
    "MAPE_pct": 9.087245475160891,
    "R2": 0.8699686815207954,
    "residual_skew": 0.8003013480190677,
    "residual_kurtosis": 22.471432369524024
  },
  "log_target": true
}