{
  "train": {
    "RMSE": 25116.86249093174,
    "MAE": 16540.865770996716,
    "MAPE_pct": 6.235323289441331,
    "R2": 0.9577238894659879,
    "residual_skew": 1.195183236639669,
    "residual_kurtosis": 14.607229315859257
  },
  "test": {
    "RMSE": 34644.323507205045,
    "MAE": 20689.471510622996,
    "MAPE_pct": 7.6955450201596385,
    "R2": 0.9201685822500439,
    "residual_skew": -0.7297390992623949,
    "residual_kurtosis": 22.734089362604784
  },
  "log_target": true
}