{
  "train": {
    "RMSE": 32800.75457427207,
    "MAE": 20356.869701613596,
    "MAPE_pct": 7.664555913751124,
    "R2": 0.9279005555723636,
    "residual_skew": 0.5902670839498722,
    "residual_kurtosis": 26.707692683031215
  },
  "test": {
    "RMSE": 41670.056325571284,
    "MAE": 22491.795494788734,
    "MAPE_pct": 8.234608589021894,
    "R2": 0.884506419254906,
    "residual_skew": -2.3618185816672193,
    "residual_kurtosis": 54.979062817608536
  },
  "log_target": true
}