{
  "train": {
    "RMSE": 36420.344198414896,
    "MAE": 22062.033941658847,
    "MAPE_pct": 8.288412791794217,
    "R2": 0.9111101157636279,
    "residual_skew": 1.396277028319608,
    "residual_kurtosis": 25.438562366134832
  },
  "test": {
    "RMSE": 42619.016966811185,
    "MAE": 23396.53900736819,
    "MAPE_pct": 8.450788375761402,
    "R2": 0.8791862046559813,
    "residual_skew": -1.0424691832522524,
    "residual_kurtosis": 40.493006239824325
  },
  "log_target": true
}