{
  "train": {
    "RMSE": 31019.251344154665,
    "MAE": 18661.18552289473,
    "MAPE_pct": 7.027122143941951,
    "R2": 0.9355197262635372,
    "residual_skew": 0.5832857296658346,
    "residual_kurtosis": 31.64269978053568
  },
  "test": {
    "RMSE": 41062.04728095997,
    "MAE": 22014.18035527487,
    "MAPE_pct": 7.98490315806564,
    "R2": 0.887852171501948,
    "residual_skew": -1.9564026775220866,
    "residual_kurtosis": 49.82161230742745
  },
  "log_target": true
}