{
  "train": {
    "RMSE": 42644.05115318495,
    "MAE": 25143.691898801997,
    "MAPE_pct": 9.550198218441269,
    "R2": 0.8781343918447535,
    "residual_skew": 2.469667216877159,
    "residual_kurtosis": 29.228133581108345
  },
  "test": {
    "RMSE": 45129.73031659696,
    "MAE": 25651.82947364935,
    "MAPE_pct": 9.17807028251058,
    "R2": 0.8645324900753726,
    "residual_skew": 1.0268632999860061,
    "residual_kurtosis": 20.64194630754102
  },
  "log_target": true
}