{
  "train": {
    "RMSE": 13512.424747299996,
    "MAE": 9282.585741805078,
    "MAPE_pct": 3.501939941608535,
    "R2": 0.9877642435040193,
    "residual_skew": 0.8973087313167365,
    "residual_kurtosis": 11.452305129335599
  },
  "test": {
    "RMSE": 31186.20537071709,
    "MAE": 19704.478554809823,
    "MAPE_pct": 7.458687274665611,
    "R2": 0.9353103590867018,
    "residual_skew": 0.0785943004664667,
    "residual_kurtosis": 12.211811512947246
  },
  "log_target": true
}