{
  "train": {
    "RMSE": 30369.95124410244,
    "MAE": 19313.340824754574,
    "MAPE_pct": 7.3850537296556755,
    "R2": 0.9381908973849716,
    "residual_skew": 0.46407109544860886,
    "residual_kurtosis": 21.236261461756502
  },
  "test": {
    "RMSE": 38558.00190738217,
    "MAE": 22096.630988266472,
    "MAPE_pct": 8.073507291350829,
    "R2": 0.9011131114079016,
    "residual_skew": -1.458098493438632,
    "residual_kurtosis": 38.43998308154088
  },
  "log_target": true
}