{
  "train": {
    "RMSE": 27231.122051344817,
    "MAE": 16387.98681247379,
    "MAPE_pct": 6.1355229376694576,
    "R2": 0.9503069878628349,
    "residual_skew": 1.2540109921131632,
    "residual_kurtosis": 30.418241080062515
  },
  "test": {
    "RMSE": 39112.260287120145,
    "MAE": 21803.324426874886,
    "MAPE_pct": 7.9792426029688555,
    "R2": 0.898249746418867,
    "residual_skew": -0.7629562813854164,
    "residual_kurtosis": 34.23230960762614
  },
  "log_target": true
}