{
  "train": {
    "RMSE": 26116.407882605683,
    "MAE": 15818.176470937437,
    "MAPE_pct": 5.810937257141615,
    "R2": 0.9542921141260098,
    "residual_skew": 2.8211266662427765,
    "residual_kurtosis": 29.724185820844006
  },
  "test": {
    "RMSE": 35277.13600418774,
    "MAE": 20848.141169150695,
    "MAPE_pct": 7.681613270383571,
    "R2": 0.9172255487642337,
    "residual_skew": 1.4417005046219655,
    "residual_kurtosis": 13.416122781173756
  },
  "log_target": true
}