{
  "train": {
    "RMSE": 27154.82126471925,
    "MAE": 18159.238127632972,
    "MAPE_pct": 6.914332817832852,
    "R2": 0.9505850743780895,
    "residual_skew": 0.8909660667627264,
    "residual_kurtosis": 11.269567208441252
  },
  "test": {
    "RMSE": 35743.561592521975,
    "MAE": 20862.027406130546,
    "MAPE_pct": 7.781005077468893,
    "R2": 0.915022231825778,
    "residual_skew": -1.781424241453105,
    "residual_kurtosis": 36.95150747237495
  },
  "log_target": true
}