{
  "train": {
    "RMSE": 26760.66822617246,
    "MAE": 16757.909638719066,
    "MAPE_pct": 6.226703778385283,
    "R2": 0.9520091815718017,
    "residual_skew": 2.0519014238428626,
    "residual_kurtosis": 21.279088021646324
  },
  "test": {
    "RMSE": 36990.491293653504,
    "MAE": 21382.496834211935,
    "MAPE_pct": 7.786042225685966,
    "R2": 0.9089898415795884,
    "residual_skew": 0.7690796688962016,
    "residual_kurtosis": 19.26957527310985
  },
  "log_target": true
}