{
  "train": {
    "RMSE": 16425.60937804177,
    "MAE": 10709.597242586411,
    "MAPE_pct": 4.008878186170088,
    "R2": 0.9819196334877858,
    "residual_skew": 1.3213633421176225,
    "residual_kurtosis": 15.462246398687679
  },
  "test": {
    "RMSE": 32232.300989721196,
    "MAE": 20130.378779478553,
    "MAPE_pct": 7.535769380371665,
    "R2": 0.9308977336524553,
    "residual_skew": 0.2583247744653775,
    "residual_kurtosis": 12.549205238114302
  },
  "log_target": true
}