{
  "train": {
    "RMSE": 22970.48713253347,
    "MAE": 15135.65529221646,
    "MAPE_pct": 5.671200267208454,
    "R2": 0.9646406185237211,
    "residual_skew": 1.385700738893248,
    "residual_kurtosis": 13.021056469371
  },
  "test": {
    "RMSE": 35204.57044509186,
    "MAE": 20217.701356221838,
    "MAPE_pct": 7.495675993761246,
    "R2": 0.9175657349136207,
    "residual_skew": -0.5049861610680502,
    "residual_kurtosis": 25.589746107616563
  },
  "log_target": true
}