{
  "train": {
    "RMSE": 30909.852996382575,
    "MAE": 19959.68897268295,
    "MAPE_pct": 7.562770543720407,
    "R2": 0.9359737408550596,
    "residual_skew": 1.1277505672289052,
    "residual_kurtosis": 16.162105278544914
  },
  "test": {
    "RMSE": 38914.93352620925,
    "MAE": 21754.363513195043,
    "MAPE_pct": 7.935881617310946,
    "R2": 0.8992738447220591,
    "residual_skew": -1.513446172086608,
    "residual_kurtosis": 41.999516361721525
  },
  "log_target": true
}