{
  "train": {
    "RMSE": 25533.035617576945,
    "MAE": 17013.915905573824,
    "MAPE_pct": 6.430971225543226,
    "R2": 0.9563112970892752,
    "residual_skew": 1.1127246844449128,
    "residual_kurtosis": 11.675376756658874
  },
  "test": {
    "RMSE": 33549.05454443065,
    "MAE": 20057.2256711314,
    "MAPE_pct": 7.585853101192427,
    "R2": 0.9251364800934797,
    "residual_skew": -0.8285993261850545,
    "residual_kurtosis": 24.539016222089465
  },
  "log_target": true
}