{
  "train": {
    "RMSE": 34456.56131187205,
    "MAE": 20921.59874965822,
    "MAPE_pct": 7.89354641019642,
    "R2": 0.9204375558452483,
    "residual_skew": 0.4859065420763442,
    "residual_kurtosis": 32.65127164527216
  },
  "test": {
    "RMSE": 41142.83339615492,
    "MAE": 22379.30730287436,
    "MAPE_pct": 8.116825699980737,
    "R2": 0.8874104546186942,
    "residual_skew": -1.9861560556286915,
    "residual_kurtosis": 49.3650723900266
  },
  "log_target": true
}