{
  "train": {
    "RMSE": 32454.869099229563,
    "MAE": 20286.625693703205,
    "MAPE_pct": 7.665938830094518,
    "R2": 0.9294131222149348,
    "residual_skew": 0.23260146666236292,
    "residual_kurtosis": 26.714870474187656
  },
  "test": {
    "RMSE": 40709.23386823537,
    "MAE": 22245.543444547,
    "MAPE_pct": 8.108015579983467,
    "R2": 0.8897710857193297,
    "residual_skew": -2.566343741212547,
    "residual_kurtosis": 53.94308830676042
  },
  "log_target": true
}