{
  "train": {
    "RMSE": 35685.89448173035,
    "MAE": 21230.322663892883,
    "MAPE_pct": 8.022657302121699,
    "R2": 0.9146590598598199,
    "residual_skew": 0.8576817806448016,
    "residual_kurtosis": 35.22908831181894
  },
  "test": {
    "RMSE": 42229.09813584062,
    "MAE": 23145.764204005427,
    "MAPE_pct": 8.363186401586445,
    "R2": 0.8813867285065339,
    "residual_skew": -1.2103783950601852,
    "residual_kurtosis": 42.14434483859912
  },
  "log_target": true
}