{
  "train": {
    "RMSE": 21591.514230003133,
    "MAE": 14373.160714232223,
    "MAPE_pct": 5.457550743728918,
    "R2": 0.9687586026538872,
    "residual_skew": 0.950507539504233,
    "residual_kurtosis": 12.258823419734373
  },
  "test": {
    "RMSE": 35528.436031605284,
    "MAE": 20265.075328777308,
    "MAPE_pct": 7.546659621369746,
    "R2": 0.9160420450012344,
    "residual_skew": -1.9435483909563243,
    "residual_kurtosis": 38.78240966416702
  },
  "log_target": true
}