{
  "train": {
    "RMSE": 23138.094599296586,
    "MAE": 15483.564596774844,
    "MAPE_pct": 5.836136711098648,
    "R2": 0.9641227263181076,
    "residual_skew": 1.068712113427703,
    "residual_kurtosis": 11.735913429831193
  },
  "test": {
    "RMSE": 34872.90913558496,
    "MAE": 20548.944220742393,
    "MAPE_pct": 7.661354976811495,
    "R2": 0.9191116404624621,
    "residual_skew": -0.1042810365757696,
    "residual_kurtosis": 20.62851604661629
  },
  "log_target": true
}