{
  "train": {
    "RMSE": 42860.0071472174,
    "MAE": 25112.423132920467,
    "MAPE_pct": 9.406534231447369,
    "R2": 0.8768969743841475,
    "residual_skew": 2.8326276957085432,
    "residual_kurtosis": 28.62267404923525
  },
  "test": {
    "RMSE": 45519.322397005984,
    "MAE": 25871.966016154183,
    "MAPE_pct": 9.253678229742308,
    "R2": 0.8621834898338978,
    "residual_skew": 1.2444884708428858,
    "residual_kurtosis": 19.37919866716711
  },
  "log_target": true
}