{
  "train": {
    "RMSE": 22276.220824080887,
    "MAE": 14988.08551429583,
    "MAPE_pct": 5.610939997871582,
    "R2": 0.9667457407930526,
    "residual_skew": 1.0867179257401396,
    "residual_kurtosis": 11.080200794798095
  },
  "test": {
    "RMSE": 33998.35115864695,
    "MAE": 19756.68292547889,
    "MAPE_pct": 7.387338000030609,
    "R2": 0.9231178744134936,
    "residual_skew": -0.4211627967203106,
    "residual_kurtosis": 26.9416005659877
  },
  "log_target": true
}