{
  "train": {
    "RMSE": 23515.8181364078,
    "MAE": 15473.192745924602,
    "MAPE_pct": 5.8367489246349535,
    "R2": 0.9629417902977601,
    "residual_skew": 1.2412489875760824,
    "residual_kurtosis": 16.791133549715063
  },
  "test": {
    "RMSE": 35442.509703171025,
    "MAE": 20747.96834870106,
    "MAPE_pct": 7.703975350665882,
    "R2": 0.916447662347168,
    "residual_skew": -0.3681828381305884,
    "residual_kurtosis": 25.080385695237588
  },
  "log_target": true
}