{
  "train": {
    "RMSE": 33398.50697522515,
    "MAE": 20014.594679395726,
    "MAPE_pct": 7.502092127699314,
    "R2": 0.9252487680486733,
    "residual_skew": 1.8661948928884167,
    "residual_kurtosis": 30.760443041528504
  },
  "test": {
    "RMSE": 39020.30951425943,
    "MAE": 22048.2350419797,
    "MAPE_pct": 7.943533876676173,
    "R2": 0.8987276025514067,
    "residual_skew": 0.09402458621010043,
    "residual_kurtosis": 26.974795532790978
  },
  "log_target": true
}