{
  "train": {
    "RMSE": 23829.16455592761,
    "MAE": 15635.80210511334,
    "MAPE_pct": 5.893677965454662,
    "R2": 0.9619476150469057,
    "residual_skew": 1.0446576845056919,
    "residual_kurtosis": 13.82459025589452
  },
  "test": {
    "RMSE": 34009.11394474875,
    "MAE": 20117.464433831392,
    "MAPE_pct": 7.538083001292498,
    "R2": 0.923069189885033,
    "residual_skew": -0.5063501488175951,
    "residual_kurtosis": 24.370018422886993
  },
  "log_target": true
}