{
  "train": {
    "RMSE": 42548.54321274311,
    "MAE": 24923.710557742324,
    "MAPE_pct": 9.382608222305395,
    "R2": 0.8786796542723473,
    "residual_skew": 2.5749903001808088,
    "residual_kurtosis": 29.612361057912295
  },
  "test": {
    "RMSE": 45175.806887631625,
    "MAE": 25613.268102651797,
    "MAPE_pct": 9.156673224723102,
    "R2": 0.8642557295134146,
    "residual_skew": 1.1674676443244174,
    "residual_kurtosis": 20.619720533331922
  },
  "log_target": true
}