{
  "train": {
    "RMSE": 42132.29995807689,
    "MAE": 24884.84956950098,
    "MAPE_pct": 9.41402435644281,
    "R2": 0.8810417453069108,
    "residual_skew": 2.4322647652295184,
    "residual_kurtosis": 30.043519147937808
  },
  "test": {
    "RMSE": 44205.919682594016,
    "MAE": 25381.014349145473,
    "MAPE_pct": 9.107820930054562,
    "R2": 0.8700217959366888,
    "residual_skew": 0.8464569616791209,
    "residual_kurtosis": 20.745813495827143
  },
  "log_target": true
}