{
  "train": {
    "RMSE": 29310.20351149197,
    "MAE": 18370.23718774241,
    "MAPE_pct": 6.960314109647952,
    "R2": 0.9424292460961766,
    "residual_skew": 1.0554289393542546,
    "residual_kurtosis": 24.44216458309934
  },
  "test": {
    "RMSE": 36862.6655744698,
    "MAE": 20942.84727125408,
    "MAPE_pct": 7.692974362789544,
    "R2": 0.909617750973302,
    "residual_skew": -1.6617621627881567,
    "residual_kurtosis": 42.0553072434811
  },
  "log_target": true
}