{
  "train": {
    "RMSE": 24798.881847994617,
    "MAE": 16397.665812525152,
    "MAPE_pct": 6.205068704475604,
    "R2": 0.9587875486238965,
    "residual_skew": 1.087614355677852,
    "residual_kurtosis": 14.285793371178471
  },
  "test": {
    "RMSE": 34603.10101516643,
    "MAE": 20161.524129488003,
    "MAPE_pct": 7.500725441849716,
    "R2": 0.9203584483981417,
    "residual_skew": -1.4827903264609055,
    "residual_kurtosis": 33.62941618536733
  },
  "log_target": true
}