{
  "train": {
    "RMSE": 30507.007750869645,
    "MAE": 18729.479760641338,
    "MAPE_pct": 7.121591917278169,
    "R2": 0.9376317621548496,
    "residual_skew": 0.5117122163068588,
    "residual_kurtosis": 30.611898376255333
  },
  "test": {
    "RMSE": 38279.78816681373,
    "MAE": 21243.879183918503,
    "MAPE_pct": 7.755795843488822,
    "R2": 0.9025349919541742,
    "residual_skew": -1.8623697933988312,
    "residual_kurtosis": 45.01579082624034
  },
  "log_target": true
}