{
  "train": {
    "RMSE": 23322.537779184637,
    "MAE": 15541.735259276602,
    "MAPE_pct": 5.870398476233187,
    "R2": 0.9635484618223089,
    "residual_skew": 1.1674449383746786,
    "residual_kurtosis": 13.744842568387444
  },
  "test": {
    "RMSE": 33377.34982396661,
    "MAE": 19806.136961073713,
    "MAPE_pct": 7.43381766638878,
    "R2": 0.9259008250412668,
    "residual_skew": -1.1243656691702997,
    "residual_kurtosis": 26.235342514191338
  },
  "log_target": true
}