{
  "train": {
    "RMSE": 24037.306087791083,
    "MAE": 15968.60988149569,
    "MAPE_pct": 6.09857527163211,
    "R2": 0.9612799565167003,
    "residual_skew": 0.757210079787741,
    "residual_kurtosis": 12.176082169297924
  },
  "test": {
    "RMSE": 34752.23747163704,
    "MAE": 20427.403722434625,
    "MAPE_pct": 7.530715473165187,
    "R2": 0.9196704722417292,
    "residual_skew": -0.8732293741426553,
    "residual_kurtosis": 27.189882867459936
  },
  "log_target": true
}