{
  "R2": {
    "mean": 0.9317583696746239,
    "sd": 0.0018729407584980142
  },
  "RMSE": {
    "mean": 31543.118049810797,
    "sd": 386.42387248559515
  },
  "MAE": {
    "mean": 19556.423516306524,
    "sd": 111.18401931594057
  },
  "MAPE": {
    "mean": 7.757385120993497,
    "sd": 0.05293629044746028
  },
  "n_splits": 10,
  "repeats": 10,
  "seed_base": 42,
  "one_hot": false
}