{
  "train": {
    "RMSE": 37739.681622047174,
    "MAE": 22858.658444076038,
    "MAPE_pct": 8.589641817450833,
    "R2": 0.9045533449612864,
    "residual_skew": 1.0261171604071697,
    "residual_kurtosis": 29.320548019263676
  },
  "test": {
    "RMSE": 44186.49775525551,
    "MAE": 24586.049575979327,
    "MAPE_pct": 8.833179620450835,
    "R2": 0.8701359830273709,
    "residual_skew": -0.7725198081405379,
    "residual_kurtosis": 35.79358315496561
  },
  "log_target": true
}