{
  "train": {
    "RMSE": 34753.67832451005,
    "MAE": 20915.154739122052,
    "MAPE_pct": 7.893947934256648,
    "R2": 0.9190595149005547,
    "residual_skew": 1.0106661664147565,
    "residual_kurtosis": 32.348986483888154
  },
  "test": {
    "RMSE": 40565.381992730865,
    "MAE": 22475.00855930926,
    "MAPE_pct": 8.15768091376924,
    "R2": 0.8905487284656644,
    "residual_skew": -1.6448157728913353,
    "residual_kurtosis": 44.21187476587733
  },
  "log_target": true
}