{
  "train": {
    "RMSE": 23403.759202763475,
    "MAE": 15654.535304631068,
    "MAPE_pct": 5.966018283830188,
    "R2": 0.9632941326306425,
    "residual_skew": 0.9646168646114123,
    "residual_kurtosis": 11.934790960758033
  },
  "test": {
    "RMSE": 34116.88290336028,
    "MAE": 20115.67627203214,
    "MAPE_pct": 7.488170953109307,
    "R2": 0.9225808567116783,
    "residual_skew": -0.841422218043431,
    "residual_kurtosis": 27.12830438655316
  },
  "log_target": true
}