{
  "train": {
    "RMSE": 36346.97051492126,
    "MAE": 21984.491188065884,
    "MAPE_pct": 8.31951027225211,
    "R2": 0.9114679162442312,
    "residual_skew": 0.9887491695579849,
    "residual_kurtosis": 29.452365191973918
  },
  "test": {
    "RMSE": 42113.74960553016,
    "MAE": 23546.945897832717,
    "MAPE_pct": 8.50787197211242,
    "R2": 0.8820338264165867,
    "residual_skew": -1.349520281075097,
    "residual_kurtosis": 41.270729528511765
  },
  "log_target": true
}