{
  "train": {
    "RMSE": 46162.25897812969,
    "MAE": 26734.6784821503,
    "MAPE_pct": 10.091839741523719,
    "R2": 0.8571966633098145,
    "residual_skew": 3.206618196693863,
    "residual_kurtosis": 31.09512597423072
  },
  "test": {
    "RMSE": 46825.298793775284,
    "MAE": 26850.935342023706,
    "MAPE_pct": 9.583893550166952,
    "R2": 0.8541619710768039,
    "residual_skew": 1.9445753783672801,
    "residual_kurtosis": 16.76700112413029
  },
  "log_target": true
}