{
  "train": {
    "RMSE": 20758.542379169226,
    "MAE": 13603.069085916408,
    "MAPE_pct": 5.063575096193415,
    "R2": 0.9711226086257189,
    "residual_skew": 1.6566462670336022,
    "residual_kurtosis": 14.358723520640936
  },
  "test": {
    "RMSE": 36318.568257597704,
    "MAE": 20760.534209856392,
    "MAPE_pct": 7.65985542906191,
    "R2": 0.9122661656321697,
    "residual_skew": -0.1612434450721612,
    "residual_kurtosis": 24.49442799896577
  },
  "log_target": true
}