{
  "train": {
    "RMSE": 34077.72266713085,
    "MAE": 20486.40329647319,
    "MAPE_pct": 7.727601306976941,
    "R2": 0.9221774643178455,
    "residual_skew": 0.3836785891119887,
    "residual_kurtosis": 33.86057454894609
  },
  "test": {
    "RMSE": 41922.948552629074,
    "MAE": 22621.752647508096,
    "MAPE_pct": 8.169229477707603,
    "R2": 0.8831003228778227,
    "residual_skew": -1.9583406307356004,
    "residual_kurtosis": 51.145731132924375
  },
  "log_target": true
}