{
  "train": {
    "RMSE": 22027.180436927803,
    "MAE": 15107.241520340638,
    "MAPE_pct": 5.663618529534485,
    "R2": 0.9674851265848932,
    "residual_skew": 0.8346411136107078,
    "residual_kurtosis": 8.452403074528245
  },
  "test": {
    "RMSE": 33187.75007912059,
    "MAE": 19643.48458827667,
    "MAPE_pct": 7.4361499490777705,
    "R2": 0.926740273445878,
    "residual_skew": -1.1559594696241404,
    "residual_kurtosis": 26.311990010178683
  },
  "log_target": true
}