{
  "train": {
    "RMSE": 35678.31898098435,
    "MAE": 21706.449408121214,
    "MAPE_pct": 8.233516514948834,
    "R2": 0.914695288837383,
    "residual_skew": 0.5046164430110408,
    "residual_kurtosis": 30.062720196128446
  },
  "test": {
    "RMSE": 42682.743490542496,
    "MAE": 23576.99633678994,
    "MAPE_pct": 8.578473444182693,
    "R2": 0.8788246383984185,
    "residual_skew": -2.0324069609851843,
    "residual_kurtosis": 48.357169423044986
  },
  "log_target": true
}