{
  "train": {
    "RMSE": 6050.36812036316,
    "MAE": 4153.208372838237,
    "MAPE_pct": 1.5398262718462663,
    "R2": 0.9975468288590322,
    "residual_skew": 1.0479133485949992,
    "residual_kurtosis": 8.365296051336689
  },
  "test": {
    "RMSE": 33266.526755479834,
    "MAE": 19975.511430740145,
    "MAPE_pct": 7.453864822961805,
    "R2": 0.9263920722475852,
    "residual_skew": 0.24122800159712457,
    "residual_kurtosis": 18.992443602059048
  },
  "log_target": true
}