{
  "train": {
    "RMSE": 23135.471017024127,
    "MAE": 15458.356020419622,
    "MAPE_pct": 5.82811101528599,
    "R2": 0.964130861961462,
    "residual_skew": 1.0291094136067218,
    "residual_kurtosis": 12.734586703573498
  },
  "test": {
    "RMSE": 33641.89652345155,
    "MAE": 19985.52676802897,
    "MAPE_pct": 7.480347816322724,
    "R2": 0.924721559634996,
    "residual_skew": -0.7005032135068406,
    "residual_kurtosis": 23.375783422923604
  },
  "log_target": true
}