{
  "train": {
    "RMSE": 28712.39252213909,
    "MAE": 18396.451121382266,
    "MAPE_pct": 7.041494220991422,
    "R2": 0.9447537233413156,
    "residual_skew": 0.5225290600689294,
    "residual_kurtosis": 21.444411809546075
  },
  "test": {
    "RMSE": 37286.8337785354,
    "MAE": 21069.843860065845,
    "MAPE_pct": 7.742609677371001,
    "R2": 0.9075257783113723,
    "residual_skew": -1.9141494795492966,
    "residual_kurtosis": 42.66825549971636
  },
  "log_target": true
}