{
  "train": {
    "RMSE": 28583.416570717334,
    "MAE": 17930.386058331085,
    "MAPE_pct": 6.772408119075609,
    "R2": 0.9452489406843322,
    "residual_skew": 1.308424328122888,
    "residual_kurtosis": 22.69019350829701
  },
  "test": {
    "RMSE": 35673.829347939005,
    "MAE": 20926.076991348782,
    "MAPE_pct": 7.677284639523192,
    "R2": 0.9153534752735528,
    "residual_skew": -0.6760404644670923,
    "residual_kurtosis": 27.531187710779193
  },
  "log_target": true
}