{
  "train": {
    "RMSE": 24049.11246436021,
    "MAE": 15986.609157716048,
    "MAPE_pct": 6.008849196968416,
    "R2": 0.9612419110152806,
    "residual_skew": 1.0715876002717928,
    "residual_kurtosis": 11.58500238467214
  },
  "test": {
    "RMSE": 33065.563372050885,
    "MAE": 20029.525280405232,
    "MAPE_pct": 7.484494510970685,
    "R2": 0.9272787183053613,
    "residual_skew": -0.7660076944944404,
    "residual_kurtosis": 22.19247176041266
  },
  "log_target": true
}