{
  "train": {
    "RMSE": 25290.15328195583,
    "MAE": 16545.54286189733,
    "MAPE_pct": 6.23350289789571,
    "R2": 0.9571385191174085,
    "residual_skew": 1.31082910240251,
    "residual_kurtosis": 14.612768442220183
  },
  "test": {
    "RMSE": 34632.63081001867,
    "MAE": 20117.700203827942,
    "MAPE_pct": 7.383897961460533,
    "R2": 0.9202224604602237,
    "residual_skew": -0.6592092503886462,
    "residual_kurtosis": 26.87862650437441
  },
  "log_target": true
}