{
  "train": {
    "RMSE": 31410.38640565507,
    "MAE": 18872.060438347642,
    "MAPE_pct": 7.15196665985635,
    "R2": 0.9338833551220561,
    "residual_skew": 0.4133866081612411,
    "residual_kurtosis": 38.45423295648376
  },
  "test": {
    "RMSE": 38898.97724359507,
    "MAE": 21042.593683702256,
    "MAPE_pct": 7.685016453566523,
    "R2": 0.8993564292391903,
    "residual_skew": -2.5001718515570257,
    "residual_kurtosis": 54.37300382572334
  },
  "log_target": true
}