{
  "train": {
    "RMSE": 17622.14508445129,
    "MAE": 11812.644106445372,
    "MAPE_pct": 4.4886307381813655,
    "R2": 0.9791895345478125,
    "residual_skew": 1.022972226480342,
    "residual_kurtosis": 12.719708840780779
  },
  "test": {
    "RMSE": 32907.44683701202,
    "MAE": 19621.59951935044,
    "MAPE_pct": 7.347922080010624,
    "R2": 0.927972548603228,
    "residual_skew": -0.23544632805711174,
    "residual_kurtosis": 21.783069815602445
  },
  "log_target": true
}