{
  "train": {
    "RMSE": 51149.80407977496,
    "MAE": 29523.18422874975,
    "MAPE_pct": 11.18087271107152,
    "R2": 0.824671628898081,
    "residual_skew": 3.50851012699724,
    "residual_kurtosis": 30.107285034910547
  },
  "test": {
    "RMSE": 50979.46314692752,
    "MAE": 29222.09422394669,
    "MAPE_pct": 10.393840337777858,
    "R2": 0.8271377399592594,
    "residual_skew": 2.554398271195433,
    "residual_kurtosis": 15.60747659099919
  },
  "log_target": true
}