{
  "train": {
    "RMSE": 21994.924990660274,
    "MAE": 14538.808132985001,
    "MAPE_pct": 5.445005608370592,
    "R2": 0.9675802830090099,
    "residual_skew": 1.1178907819922266,
    "residual_kurtosis": 11.869412185181769
  },
  "test": {
    "RMSE": 35416.74063724569,
    "MAE": 20298.878825278643,
    "MAPE_pct": 7.549627521914577,
    "R2": 0.9165691144116019,
    "residual_skew": -1.7090117915272902,
    "residual_kurtosis": 36.962445574946656
  },
  "log_target": true
}