{
  "train": {
    "RMSE": 24632.884966306214,
    "MAE": 16476.13704188698,
    "MAPE_pct": 6.291039735712895,
    "R2": 0.9593374316475934,
    "residual_skew": 0.752585050579517,
    "residual_kurtosis": 11.025039972557003
  },
  "test": {
    "RMSE": 35928.3664212239,
    "MAE": 20518.1677544473,
    "MAPE_pct": 7.648154342311623,
    "R2": 0.9141412396055424,
    "residual_skew": -2.3013434467895895,
    "residual_kurtosis": 44.538022035946945
  },
  "log_target": true
}