{
  "train": {
    "RMSE": 35913.28224825583,
    "MAE": 22132.71961113318,
    "MAPE_pct": 8.321247525054751,
    "R2": 0.9135680231248016,
    "residual_skew": 1.4552639352130996,
    "residual_kurtosis": 23.72331001135959
  },
  "test": {
    "RMSE": 42256.57058433219,
    "MAE": 23320.835940644516,
    "MAPE_pct": 8.447995246354326,
    "R2": 0.8812323488447621,
    "residual_skew": -0.9597742826635268,
    "residual_kurtosis": 38.71443111817273
  },
  "log_target": true
}