{
  "train": {
    "RMSE": 20369.33070363749,
    "MAE": 13608.889486640086,
    "MAPE_pct": 5.133151423790264,
    "R2": 0.9721953285799478,
    "residual_skew": 1.1095853120340529,
    "residual_kurtosis": 11.807086231871867
  },
  "test": {
    "RMSE": 35801.65133535214,
    "MAE": 20547.39261268754,
    "MAPE_pct": 7.623803186124313,
    "R2": 0.9147457989411563,
    "residual_skew": -1.9678120225699425,
    "residual_kurtosis": 40.21862570733123
  },
  "log_target": true
}