{
  "train": {
    "RMSE": 33841.795113360866,
    "MAE": 20364.357416964634,
    "MAPE_pct": 7.631939358654238,
    "R2": 0.92325129920008,
    "residual_skew": 2.193202273537877,
    "residual_kurtosis": 29.491312450697315
  },
  "test": {
    "RMSE": 39311.92973105046,
    "MAE": 22403.98640706782,
    "MAPE_pct": 8.076340828597948,
    "R2": 0.8972082175270053,
    "residual_skew": 0.38493762281849814,
    "residual_kurtosis": 24.63022201365815
  },
  "log_target": true
}