{
  "train": {
    "RMSE": 37637.97423717376,
    "MAE": 22176.244679032774,
    "MAPE_pct": 8.34477126283911,
    "R2": 0.9050671038679435,
    "residual_skew": 1.6656958113075624,
    "residual_kurtosis": 32.20497075409136
  },
  "test": {
    "RMSE": 41854.51303152513,
    "MAE": 23785.58333124286,
    "MAPE_pct": 8.601219425477002,
    "R2": 0.8834816682209008,
    "residual_skew": -0.19724356508232704,
    "residual_kurtosis": 28.40589479537278
  },
  "log_target": true
}