{
  "train": {
    "RMSE": 22630.343059063925,
    "MAE": 15435.856709712709,
    "MAPE_pct": 5.835484800322931,
    "R2": 0.9656800596753106,
    "residual_skew": 0.8383755013505126,
    "residual_kurtosis": 8.749057278531932
  },
  "test": {
    "RMSE": 33609.422787318545,
    "MAE": 19879.082316458895,
    "MAPE_pct": 7.435554403692546,
    "R2": 0.9248668185304341,
    "residual_skew": -0.7169440240352892,
    "residual_kurtosis": 24.40674328005477
  },
  "log_target": true
}