{
  "train": {
    "RMSE": 24866.964812545604,
    "MAE": 16336.936833186599,
    "MAPE_pct": 6.247602162814444,
    "R2": 0.9585609482874892,
    "residual_skew": 0.8647729462145439,
    "residual_kurtosis": 14.59219250253717
  },
  "test": {
    "RMSE": 34845.392150636646,
    "MAE": 20234.759007093795,
    "MAPE_pct": 7.501275297358162,
    "R2": 0.9192392424133942,
    "residual_skew": -1.1738965161989485,
    "residual_kurtosis": 31.984889063701686
  },
  "log_target": true
}