presupuesto,n_casas,pid_unicos,objective_mean,objective_max,roi_usd_mean,roi_pct_mean,costo_medio,total_cost_mean,precio_base_mean,precio_opt_mean,mejor_pid_roi,mejor_neighborhood,roi_usd_top
15000.0,2,2,64476.325,67424.53,64476.5,501.5,13050.0,13050.0,199522.0,277048.0,903454080,IDOTRR,67425.0
40000.0,2,2,67907.20999999999,74051.04,67907.0,371.0,18400.0,18400.0,199522.0,285829.0,903454080,IDOTRR,74051.0
75000.0,2,2,67907.20999999999,74051.04,67907.0,371.0,18400.0,18400.0,199522.0,285829.0,903454080,IDOTRR,74051.0
200000.0,2,2,67907.20999999999,74051.04,67907.0,371.0,18400.0,18400.0,199522.0,285829.0,903454080,IDOTRR,74051.0
