presupuesto,n_casas,pid_unicos,objective_mean,objective_max,roi_usd_mean,roi_pct_mean,costo_medio,total_cost_mean,precio_base_mean,precio_opt_mean,mejor_pid_roi,mejor_neighborhood,roi_usd_top
15000.0,2,2,69573.89,78992.81,69574.0,1744.5,6574.72,6574.5,205194.5,281343.5,527425060,No aplicames,78993.0
40000.0,2,2,69573.89,78992.81,69574.0,1744.5,6574.720000000001,6574.5,205194.5,281343.5,527425060,No aplicames,78993.0
75000.0,2,2,69573.89,78992.81,69574.0,1744.5,6574.720000000001,6574.5,205194.5,281343.5,527425060,No aplicames,78993.0
200000.0,2,2,69573.89,78992.81,69574.0,1744.5,6574.720000000001,6574.5,205194.5,281343.5,527425060,No aplicames,78993.0
