{
  "train": {
    "RMSE": 25474.37870995095,
    "MAE": 15927.448237487042,
    "MAPE_pct": 6.030769386308585,
    "R2": 0.9565117981714637,
    "residual_skew": 1.0789282643488807,
    "residual_kurtosis": 21.662938816132332
  },
  "test": {
    "RMSE": 35148.68685535309,
    "MAE": 19924.92904491201,
    "MAPE_pct": 7.347513032319829,
    "R2": 0.917827238817577,
    "residual_skew": -0.8385708629317318,
    "residual_kurtosis": 32.632307608089405
  },
  "log_target": true
}