{
  "train": {
    "RMSE": 49194.06555907059,
    "MAE": 28551.507949650124,
    "MAPE_pct": 10.777047470361452,
    "R2": 0.8378228440775235,
    "residual_skew": 3.3975766239669407,
    "residual_kurtosis": 30.37501704275349
  },
  "test": {
    "RMSE": 49668.93688490291,
    "MAE": 28903.5481359893,
    "MAPE_pct": 10.300654641341248,
    "R2": 0.8359110257172918,
    "residual_skew": 2.254891721246497,
    "residual_kurtosis": 14.711790412963724
  },
  "log_target": true
}