{
  "train": {
    "RMSE": 30699.80511543266,
    "MAE": 19161.300517453466,
    "MAPE_pct": 7.169940796974314,
    "R2": 0.9368409649827626,
    "residual_skew": 1.672638063816639,
    "residual_kurtosis": 21.776750538656433
  },
  "test": {
    "RMSE": 38879.24627217587,
    "MAE": 21851.89519186524,
    "MAPE_pct": 7.963109362708262,
    "R2": 0.8994585034799634,
    "residual_skew": -0.2982419903064526,
    "residual_kurtosis": 28.501463418569152
  },
  "log_target": true
}