{
  "train": {
    "RMSE": 37758.963409455086,
    "MAE": 22509.973203813075,
    "MAPE_pct": 8.468815500780849,
    "R2": 0.9044557896999813,
    "residual_skew": 1.7821621953625808,
    "residual_kurtosis": 30.553141417964177
  },
  "test": {
    "RMSE": 41918.13357044204,
    "MAE": 23587.952721687718,
    "MAPE_pct": 8.467422056138801,
    "R2": 0.8831271739252208,
    "residual_skew": 0.06714184006148313,
    "residual_kurtosis": 27.163429724413355
  },
  "log_target": true
}