{
  "train": {
    "RMSE": 29323.01311686142,
    "MAE": 17350.945987449035,
    "MAPE_pct": 6.505204968520381,
    "R2": 0.9423789141504487,
    "residual_skew": 1.0693625153684498,
    "residual_kurtosis": 35.29218236170246
  },
  "test": {
    "RMSE": 37650.11666092958,
    "MAE": 21090.576559112327,
    "MAPE_pct": 7.728433065454129,
    "R2": 0.9057150611338285,
    "residual_skew": -1.0131676509640215,
    "residual_kurtosis": 35.681262883202415
  },
  "log_target": true
}