{
  "train": {
    "RMSE": 36832.801286197384,
    "MAE": 22379.421953299676,
    "MAPE_pct": 8.478814472176902,
    "R2": 0.9090853755995076,
    "residual_skew": 0.6701708355253688,
    "residual_kurtosis": 31.409690471487103
  },
  "test": {
    "RMSE": 42351.25477134181,
    "MAE": 23358.796145576052,
    "MAPE_pct": 8.406372329737948,
    "R2": 0.8806995078154559,
    "residual_skew": -1.635038719145319,
    "residual_kurtosis": 47.5465875808781
  },
  "log_target": true
}