{
  "train": {
    "RMSE": 34378.93388291041,
    "MAE": 21576.829364345744,
    "MAPE_pct": 8.165301361282836,
    "R2": 0.9207956455972756,
    "residual_skew": 1.094765403768988,
    "residual_kurtosis": 20.368946811367415
  },
  "test": {
    "RMSE": 41090.67528460581,
    "MAE": 22624.59699265674,
    "MAPE_pct": 8.23170767779882,
    "R2": 0.887695740547228,
    "residual_skew": -1.3920192919621008,
    "residual_kurtosis": 43.86696031549496
  },
  "log_target": true
}