{
  "train": {
    "RMSE": 29335.23732463978,
    "MAE": 18215.139961885543,
    "MAPE_pct": 6.888460800633037,
    "R2": 0.9423308618617757,
    "residual_skew": 1.0481488343418102,
    "residual_kurtosis": 25.94257437658378
  },
  "test": {
    "RMSE": 35514.48688417559,
    "MAE": 20894.47659888357,
    "MAPE_pct": 7.697670793179329,
    "R2": 0.9161079590755108,
    "residual_skew": -0.8213341323198945,
    "residual_kurtosis": 30.52418630655668
  },
  "log_target": true
}