{
  "train": {
    "RMSE": 22130.03696567242,
    "MAE": 14174.180783059594,
    "MAPE_pct": 5.324071169075769,
    "R2": 0.9671807594119076,
    "residual_skew": 1.3094731462638716,
    "residual_kurtosis": 18.55160402083916
  },
  "test": {
    "RMSE": 34084.529865450684,
    "MAE": 20124.375298900544,
    "MAPE_pct": 7.4433108709555675,
    "R2": 0.9227276202281645,
    "residual_skew": -0.8100169433972574,
    "residual_kurtosis": 25.950504865728725
  },
  "log_target": true
}