{
  "train": {
    "RMSE": 40078.59719270024,
    "MAE": 23906.876981438578,
    "MAPE_pct": 9.042788349222887,
    "R2": 0.8923561373867877,
    "residual_skew": 1.8990942400464041,
    "residual_kurtosis": 28.50628634750276
  },
  "test": {
    "RMSE": 44215.38863892134,
    "MAE": 25129.606172847187,
    "MAPE_pct": 9.11524620946238,
    "R2": 0.8699661070261779,
    "residual_skew": 0.20332704089741327,
    "residual_kurtosis": 26.66226497751851
  },
  "log_target": true
}