{
  "train": {
    "RMSE": 23522.144711428457,
    "MAE": 16132.40278403704,
    "MAPE_pct": 6.111819919603361,
    "R2": 0.9629218477144086,
    "residual_skew": 0.8231643887007584,
    "residual_kurtosis": 8.966194792411809
  },
  "test": {
    "RMSE": 34738.744976947055,
    "MAE": 19954.93685853914,
    "MAPE_pct": 7.462623317429666,
    "R2": 0.9197328357270742,
    "residual_skew": -1.3206766764774631,
    "residual_kurtosis": 33.245163519195344
  },
  "log_target": true
}