{
  "train": {
    "RMSE": 28388.467416198702,
    "MAE": 18370.524441169346,
    "MAPE_pct": 7.020086727782543,
    "R2": 0.9459932375431661,
    "residual_skew": 0.49889034873599336,
    "residual_kurtosis": 18.31102785593188
  },
  "test": {
    "RMSE": 36284.470675555574,
    "MAE": 20847.78155998131,
    "MAPE_pct": 7.661047547248248,
    "R2": 0.9124308256103955,
    "residual_skew": -1.3136585653796236,
    "residual_kurtosis": 36.02080233157279
  },
  "log_target": true
}