{
  "train": {
    "RMSE": 23408.11700383959,
    "MAE": 15139.849652534771,
    "MAPE_pct": 5.719379484711634,
    "R2": 0.9632804620267884,
    "residual_skew": 1.0358066054929436,
    "residual_kurtosis": 15.337857372913533
  },
  "test": {
    "RMSE": 38444.39533058797,
    "MAE": 21710.65447906482,
    "MAPE_pct": 8.054422631382764,
    "R2": 0.9016949699186121,
    "residual_skew": -1.0596099675996404,
    "residual_kurtosis": 33.11973172720461
  },
  "log_target": true
}