{
  "train": {
    "RMSE": 23415.156041393042,
    "MAE": 15476.257509882651,
    "MAPE_pct": 5.842226814320728,
    "R2": 0.9632583748961671,
    "residual_skew": 1.2316614888389057,
    "residual_kurtosis": 13.238337112293252
  },
  "test": {
    "RMSE": 33475.64619158963,
    "MAE": 19941.933533311603,
    "MAPE_pct": 7.383566867270829,
    "R2": 0.9254637379143921,
    "residual_skew": -0.24824576241373603,
    "residual_kurtosis": 22.703254432193845
  },
  "log_target": true
}