pid,budget,base_real,base_xgb,base_reg,diff_base_abs,diff_base_pct,opt_xgb,opt_reg,diff_opt_abs,diff_opt_pct
908275130,90000.0,194003.0,182767.0,179238.0,-3529.0,-1.9308737354117538,223433.0,179238.0,-44195.0,-19.77997878558673
534151090,90000.0,290918.0,295118.0,313185.0,18067.0,6.121957996462432,394271.0,314426.0,-79845.0,-20.251299233268487
