pid,budget,base_real,base_xgb,base_reg,diff_base_abs,diff_base_pct,opt_xgb,opt_reg,diff_opt_abs,diff_opt_pct
533205110,80000.0,330272.0,287102.0,325208.0,38106.0,13.272634812714646,445350.0,332315.0,-113035.0,-25.38116088469743
534476150,80000.0,249062.0,237204.0,261250.0,24046.0,10.137265813392691,296347.0,261250.0,-35097.0,-11.843210830546623
902105110,80000.0,203719.0,184301.0,171305.0,-12996.0,-7.05150813072094,226127.0,171305.0,-54822.0,-24.243898340313187
