budget,n,base_xgb_mean,base_reg_mean,opt_xgb_mean,opt_reg_mean,base_avg_abs,base_min_abs,base_max_abs,base_avg_pct,base_min_pct,base_max_pct,base_reg_gt_xgb_share,opt_avg_abs,opt_min_abs,opt_max_abs,opt_avg_pct,opt_min_pct,opt_max_pct,opt_reg_gt_xgb_share
18000.0,100,244077.18181818182,255182.41414141413,309679.9191919192,258612.05050505052,11105.232323232323,-29925.0,81313.0,3.7814589987491765,-19.227433065402185,22.79834354186021,0.68,-51067.868686868685,-249240.0,7408.0,-16.27699454889134,-39.0185691833052,2.0767744955944236,0.01
50000.0,100,244435.12,255782.87,325475.12,260226.18,11347.75,-29925.0,81313.0,3.869977612273303,-19.227433065402185,22.79834354186021,0.69,-65248.94,-287285.0,-9824.0,-18.763266304731356,-39.0185691833052,-4.621471212242382,0.0
80000.0,3,236202.33333333334,252587.66666666666,322608.0,254956.66666666666,16385.333333333332,-12996.0,38106.0,5.452797498462132,-7.05150813072094,13.272634812714646,0.6666666666666666,-67651.33333333333,-113035.0,-35097.0,-20.489423351852412,-25.38116088469743,-11.843210830546624,0.0
90000.0,2,238942.5,246211.5,308852.0,246832.0,7269.0,-3529.0,18067.0,2.095542130525339,-1.9308737354117536,6.121957996462432,0.5,-62020.0,-79845.0,-44195.0,-20.01563900942761,-20.251299233268487,-19.77997878558673,0.0
120000.0,100,244435.12,255782.87,334196.1,261056.66,11347.75,-29925.0,81313.0,3.869977612273303,-19.227433065402185,22.79834354186021,0.69,-73139.44,-310038.0,-9824.0,-19.9126288086709,-39.0185691833052,-4.621471212242382,0.0
