budget,n,roi_xgb_pct_mean,roi_reg_pct_mean,roi_xgb_usd_mean,roi_reg_usd_mean
18000,99,13934.96733417667,3377.171764413513,57532.43434343435,6464.565656565656
50000,100,13221.252649296963,3191.737039435991,62892.41,-2356.53
120000,100,13194.282113856372,3182.5714043084668,64797.51,-8341.93
