budget,roi_xgb_pct_weighted,roi_reg_pct_weighted
18000,712.8906328226694,80.10313407429659
50000,346.5606727945694,-12.985360590579795
120000,259.56932269432093,-33.416548260317974
