{
  "train": {
    "RMSE": 24745.425774128005,
    "MAE": 16475.831908488126,
    "MAPE_pct": 6.29082730786711,
    "R2": 0.958965030933177,
    "residual_skew": 0.9883153754471734,
    "residual_kurtosis": 12.567007618572845
  },
  "test": {
    "RMSE": 35636.08017275803,
    "MAE": 20771.308403935167,
    "MAPE_pct": 7.729602947837605,
    "R2": 0.9155325222631924,
    "residual_skew": -0.9506666773761494,
    "residual_kurtosis": 30.456836850103684
  },
  "log_target": true
}