{
  "train": {
    "RMSE": 35313.5277532749,
    "MAE": 21489.90778637835,
    "MAPE_pct": 8.054425718716566,
    "R2": 0.9164307588296013,
    "residual_skew": 1.8792447640866998,
    "residual_kurtosis": 26.133002783497542
  },
  "test": {
    "RMSE": 41238.86158332915,
    "MAE": 23758.83788104249,
    "MAPE_pct": 8.619591923210281,
    "R2": 0.8868842688173427,
    "residual_skew": 0.2968163674154146,
    "residual_kurtosis": 22.291943573970237
  },
  "log_target": true
}