{
  "train": {
    "RMSE": 22391.901472032594,
    "MAE": 14635.45436549644,
    "MAPE_pct": 5.472358113180801,
    "R2": 0.96639946458114,
    "residual_skew": 1.5442121691691117,
    "residual_kurtosis": 15.9932604124612
  },
  "test": {
    "RMSE": 34759.63746822196,
    "MAE": 19962.188178446948,
    "MAPE_pct": 7.3801290343185695,
    "R2": 0.9196362585298687,
    "residual_skew": -0.3079488320019158,
    "residual_kurtosis": 26.28023960792421
  },
  "log_target": true
}