{
  "train": {
    "RMSE": 42547.15827360167,
    "MAE": 25007.588257983884,
    "MAPE_pct": 9.419229529521282,
    "R2": 0.8786875520074164,
    "residual_skew": 2.5011098893439767,
    "residual_kurtosis": 29.281833153958857
  },
  "test": {
    "RMSE": 45166.07131436886,
    "MAE": 25551.15698432225,
    "MAPE_pct": 9.149342866461225,
    "R2": 0.8643142301128193,
    "residual_skew": 1.1526024011289981,
    "residual_kurtosis": 21.230486059922114
  },
  "log_target": true
}