{
  "train": {
    "RMSE": 33419.39100393446,
    "MAE": 20293.496694626683,
    "MAPE_pct": 7.677791785964559,
    "R2": 0.9251552551887121,
    "residual_skew": -0.15299664157106144,
    "residual_kurtosis": 37.794029823962425
  },
  "test": {
    "RMSE": 41429.07796974369,
    "MAE": 22462.291648467108,
    "MAPE_pct": 8.155208857214296,
    "R2": 0.885838357862935,
    "residual_skew": -2.731405917740781,
    "residual_kurtosis": 59.05623891445422
  },
  "log_target": true
}