{
  "train": {
    "RMSE": 42964.11404509398,
    "MAE": 25311.690964461843,
    "MAPE_pct": 9.495366531171864,
    "R2": 0.8762982139153387,
    "residual_skew": 2.6755921654631174,
    "residual_kurtosis": 29.030658457816635
  },
  "test": {
    "RMSE": 45645.565379696185,
    "MAE": 26350.49812412965,
    "MAPE_pct": 9.467481443599562,
    "R2": 0.8614179910238398,
    "residual_skew": 1.1422172271695172,
    "residual_kurtosis": 18.77378418948286
  },
  "log_target": true
}