{
  "train": {
    "RMSE": 34174.8430290182,
    "MAE": 21149.19476884278,
    "MAPE_pct": 7.9244916901796385,
    "R2": 0.9217332490078685,
    "residual_skew": 1.7611177163654772,
    "residual_kurtosis": 21.883284489380696
  },
  "test": {
    "RMSE": 41093.57615044733,
    "MAE": 23200.300727270922,
    "MAPE_pct": 8.396152294663239,
    "R2": 0.8876798833685698,
    "residual_skew": -0.08488989508209231,
    "residual_kurtosis": 29.39837092303692
  },
  "log_target": true
}