{
  "train": {
    "RMSE": 34906.65351668541,
    "MAE": 21419.02242369867,
    "MAPE_pct": 8.07471312192945,
    "R2": 0.9183453955599636,
    "residual_skew": 0.796958942108505,
    "residual_kurtosis": 26.63422215277211
  },
  "test": {
    "RMSE": 42436.666742800226,
    "MAE": 23453.050498814806,
    "MAPE_pct": 8.468910553528227,
    "R2": 0.8802178236090807,
    "residual_skew": -1.4284385535164386,
    "residual_kurtosis": 42.063518391768184
  },
  "log_target": true
}