{
  "train": {
    "RMSE": 22581.327209801133,
    "MAE": 14974.852326618131,
    "MAPE_pct": 5.6629834621028365,
    "R2": 0.965828568182379,
    "residual_skew": 1.1297040792964064,
    "residual_kurtosis": 14.67940821297038
  },
  "test": {
    "RMSE": 34562.01004589105,
    "MAE": 20613.368519333384,
    "MAPE_pct": 7.671865287969563,
    "R2": 0.9205474837960305,
    "residual_skew": -0.18869850454263679,
    "residual_kurtosis": 19.888276634952824
  },
  "log_target": true
}