{
  "train": {
    "RMSE": 22083.716966057054,
    "MAE": 14360.02819208755,
    "MAPE_pct": 5.361550138752297,
    "R2": 0.9673180024065691,
    "residual_skew": 1.4542749610804615,
    "residual_kurtosis": 14.083906965333782
  },
  "test": {
    "RMSE": 34248.77197225526,
    "MAE": 19879.551282332763,
    "MAPE_pct": 7.373824113583753,
    "R2": 0.9219811257754005,
    "residual_skew": -0.6419349772516896,
    "residual_kurtosis": 27.323907422639195
  },
  "log_target": true
}