{
  "train": {
    "RMSE": 46052.54327930868,
    "MAE": 26681.322259947498,
    "MAPE_pct": 10.067105660965337,
    "R2": 0.8578746695044028,
    "residual_skew": 3.2691950493723443,
    "residual_kurtosis": 31.983678674181043
  },
  "test": {
    "RMSE": 46849.38713983963,
    "MAE": 26950.508174944778,
    "MAPE_pct": 9.6447393835679,
    "R2": 0.8540118855206474,
    "residual_skew": 1.9359283568424652,
    "residual_kurtosis": 16.375304013247238
  },
  "log_target": true
}