{
  "train": {
    "RMSE": 30117.25272054387,
    "MAE": 19156.792085121295,
    "MAPE_pct": 7.260856334589158,
    "R2": 0.9392152051451212,
    "residual_skew": 0.670964461619266,
    "residual_kurtosis": 19.934103519471098
  },
  "test": {
    "RMSE": 39553.95794705258,
    "MAE": 21816.547421961164,
    "MAPE_pct": 7.940216922312679,
    "R2": 0.8959386235107242,
    "residual_skew": -1.741145401224486,
    "residual_kurtosis": 45.430718324402655
  },
  "log_target": true
}