{
  "train": {
    "RMSE": 30506.3261423446,
    "MAE": 18729.0801756563,
    "MAPE_pct": 7.0070424721309195,
    "R2": 0.9376345490717477,
    "residual_skew": 1.551328680003906,
    "residual_kurtosis": 26.526727930094083
  },
  "test": {
    "RMSE": 38824.94264136654,
    "MAE": 21627.0884747142,
    "MAPE_pct": 7.852716113049124,
    "R2": 0.8997391650633342,
    "residual_skew": -0.6312453342477153,
    "residual_kurtosis": 34.6255776893138
  },
  "log_target": true
}