{
  "train": {
    "RMSE": 12083.182780610694,
    "MAE": 8058.59512424905,
    "MAPE_pct": 3.039804663255331,
    "R2": 0.9902157635623121,
    "residual_skew": 0.7288771445421041,
    "residual_kurtosis": 14.423221601479352
  },
  "test": {
    "RMSE": 35248.73698917435,
    "MAE": 20488.956229154348,
    "MAPE_pct": 7.556003408980128,
    "R2": 0.9173587663072046,
    "residual_skew": -0.09077994791730928,
    "residual_kurtosis": 20.507294570434297
  },
  "log_target": true
}