{
  "train": {
    "RMSE": 22210.376926657096,
    "MAE": 14835.208761065831,
    "MAPE_pct": 5.569278065015922,
    "R2": 0.9669420356728669,
    "residual_skew": 1.1443757309637996,
    "residual_kurtosis": 11.289179387730044
  },
  "test": {
    "RMSE": 34375.56112037735,
    "MAE": 20278.4320330535,
    "MAPE_pct": 7.552705261045525,
    "R2": 0.9214024039088399,
    "residual_skew": -0.7422456271553207,
    "residual_kurtosis": 25.710830000947595
  },
  "log_target": true
}