{
  "train": {
    "RMSE": 28103.305976778156,
    "MAE": 17251.821163409404,
    "MAPE_pct": 6.45519493475053,
    "R2": 0.9470727813131762,
    "residual_skew": 1.62586499553746,
    "residual_kurtosis": 27.08971129559841
  },
  "test": {
    "RMSE": 36501.40100778479,
    "MAE": 20882.292864501527,
    "MAPE_pct": 7.5891170568265816,
    "R2": 0.9113806134559258,
    "residual_skew": -1.0245627953748682,
    "residual_kurtosis": 33.04532971471505
  },
  "log_target": true
}