{
  "train": {
    "RMSE": 24654.512940329878,
    "MAE": 15619.316550267107,
    "MAPE_pct": 5.781153871247204,
    "R2": 0.9592659958367465,
    "residual_skew": 1.7721403104947324,
    "residual_kurtosis": 19.21692813697107
  },
  "test": {
    "RMSE": 36366.095384314634,
    "MAE": 20753.492954807072,
    "MAPE_pct": 7.604418636523354,
    "R2": 0.9120363952662266,
    "residual_skew": -0.3166219901704563,
    "residual_kurtosis": 25.415886834422643
  },
  "log_target": true
}