{
  "train": {
    "RMSE": 23779.931142680827,
    "MAE": 16052.57306038585,
    "MAPE_pct": 6.09078280946314,
    "R2": 0.9621046925998079,
    "residual_skew": 0.963696332228635,
    "residual_kurtosis": 10.517796112863316
  },
  "test": {
    "RMSE": 32985.2895524714,
    "MAE": 19891.400856686287,
    "MAPE_pct": 7.453416583177738,
    "R2": 0.9276313830365226,
    "residual_skew": -0.4398764514095804,
    "residual_kurtosis": 20.1275814146177
  },
  "log_target": true
}