{
  "train": {
    "RMSE": 23011.035530655554,
    "MAE": 15342.238295822586,
    "MAPE_pct": 5.799293345548677,
    "R2": 0.9645156728280381,
    "residual_skew": 1.0839991254478547,
    "residual_kurtosis": 12.430664047662667
  },
  "test": {
    "RMSE": 34573.81747135853,
    "MAE": 20288.11265472524,
    "MAPE_pct": 7.590530081283566,
    "R2": 0.920493187769339,
    "residual_skew": -0.7284128492191755,
    "residual_kurtosis": 26.526491716996176
  },
  "log_target": true
}