{
  "train": {
    "RMSE": 36145.4064204029,
    "MAE": 21821.76024728926,
    "MAPE_pct": 8.162675915756882,
    "R2": 0.9124471125373842,
    "residual_skew": 1.779933036782187,
    "residual_kurtosis": 27.32489338793927
  },
  "test": {
    "RMSE": 41756.5813016474,
    "MAE": 23440.20757554843,
    "MAPE_pct": 8.417548159862207,
    "R2": 0.8840262925087305,
    "residual_skew": -0.2180321503212377,
    "residual_kurtosis": 31.492266635213703
  },
  "log_target": true
}