{
  "train": {
    "RMSE": 38705.04634541412,
    "MAE": 22662.283497921344,
    "MAPE_pct": 8.549502025146166,
    "R2": 0.8996079245945742,
    "residual_skew": 2.0951421730492408,
    "residual_kurtosis": 34.35158638458464
  },
  "test": {
    "RMSE": 41675.585869952054,
    "MAE": 23172.281864285276,
    "MAPE_pct": 8.31120924098689,
    "R2": 0.8844757656245017,
    "residual_skew": 0.246595924337298,
    "residual_kurtosis": 29.59924799348412
  },
  "log_target": true
}