{
  "train": {
    "RMSE": 24912.741788564552,
    "MAE": 15641.272788754377,
    "MAPE_pct": 5.807765645471423,
    "R2": 0.9584082396220832,
    "residual_skew": 1.740313774777705,
    "residual_kurtosis": 20.211924685543874
  },
  "test": {
    "RMSE": 35304.01233488392,
    "MAE": 20500.078841438073,
    "MAPE_pct": 7.573073962076066,
    "R2": 0.9170993752011573,
    "residual_skew": 0.010954957721863442,
    "residual_kurtosis": 22.151353083983963
  },
  "log_target": true
}