{
  "train": {
    "RMSE": 36387.07735245815,
    "MAE": 21778.88741140699,
    "MAPE_pct": 8.189324860435509,
    "R2": 0.9112724280991865,
    "residual_skew": 1.8359141725662402,
    "residual_kurtosis": 28.930492496360113
  },
  "test": {
    "RMSE": 40925.931687032855,
    "MAE": 22958.69584024178,
    "MAPE_pct": 8.26032772273485,
    "R2": 0.8885944514606327,
    "residual_skew": -0.27184955380764564,
    "residual_kurtosis": 31.662527829910104
  },
  "log_target": true
}