{
  "train": {
    "RMSE": 23960.69221841874,
    "MAE": 16297.389695107497,
    "MAPE_pct": 6.175147075074983,
    "R2": 0.9615263871946429,
    "residual_skew": 0.940712414367777,
    "residual_kurtosis": 10.193177701833772
  },
  "test": {
    "RMSE": 32680.764281116804,
    "MAE": 19735.367246922167,
    "MAPE_pct": 7.418257752888034,
    "R2": 0.92896145129276,
    "residual_skew": -0.9172426563508386,
    "residual_kurtosis": 22.999868888066736
  },
  "log_target": true
}