{
  "train": {
    "RMSE": 36459.9301850682,
    "MAE": 21982.964662330247,
    "MAPE_pct": 8.329001632185573,
    "R2": 0.9109167784313498,
    "residual_skew": 0.47497485908970893,
    "residual_kurtosis": 33.56610940449435
  },
  "test": {
    "RMSE": 43502.839039519706,
    "MAE": 24078.545284682514,
    "MAPE_pct": 8.691337077616888,
    "R2": 0.8741234381813264,
    "residual_skew": -1.3391159433999302,
    "residual_kurtosis": 40.3754772310922
  },
  "log_target": true
}