{
  "train": {
    "RMSE": 26793.532806028677,
    "MAE": 16857.099407600726,
    "MAPE_pct": 6.3715464362657706,
    "R2": 0.9518912348491007,
    "residual_skew": 0.8135062034373697,
    "residual_kurtosis": 21.26049715190141
  },
  "test": {
    "RMSE": 39477.35291690238,
    "MAE": 21403.921134387987,
    "MAPE_pct": 7.836330168684631,
    "R2": 0.8963413091525747,
    "residual_skew": -1.6864423253378833,
    "residual_kurtosis": 44.61217921823891
  },
  "log_target": true
}