{
  "train": {
    "RMSE": 23526.619396731825,
    "MAE": 16030.432695622027,
    "MAPE_pct": 6.07314409756604,
    "R2": 0.9629077394053063,
    "residual_skew": 0.8601760351832866,
    "residual_kurtosis": 8.926476660276343
  },
  "test": {
    "RMSE": 35502.042118981015,
    "MAE": 20666.25702726837,
    "MAPE_pct": 7.616184702899136,
    "R2": 0.9161667426268814,
    "residual_skew": -0.43946988099317646,
    "residual_kurtosis": 23.580474217857038
  },
  "log_target": true
}