{
  "train": {
    "RMSE": 30284.218071677755,
    "MAE": 18559.392086204414,
    "MAPE_pct": 7.021854992945309,
    "R2": 0.9385393741308109,
    "residual_skew": 0.863979934329528,
    "residual_kurtosis": 28.868737119463724
  },
  "test": {
    "RMSE": 37448.581347478634,
    "MAE": 21052.464433530182,
    "MAPE_pct": 7.715615017702982,
    "R2": 0.9067217452916935,
    "residual_skew": -1.4234572104362226,
    "residual_kurtosis": 39.33725886735094
  },
  "log_target": true
}