{
  "train": {
    "RMSE": 47317.25009950705,
    "MAE": 27556.586496221942,
    "MAPE_pct": 10.425433956334091,
    "R2": 0.8499613170881735,
    "residual_skew": 3.2763586700331646,
    "residual_kurtosis": 30.710763873991837
  },
  "test": {
    "RMSE": 47274.18584578291,
    "MAE": 27201.640952165184,
    "MAPE_pct": 9.759305699455219,
    "R2": 0.8513524390005155,
    "residual_skew": 2.0037931470133263,
    "residual_kurtosis": 15.624153215339485
  },
  "log_target": true
}