{
  "train": {
    "RMSE": 22095.39983832471,
    "MAE": 14951.870486708218,
    "MAPE_pct": 5.628811807686636,
    "R2": 0.9672834139719977,
    "residual_skew": 1.0520512071426922,
    "residual_kurtosis": 10.70115630805233
  },
  "test": {
    "RMSE": 33988.42663402227,
    "MAE": 20307.758129981758,
    "MAPE_pct": 7.554573599828217,
    "R2": 0.9231627534829466,
    "residual_skew": -0.8467297164436182,
    "residual_kurtosis": 23.050230603479733
  },
  "log_target": true
}