{
  "train": {
    "RMSE": 38080.69874700902,
    "MAE": 22292.263351605467,
    "MAPE_pct": 8.424794373241424,
    "R2": 0.9028206329086668,
    "residual_skew": 1.9043102609508717,
    "residual_kurtosis": 32.976522106489746
  },
  "test": {
    "RMSE": 41819.819905336306,
    "MAE": 23648.468159201962,
    "MAPE_pct": 8.530222831528372,
    "R2": 0.8836747518112885,
    "residual_skew": -0.15303805096939763,
    "residual_kurtosis": 29.752573231090317
  },
  "log_target": true
}