{
  "train": {
    "RMSE": 23525.835517370037,
    "MAE": 16123.851557685495,
    "MAPE_pct": 6.129322726385728,
    "R2": 0.9629102111053568,
    "residual_skew": 0.9417496696961967,
    "residual_kurtosis": 9.923731884783393
  },
  "test": {
    "RMSE": 33728.18215802807,
    "MAE": 20552.04797428603,
    "MAPE_pct": 7.711534751523665,
    "R2": 0.924334912119953,
    "residual_skew": -0.8309791249570007,
    "residual_kurtosis": 19.909145061498485
  },
  "log_target": true
}