{
  "train": {
    "RMSE": 36889.04129805965,
    "MAE": 22584.007600046712,
    "MAPE_pct": 8.560369005420753,
    "R2": 0.9088075285215431,
    "residual_skew": 0.7504777685502433,
    "residual_kurtosis": 27.856153509129697
  },
  "test": {
    "RMSE": 42119.637418867525,
    "MAE": 22829.977353170005,
    "MAPE_pct": 8.241064598986437,
    "R2": 0.8820008390255709,
    "residual_skew": -1.6437060002532475,
    "residual_kurtosis": 48.31917358005561
  },
  "log_target": true
}