{
  "train": {
    "RMSE": 24061.00891756417,
    "MAE": 15269.050232993617,
    "MAPE_pct": 5.741458979385224,
    "R2": 0.961203556349554,
    "residual_skew": 1.4189054511397985,
    "residual_kurtosis": 18.85393894122819
  },
  "test": {
    "RMSE": 36732.08814006493,
    "MAE": 20324.713748557242,
    "MAPE_pct": 7.445532117617384,
    "R2": 0.9102569331537675,
    "residual_skew": -1.4790402841871884,
    "residual_kurtosis": 39.79004581537788
  },
  "log_target": true
}