{
  "train": {
    "RMSE": 36966.99073270978,
    "MAE": 21827.36299194564,
    "MAPE_pct": 8.214291165683186,
    "R2": 0.9084217276630513,
    "residual_skew": 1.2631306334464125,
    "residual_kurtosis": 33.195462867886704
  },
  "test": {
    "RMSE": 42416.78933107484,
    "MAE": 23207.2576350774,
    "MAPE_pct": 8.330751129879657,
    "R2": 0.8803300097064952,
    "residual_skew": -0.6906178886599919,
    "residual_kurtosis": 37.64654067741241
  },
  "log_target": true
}