{
  "train": {
    "RMSE": 23024.32884324925,
    "MAE": 15031.384889171733,
    "MAPE_pct": 5.643098369676062,
    "R2": 0.9644746628958469,
    "residual_skew": 1.5292890442552616,
    "residual_kurtosis": 14.56223845622111
  },
  "test": {
    "RMSE": 35531.48376474607,
    "MAE": 20511.4156949445,
    "MAPE_pct": 7.540547404746503,
    "R2": 0.9160276400656057,
    "residual_skew": -0.02725176637530261,
    "residual_kurtosis": 23.29049084440051
  },
  "log_target": true
}