{
  "train": {
    "RMSE": 23269.611076389934,
    "MAE": 15843.88457378795,
    "MAPE_pct": 5.938505962712009,
    "R2": 0.9637137157646837,
    "residual_skew": 0.8412922746181297,
    "residual_kurtosis": 8.836164334710627
  },
  "test": {
    "RMSE": 33109.79008595718,
    "MAE": 20106.12971978265,
    "MAPE_pct": 7.557935325597153,
    "R2": 0.9270840520776849,
    "residual_skew": -0.7120474039552283,
    "residual_kurtosis": 20.147758249880972
  },
  "log_target": true
}