{
  "train": {
    "RMSE": 22966.53635044534,
    "MAE": 15622.6330931329,
    "MAPE_pct": 5.884411836655542,
    "R2": 0.9646527806687072,
    "residual_skew": 0.9462983915580561,
    "residual_kurtosis": 9.279708294677622
  },
  "test": {
    "RMSE": 32298.829668830076,
    "MAE": 19674.650111066,
    "MAPE_pct": 7.39518014571388,
    "R2": 0.9306121799163554,
    "residual_skew": -0.6187363570773817,
    "residual_kurtosis": 20.97482788618518
  },
  "log_target": true
}