{
  "train": {
    "RMSE": 27391.770708684504,
    "MAE": 16540.118485359246,
    "MAPE_pct": 6.153672135928981,
    "R2": 0.949718935437973,
    "residual_skew": 2.0202445974901804,
    "residual_kurtosis": 30.853331931180897
  },
  "test": {
    "RMSE": 35692.84741114914,
    "MAE": 20227.613095818222,
    "MAPE_pct": 7.441525174578592,
    "R2": 0.9152631994556425,
    "residual_skew": -0.37499288915075124,
    "residual_kurtosis": 28.298614844266503
  },
  "log_target": true
}