{
  "train": {
    "RMSE": 24768.61319947301,
    "MAE": 16353.60027933876,
    "MAPE_pct": 6.241179426460768,
    "R2": 0.9588880921821945,
    "residual_skew": 0.7552775870864502,
    "residual_kurtosis": 13.380002487135116
  },
  "test": {
    "RMSE": 34645.38326328031,
    "MAE": 20172.561534294346,
    "MAPE_pct": 7.4950763114128796,
    "R2": 0.9201636981527166,
    "residual_skew": -1.055068154538463,
    "residual_kurtosis": 31.225890603947917
  },
  "log_target": true
}