{
  "train": {
    "RMSE": 34912.210007384274,
    "MAE": 21206.026026217252,
    "MAPE_pct": 7.972623712316136,
    "R2": 0.9183193976990562,
    "residual_skew": 0.9376589688234178,
    "residual_kurtosis": 29.618767439903536
  },
  "test": {
    "RMSE": 41475.16163023218,
    "MAE": 22979.282749566333,
    "MAPE_pct": 8.34651637770126,
    "R2": 0.8855842410616096,
    "residual_skew": -1.5780199580902698,
    "residual_kurtosis": 45.16404283316219
  },
  "log_target": true
}