{
  "train": {
    "RMSE": 33405.11297665537,
    "MAE": 20198.46302068678,
    "MAPE_pct": 7.545191198019177,
    "R2": 0.9252191945362176,
    "residual_skew": 2.596451052436068,
    "residual_kurtosis": 28.33053937141547
  },
  "test": {
    "RMSE": 38667.6209441981,
    "MAE": 22640.47686285056,
    "MAPE_pct": 8.20054934438579,
    "R2": 0.9005500483003817,
    "residual_skew": 1.1208531307220313,
    "residual_kurtosis": 16.560443632452824
  },
  "log_target": true
}