{
  "train": {
    "RMSE": 27763.63743247561,
    "MAE": 16708.930888846637,
    "MAPE_pct": 6.1647133336811475,
    "R2": 0.9483444515000297,
    "residual_skew": 2.6932435986056227,
    "residual_kurtosis": 30.368865461276037
  },
  "test": {
    "RMSE": 35960.32058755188,
    "MAE": 20628.476282269094,
    "MAPE_pct": 7.531507521240134,
    "R2": 0.9139884486262516,
    "residual_skew": 1.0731354644250133,
    "residual_kurtosis": 19.2962702845316
  },
  "log_target": true
}