{
  "train": {
    "RMSE": 21161.343810968545,
    "MAE": 14484.154132859156,
    "MAPE_pct": 5.471167410961658,
    "R2": 0.9699910544558252,
    "residual_skew": 0.9286084679693531,
    "residual_kurtosis": 10.171494418913806
  },
  "test": {
    "RMSE": 36600.45596553267,
    "MAE": 21086.42490162278,
    "MAPE_pct": 7.812441498935546,
    "R2": 0.9108989826052412,
    "residual_skew": -0.7817219550875767,
    "residual_kurtosis": 26.394656452022446
  },
  "log_target": true
}