{
  "train": {
    "RMSE": 14800.563283183666,
    "MAE": 9793.29330833112,
    "MAPE_pct": 3.622718394614842,
    "R2": 0.9853201797693324,
    "residual_skew": 1.5686067023419865,
    "residual_kurtosis": 14.796079213600095
  },
  "test": {
    "RMSE": 36188.51254792888,
    "MAE": 21155.47206151913,
    "MAPE_pct": 7.875730566229226,
    "R2": 0.912893385078862,
    "residual_skew": -0.5862179557785875,
    "residual_kurtosis": 23.534872277604073
  },
  "log_target": true
}