{
  "train": {
    "RMSE": 13139.861451004397,
    "MAE": 9259.527237133465,
    "MAPE_pct": 3.4901773646828747,
    "R2": 0.9884296680001927,
    "residual_skew": 0.7731542226458444,
    "residual_kurtosis": 7.392878644306475
  },
  "test": {
    "RMSE": 31183.127523147985,
    "MAE": 19180.28841506956,
    "MAPE_pct": 7.3411602229604185,
    "R2": 0.935323127233809,
    "residual_skew": -0.70865517000095,
    "residual_kurtosis": 18.234605555801707
  },
  "log_target": true
}