{
  "train": {
    "RMSE": 41947.300293684384,
    "MAE": 24388.861744124122,
    "MAPE_pct": 9.192569502508103,
    "R2": 0.882084124725085,
    "residual_skew": 2.681943771847219,
    "residual_kurtosis": 32.96775963516055
  },
  "test": {
    "RMSE": 43726.12623254689,
    "MAE": 24757.41972301205,
    "MAPE_pct": 8.806410969380044,
    "R2": 0.8728279477596103,
    "residual_skew": 1.2710119340153552,
    "residual_kurtosis": 21.83294344017662
  },
  "log_target": true
}